CREATE DATABASE  IF NOT EXISTS `gufcweb_player` /*!40100 DEFAULT CHARACTER SET latin1 */;
USE `gufcweb_player`;
-- MySQL dump 10.13  Distrib 5.6.23, for Win64 (x86_64)
--
-- Host: localhost    Database: gufcweb_player
-- ------------------------------------------------------
-- Server version	5.6.25-log

/*!40101 SET @OLD_CHARACTER_SET_CLIENT=@@CHARACTER_SET_CLIENT */;
/*!40101 SET @OLD_CHARACTER_SET_RESULTS=@@CHARACTER_SET_RESULTS */;
/*!40101 SET @OLD_COLLATION_CONNECTION=@@COLLATION_CONNECTION */;
/*!40101 SET NAMES utf8 */;
/*!40103 SET @OLD_TIME_ZONE=@@TIME_ZONE */;
/*!40103 SET TIME_ZONE='+00:00' */;
/*!40014 SET @OLD_UNIQUE_CHECKS=@@UNIQUE_CHECKS, UNIQUE_CHECKS=0 */;
/*!40014 SET @OLD_FOREIGN_KEY_CHECKS=@@FOREIGN_KEY_CHECKS, FOREIGN_KEY_CHECKS=0 */;
/*!40101 SET @OLD_SQL_MODE=@@SQL_MODE, SQL_MODE='NO_AUTO_VALUE_ON_ZERO' */;
/*!40111 SET @OLD_SQL_NOTES=@@SQL_NOTES, SQL_NOTES=0 */;

--
-- Table structure for table `agegroup`
--

DROP TABLE IF EXISTS `agegroup`;
/*!40101 SET @saved_cs_client     = @@character_set_client */;
/*!40101 SET character_set_client = utf8 */;
CREATE TABLE `agegroup` (
  `idagegroup` varchar(45) NOT NULL,
  `description` varchar(100) DEFAULT NULL,
  `showindropdown` varchar(1) DEFAULT NULL,
  PRIMARY KEY (`idagegroup`)
) ENGINE=InnoDB DEFAULT CHARSET=latin1 COMMENT='age group. stores age group and division (U16DIV2, U10DIV1, etc)';
/*!40101 SET character_set_client = @saved_cs_client */;

--
-- Dumping data for table `agegroup`
--

LOCK TABLES `agegroup` WRITE;
/*!40000 ALTER TABLE `agegroup` DISABLE KEYS */;
INSERT INTO `agegroup` VALUES ('Girls MiniRoos','Girls MiniRoos','Y'),('Girls U10 White','Girls U10 White','N'),('Girls U11 White','Girls U11 White',NULL),('Girls U12 Division 2','Girls U12 Division 2',NULL),('Girls U13 Division 1','Girls U13 Division 1',NULL),('Girls U14 Division 1','Girls U14 Division 1',NULL),('Girls U14 Division 2','Girls U14 Division 2',NULL),('Girls U16 Division 2','Girls U16 Division 2',NULL),('Girls U18 Division 1','Girls U18 Division 1',NULL),('MDIV9','MDIV9',NULL),('Mens Division 4','Mens Division 4',NULL),('Mens Division 7','Mens Division 7',NULL),('Mens Division 8','Mens Division 8',NULL),('MiniRoos Girl U11 White','MiniRoos Girl U11 White','N'),('MiniRoos Open U10 Blue','MiniRoos Open U10 Blue','N'),('MiniRoos Open U10 Green','MiniRoos Open U10 Green','N'),('MiniRoos Open U10 Red','MiniRoos Open U10 Red','N'),('MiniRoos Open U10 White','MiniRoos Open U10 White','N'),('MiniRoos Open U10 Yellow','MiniRoos Open U10 Yellow','N'),('Miniroos Open U11 Black','Miniroos Open U11 Black','N'),('MiniRoos Open U11 Red','MiniRoos Open U11 Red','N'),('MiniRoos Open U11 White','MiniRoos Open U11 White','N'),('MiniRoos Open U11 Yellow','MiniRoos Open U11 Yellow','N'),('NPL','NPL First Grade',NULL),('Open U10 Black','Open U10 Black',NULL),('Open U10 Blue','Open U10 Blue',NULL),('Open U10 Green','Open U10 Green',NULL),('Open U10 Red','Open U10 Red',NULL),('Open U10 White','Open U10 White',NULL),('Open U10 Yellow','Open U10 Yellow',NULL),('Open U11 Black','Open U11 Black',NULL),('Open U11 Blue','Open U11 Blue',NULL),('Open U11 Green','Open U11 Green',NULL),('Open U11 Red','Open U11 Red',NULL),('Open U11 White','Open U11 White',NULL),('Open U11 Yellow','Open U11 Yellow',NULL),('Open U12 Division 1','Open U12 Division 1',NULL),('Open U12 Division 2 Gold','Open U12 Division 2 Gold',NULL),('Open U12 Division 3 Blue','Open U12 Division 3 Blue',NULL),('Open U12 Division 3 Gold','Open U12 Division 3 Gold',NULL),('Open U13 Division 1','Open U13 Division 1',NULL),('Open U13 Division 2 Gold','Open U13 Division 2 Gold',NULL),('Open U13 Division 3','Open U13 Division 3','N'),('Open U14 Division 1','Open U14 Division 1',NULL),('Open U14 Division 2 Blue','Open U14 Division 2 Blue',NULL),('Open U14 Division 3','Open U14 Division 3',NULL),('Open U15 Division 1','Open U15 Division 1','N'),('Open U15 Division 2','Open U15 Division 2','N'),('Open U15 Division 3','Open U15 Division 3',NULL),('Open U16 Division 1','Open U16 Division 1',NULL),('Open U16 Division 2','Open U16 Division 2',NULL),('Open U16 Division 2 Gold','Open U16 Division 2 Gold','N'),('Open U18 Division 1','Open U18 Division 1',''),('SEN','Seniors',NULL),('TBA','TBA',NULL),('U10','U10','N'),('U11','U11',NULL),('U12','U12',NULL),('U13','U13',NULL),('U14','U14',NULL),('U15','U15',NULL),('U16','U16',NULL),('U17','U17',NULL),('U18','U18',NULL),('U19','U19',NULL),('U20','U20',NULL),('U5','U5','Y'),('U5G','U5 Girls','N'),('U6','U6','Y'),('U7','U7','Y'),('U7B','U7B',NULL),('U8','U8','Y'),('U8A','U8A','N'),('U8B','U8B','N'),('U8C','U8C','N'),('U8D','U8D','N'),('U9','U9','Y'),('U9A','U9A','N'),('U9B','U9B','N'),('U9C','U9C','N'),('U9D','U9D','N'),('WPL','WPL',NULL);
/*!40000 ALTER TABLE `agegroup` ENABLE KEYS */;
UNLOCK TABLES;

--
-- Table structure for table `contactus`
--

DROP TABLE IF EXISTS `contactus`;
/*!40101 SET @saved_cs_client     = @@character_set_client */;
/*!40101 SET character_set_client = utf8 */;
CREATE TABLE `contactus` (
  `uid` int(11) NOT NULL AUTO_INCREMENT,
  `firstname` varchar(100) NOT NULL,
  `lastname` varchar(100) NOT NULL,
  `email` varchar(200) NOT NULL,
  `subject` varchar(100) NOT NULL,
  `message` varchar(4000) NOT NULL,
  PRIMARY KEY (`uid`)
) ENGINE=InnoDB DEFAULT CHARSET=latin1 COMMENT='store contact us informatio';
/*!40101 SET character_set_client = @saved_cs_client */;

--
-- Dumping data for table `contactus`
--

LOCK TABLES `contactus` WRITE;
/*!40000 ALTER TABLE `contactus` DISABLE KEYS */;
/*!40000 ALTER TABLE `contactus` ENABLE KEYS */;
UNLOCK TABLES;

--
-- Table structure for table `danieltest`
--

DROP TABLE IF EXISTS `danieltest`;
/*!40101 SET @saved_cs_client     = @@character_set_client */;
/*!40101 SET character_set_client = utf8 */;
CREATE TABLE `danieltest` (
  `danieltest_id` int(11) NOT NULL AUTO_INCREMENT,
  `gameid` varchar(12) DEFAULT NULL,
  `matchid` int(11) NOT NULL,
  `date` datetime DEFAULT NULL,
  `time` varchar(12) DEFAULT NULL,
  `fkfieldid` varchar(5) DEFAULT NULL,
  `fkhometeamid` varchar(25) DEFAULT NULL,
  `fkawayteamid` varchar(25) DEFAULT NULL,
  `fkagegroupid` varchar(5) DEFAULT NULL,
  `homejob` varchar(255) DEFAULT NULL,
  `referee` varchar(255) DEFAULT NULL,
  `fkroundid` int(11) NOT NULL,
  `fkgroundplaceid` varchar(12) DEFAULT NULL,
  `homescore` varchar(255) DEFAULT NULL,
  `awayscore` varchar(255) DEFAULT NULL,
  `week` int(11) NOT NULL,
  `seqnum` varchar(255) DEFAULT NULL,
  PRIMARY KEY (`danieltest_id`),
  KEY `matchid_index` (`matchid`),
  KEY `fkroundid_index` (`fkroundid`),
  KEY `week_index` (`week`)
) ENGINE=InnoDB AUTO_INCREMENT=45 DEFAULT CHARSET=latin1;
/*!40101 SET character_set_client = @saved_cs_client */;

--
-- Dumping data for table `danieltest`
--

LOCK TABLES `danieltest` WRITE;
/*!40000 ALTER TABLE `danieltest` DISABLE KEYS */;
INSERT INTO `danieltest` VALUES (1,'U800000037',37,'2016-06-04 00:00:00','09:40 AM','TBA','BELSOUTH PYTHONS','GUNGAHLIN JEDIS ','U8',NULL,NULL,6,'HAWKER',NULL,NULL,6,NULL),(2,'U800000038',38,'2016-06-04 00:00:00','09:40 AM','TBA','GUNGAHLIN BEARS ','GUNGAHLIN PENGUINS','U8',NULL,NULL,6,'HARRISON',NULL,NULL,6,NULL),(3,'U800000039',39,'2016-06-04 00:00:00','09:40 AM','TBA','GUNGAHLIN STINGRAYS ','BELSOUTH MAMBAS','U8',NULL,NULL,6,'HARRISON',NULL,NULL,6,NULL),(4,'U800000040',40,'2016-06-04 00:00:00','09:40 AM','TBA','GUNGAHLIN STRIKERS','BELWEST ALBATROSS','U8',NULL,NULL,6,'HARRISON',NULL,NULL,6,NULL),(5,'U800000041',41,'2016-06-11 00:00:00','09:40 AM','TBA','GUNGAHLIN JEDIS','GUNGAHLIN BEARS','U8',NULL,NULL,7,'HARRISON',NULL,NULL,7,NULL),(6,'U800000042',42,'2016-06-11 00:00:00','09:40 AM','TBA','BELSOUTH MAMBAS','BELSOUTH PYTHONS','U8',NULL,NULL,7,'HAWKER',NULL,NULL,7,NULL),(7,'U800000043',43,'2016-06-11 00:00:00','09:40 AM','TBA','GUNGAHLIN PENGUINS','GUNGAHLIN STINGRAYS','U8',NULL,NULL,7,'HARRISON',NULL,NULL,7,NULL),(8,'U800000044',44,'2016-06-11 00:00:00','09:40 AM','TBA','BELWEST ALBATROSS','GUNGAHLIN STRIKERS','U8',NULL,NULL,7,'LATHAM',NULL,NULL,7,NULL),(9,'U800000045',45,'2016-06-18 00:00:00','09:40 AM','TBA','GUNGAHLIN PENGUINS','GUNGAHLIN JEDIS ','U8',NULL,NULL,8,'HARRISON',NULL,NULL,8,NULL),(10,'U800000046',46,'2016-06-18 00:00:00','09:40 AM','TBA','BELSOUTH MAMBAS ','GUNGAHLIN BEARS','U8',NULL,NULL,8,'HAWKER',NULL,NULL,8,NULL),(11,'U800000047',47,'2016-06-18 00:00:00','09:40 AM','TBA','BELSOUTH PYTHONS','GUNGAHLIN STRIKERS','U8',NULL,NULL,8,'HAWKER',NULL,NULL,8,NULL),(12,'U800000048',48,'2016-06-18 00:00:00','09:40 AM','TBA','GUNGAHLIN STINGRAYS','BELWEST ALBATROSS','U8',NULL,NULL,8,'HARRISON',NULL,NULL,8,NULL),(13,'U800000049',49,'2016-06-25 00:00:00','09:40 AM','TBA','GUNGAHLIN JEDIS ','BELSOUTH MAMBAS','U8',NULL,NULL,9,'HARRISON',NULL,NULL,9,NULL),(14,'U800000050',50,'2016-06-25 00:00:00','09:40 AM','TBA','GUNGAHLIN STRIKERS ','GUNGAHLIN BEARS ','U8',NULL,NULL,9,'HARRISON',NULL,NULL,9,NULL),(15,'U800000051',51,'2016-06-25 00:00:00','09:40 AM','TBA','BELSOUTH PYTHONS','BELWEST ALBATROSS','U8',NULL,NULL,9,'HAWKER',NULL,NULL,9,NULL),(16,'U800000052',52,'2016-06-25 00:00:00','09:40 AM','TBA','GUNGAHLIN STINGRAYS ','GUNGAHLIN PENGUINS','U8',NULL,NULL,9,'HARRISON',NULL,NULL,9,NULL),(17,'U800000053',53,'2016-07-23 00:00:00','09:40 AM','TBA','GUNGAHLIN JEDIS','GUNGAHLIN STRIKERS','U8',NULL,NULL,10,'HARRISON',NULL,NULL,10,NULL),(18,'U800000054',54,'2016-07-23 00:00:00','09:40 AM','TBA','BELWEST ALBATROSS','GUNGAHLIN BEARS','U8',NULL,NULL,10,'LATHAM',NULL,NULL,10,NULL),(19,'U800000055',55,'2016-07-23 00:00:00','09:40 AM','TBA','GUNGAHLIN STINGRAYS ','BELSOUTH PYTHONS','U8',NULL,NULL,10,'HARRISON',NULL,NULL,10,NULL),(20,'U800000056',56,'2016-07-23 00:00:00','09:40 AM','TBA','GUNGAHLIN PENGUINS','BELSOUTH MAMBAS','U8',NULL,NULL,10,'HARRISON',NULL,NULL,10,NULL),(21,'U800000057',57,'2016-07-30 00:00:00','09:40 AM','TBA','BELWEST ALBATROSS','GUNGAHLIN JEDIS','U8',NULL,NULL,11,'LATHAM',NULL,NULL,11,NULL),(22,'U800000058',58,'2016-07-30 00:00:00','09:40 AM','TBA','GUNGAHLIN BEARS ','GUNGAHLIN STINGRAYS','U8',NULL,NULL,11,'HARRISON',NULL,NULL,11,NULL),(23,'U800000059',59,'2016-07-30 00:00:00','09:40 AM','TBA','BELSOUTH PYTHONS','GUNGAHLIN PENGUINS','U8',NULL,NULL,11,'HAWKER',NULL,NULL,11,NULL),(24,'U800000060',60,'2016-07-30 00:00:00','09:40 AM','TBA','GUNGAHLIN STRIKERS','BELSOUTH MAMBAS ','U8',NULL,NULL,11,'HARRISON',NULL,NULL,11,NULL),(25,'U800000061',61,'2016-08-06 00:00:00','09:40 AM','TBA','GUNGAHLIN STINGRAYS ','GUNGAHLIN JEDIS','U8',NULL,NULL,12,'HARRISON',NULL,NULL,12,NULL),(26,'U800000062',62,'2016-08-06 00:00:00','09:40 AM','TBA','GUNGAHLIN BEARS','BELSOUTH PYTHONS','U8',NULL,NULL,12,'HARRISON',NULL,NULL,12,NULL),(27,'U800000063',63,'2016-08-06 00:00:00','09:40 AM','TBA','GUNGAHLIN PENGUINS','GUNGAHLIN STRIKERS','U8',NULL,NULL,12,'HARRISON',NULL,NULL,12,NULL),(28,'U800000064',64,'2016-08-06 00:00:00','09:40 AM','TBA','BELWEST ALBATROSS','BELSOUTH MAMBAS','U8',NULL,NULL,12,'LATHAM',NULL,NULL,12,NULL),(29,'U800000065',65,'2016-08-13 00:00:00','09:40 AM','TBA','GUNGAHLIN JEDIS ','BELSOUTH PYTHONS','U8',NULL,NULL,13,'HARRISON',NULL,NULL,13,NULL),(30,'U800000066',66,'2016-08-13 00:00:00','09:40 AM','TBA','GUNGAHLIN PENGUINS','GUNGAHLIN BEARS','U8',NULL,NULL,13,'HARRISON',NULL,NULL,13,NULL),(31,'U800000067',67,'2016-08-13 00:00:00','09:40 AM','TBA','BELSOUTH MAMBAS','GUNGAHLIN STINGRAYS','U8',NULL,NULL,13,'HAWKER',NULL,NULL,13,NULL),(32,'U800000068',68,'2016-08-13 00:00:00','09:40 AM','TBA','BELWEST ALBATROSS','GUNGAHLIN STRIKERS','U8',NULL,NULL,13,'LATHAM',NULL,NULL,13,NULL),(33,'U800000069',69,'2016-08-20 00:00:00','09:40 AM','TBA','GUNGAHLIN BEARS ','GUNGAHLIN JEDIS','U8',NULL,NULL,14,'HARRISON',NULL,NULL,14,NULL),(34,'U800000070',70,'2016-08-20 00:00:00','09:40 AM','TBA','BELSOUTH PYTHONS','BELSOUTH MAMBAS','U8',NULL,NULL,14,'HAWKER',NULL,NULL,14,NULL),(35,'U800000071',71,'2016-08-20 00:00:00','09:40 AM','TBA','GUNGAHLIN STRIKERS','GUNGAHLIN STINGRAYS ','U8',NULL,NULL,14,'HARRISON',NULL,NULL,14,NULL),(36,'U800000072',72,'2016-08-20 00:00:00','09:40 AM','TBA','BELWEST ALBATROSS','GUNGAHLIN PENGUINS','U8',NULL,NULL,14,'LATHAM',NULL,NULL,14,NULL),(37,'U800000073',73,'2016-08-27 00:00:00','09:40 AM','TBA','GUNGAHLIN JEDIS','GUNGAHLIN PENGUINS','U8',NULL,NULL,15,'HARRISON',NULL,NULL,15,NULL),(38,'U800000074',74,'2016-08-27 00:00:00','09:40 AM','TBA','GUNGAHLIN BEARS ','BELSOUTH MAMBAS','U8',NULL,NULL,15,'HARRISON',NULL,NULL,15,NULL),(39,'U800000075',75,'2016-08-27 00:00:00','09:40 AM','TBA','GUNGAHLIN STRIKERS','BELSOUTH PYTHONS','U8',NULL,NULL,15,'HARRISON',NULL,NULL,15,NULL),(40,'U800000076',76,'2016-08-27 00:00:00','09:40 AM','TBA','BELWEST ALBATROSS','GUNGAHLIN STINGRAYS ','U8',NULL,NULL,15,'LATHAM',NULL,NULL,15,NULL),(41,'U800000077',77,'2016-09-03 00:00:00','09:40 AM','TBA','GUNGAHLIN JEDIS','GUNGAHLIN STINGRAYS ','U8',NULL,NULL,16,'HARRISON',NULL,NULL,16,NULL),(42,'U800000078',78,'2016-09-03 00:00:00','09:40 AM','TBA','GUNGAHLIN STRIKERS','GUNGAHLIN STINGRAYS ','U8',NULL,NULL,16,'HARRISON',NULL,NULL,16,NULL),(43,'U800000079',79,'2016-09-03 00:00:00','09:40 AM','TBA','GUNGAHLIN PENGUINS','GUNGAHLIN STINGRAYS ','U8',NULL,NULL,16,'HARRISON',NULL,NULL,16,NULL),(44,'U800000080',80,'2016-09-03 00:00:00','09:40 AM','TBA','GUNGAHLIN BEARS ','GUNGAHLIN STINGRAYS ','U8',NULL,NULL,16,'HARRISON',NULL,NULL,16,NULL);
/*!40000 ALTER TABLE `danieltest` ENABLE KEYS */;
UNLOCK TABLES;

--
-- Table structure for table `game`
--

DROP TABLE IF EXISTS `game`;
/*!40101 SET @saved_cs_client     = @@character_set_client */;
/*!40101 SET character_set_client = utf8 */;
CREATE TABLE `game` (
  `gameid` varchar(20) NOT NULL,
  `matchid` int(11) DEFAULT NULL,
  `date` date DEFAULT NULL,
  `time` varchar(10) DEFAULT NULL,
  `fkfieldid` varchar(45) DEFAULT NULL,
  `fkhometeamid` varchar(45) DEFAULT NULL,
  `fkawayteamid` varchar(45) DEFAULT NULL,
  `fkagegroupid` varchar(45) DEFAULT NULL,
  `homejob` varchar(45) DEFAULT NULL,
  `referee` varchar(100) DEFAULT NULL,
  `fkroundid` int(11) DEFAULT NULL,
  `fkgroundplaceid` varchar(45) DEFAULT NULL,
  `homescore` int(11) DEFAULT NULL,
  `awayscore` int(11) DEFAULT NULL,
  `week` int(11) DEFAULT NULL,
  `seqnum` int(11) DEFAULT NULL,
  PRIMARY KEY (`gameid`),
  KEY `fknteamhome_idx` (`fkhometeamid`),
  KEY `fknteamaway_idx` (`fkawayteamid`),
  KEY `fknagegroup_idx` (`fkagegroupid`),
  KEY `fkngroundplace_idx` (`fkgroundplaceid`),
  KEY `fknround_idx` (`fkroundid`),
  CONSTRAINT `fknagegroup` FOREIGN KEY (`fkagegroupid`) REFERENCES `agegroup` (`idagegroup`) ON DELETE NO ACTION ON UPDATE NO ACTION,
  CONSTRAINT `fkngroundplace` FOREIGN KEY (`fkgroundplaceid`) REFERENCES `groundplace` (`idgroundplace`) ON DELETE NO ACTION ON UPDATE NO ACTION,
  CONSTRAINT `fknround` FOREIGN KEY (`fkroundid`) REFERENCES `round` (`idround`) ON DELETE NO ACTION ON UPDATE NO ACTION,
  CONSTRAINT `fknteamaway` FOREIGN KEY (`fkawayteamid`) REFERENCES `team` (`idteam`) ON DELETE NO ACTION ON UPDATE NO ACTION,
  CONSTRAINT `fknteamhome` FOREIGN KEY (`fkhometeamid`) REFERENCES `team` (`idteam`) ON DELETE NO ACTION ON UPDATE NO ACTION
) ENGINE=InnoDB DEFAULT CHARSET=latin1 COMMENT='details of the game';
/*!40101 SET character_set_client = @saved_cs_client */;

--
-- Dumping data for table `game`
--

LOCK TABLES `game` WRITE;
/*!40000 ALTER TABLE `game` DISABLE KEYS */;
INSERT INTO `game` VALUES ('GIRLS009',9,'2015-05-16','08:50 AM','3D','Bumble Bees','Dragonflies','Girls MiniRoos','Setup','J. BARTLETT',3,'HARRISON',NULL,NULL,3,NULL),('GIRLS010',10,'2015-05-16','08:50 AM','3A','Dolphins','Purple Ponies','Girls MiniRoos','Setup','B. KEOMANIVONG',3,'HARRISON',NULL,NULL,3,NULL),('GIRLS011',11,'2015-05-16','08:50 AM','3B','Pink Strikers','Butterflies','Girls MiniRoos','Setup','M. VAREY',3,'HARRISON',NULL,NULL,3,NULL),('GIRLS012',12,'2015-05-16','08:50 AM','3C','Pink All Stars','Swifts','Girls MiniRoos','Setup','J. GUNAWARDENA',3,'HARRISON',NULL,NULL,3,NULL),('GIRLS013',13,'2015-05-23','08:50 AM','3D','Bumble Bees','Unicorns','Girls MiniRoos','Setup','A. BANGAHAM',4,'HARRISON',NULL,NULL,4,1),('GIRLS014',14,'2015-05-23','08:50 AM','3A','Dolphins','Purple Ponies','Girls MiniRoos','Setup','J. BARLETT',4,'HARRISON',NULL,NULL,4,2),('GIRLS015',15,'2015-05-23','08:50 AM','3B','Pink Strikers','Butterflies','Girls MiniRoos','Setup','J. LEE',4,'HARRISON',NULL,NULL,4,3),('GIRLS016',16,'2015-05-23','08:50 AM','3C','Pink All Stars','Swifts','Girls MiniRoos','Setup','M. VAREY',4,'HARRISON',NULL,NULL,4,4),('GIRLS017',17,'2015-05-30','08:50 AM','3D','Bumble Bees','Pink All Stars','Girls MiniRoos','Setup','K. WALKER',5,'HARRISON',NULL,NULL,5,1),('GIRLS018',18,'2015-05-30','08:50 AM','3A','Dolphins','Dragonflies','Girls MiniRoos','Setup','A. BANGAHAM',5,'HARRISON',NULL,NULL,5,2),('GIRLS019',19,'2015-05-30','08:50 AM','3B','Pink Strikers','Purple Ponies','Girls MiniRoos','Setup','M. VAREY',5,'HARRISON',NULL,NULL,5,3),('GIRLS020',20,'2015-05-30','08:50 AM','3C','Swifts','Butterflies','Girls MiniRoos','Setup','J. GUNAWARDENA',5,'HARRISON',NULL,NULL,5,4),('GIRLS021',21,'2015-06-13','08:50 AM','3B','Butterflies','Pink Strikers','Girls MiniRoos','Setup','A. BANGAHAM',6,'HARRISON',NULL,NULL,6,NULL),('GIRLS022',22,'2015-06-13','08:50 AM','3C','Bumble Bees','Purple Ponies','Girls MiniRoos','Setup','J. BARTLETT',6,'HARRISON',NULL,NULL,6,NULL),('GIRLS023',23,'2015-06-13','08:50 AM','4D','Pink All Stars','Dolphins','Girls MiniRoos','Setup','J. GUNAWARDENA',6,'HARRISON',NULL,NULL,6,NULL),('GIRLS024',24,'2015-06-13','08:50 AM','3A','Dragonflies','Swifts','Girls MiniRoos','Setup','K. WALKER',6,'HARRISON',NULL,NULL,6,NULL),('GIRLS025',25,'2015-06-20','08:50 AM','3A','Butterflies','Bumble Bees','Girls MiniRoos','Setup','M. VAREY',7,'HARRISON',NULL,NULL,7,5),('GIRLS026',26,'2015-06-20','08:50 AM','3B','Purple Ponies','Pink Strikers','Girls MiniRoos','Setup','K. WALKER',7,'HARRISON',NULL,NULL,7,10),('GIRLS027',27,'2015-06-20','08:50 AM','3C','Pink All Stars','Dragonflies','Girls MiniRoos','Setup','J. BARTLETT',7,'HARRISON',NULL,NULL,7,15),('GIRLS028',28,'2015-06-20','08:50 AM','3D','Swifts','Dolphins','Girls MiniRoos','Setup','B. KEOMANIVONG',7,'HARRISON',NULL,NULL,7,20),('GIRLS029',29,'2015-06-27','08:50 AM','3A','Butterflies','Purple Ponies','Girls MiniRoos','Setup','J. LEE',8,'HARRISON',NULL,NULL,8,5),('GIRLS030',30,'2015-06-27','08:50 AM','3B','Pink Strikers','Bumble Bees','Girls MiniRoos','Setup','M. VAREY',8,'HARRISON',NULL,NULL,8,10),('GIRLS031',31,'2015-06-27','08:50 AM','3C','Pink All Stars','Swifts','Girls MiniRoos','Setup','J. GUNAWARDENA',8,'HARRISON',NULL,NULL,8,15),('GIRLS032',32,'2015-06-27','08:50 AM','3D','Dolphins','Dragonflies','Girls MiniRoos','Setup','A. BANGAHAM',8,'HARRISON',NULL,NULL,8,20),('GIRLS033',33,'2015-07-18','08:50 AM','3A','Pink Strikers','Butterflies','Girls MiniRoos','Setup','',9,'HARRISON',NULL,NULL,9,5),('GIRLS034',34,'2015-07-18','08:50 AM','3B','Purple Ponies','Bumble Bees','Girls MiniRoos','Setup','',9,'HARRISON',NULL,NULL,9,10),('GIRLS035',35,'2015-07-18','08:50 AM','3C','Dragonflies','Pink All Stars','Girls MiniRoos','Setup','',9,'HARRISON',NULL,NULL,9,15),('GIRLS036',36,'2015-07-18','08:50 AM','3D','Dolphins','Swifts','Girls MiniRoos','Setup','',9,'HARRISON',NULL,NULL,9,20),('GIRLS037',37,'2015-07-25','08:50 AM','3B','Purple Ponies','Butterflies','Girls MiniRoos','Setup',NULL,10,'HARRISON',NULL,NULL,10,NULL),('GIRLS038',38,'2015-07-25','08:50 AM','3C','Bumble Bees','Pink Strikers','Girls MiniRoos','Setup',NULL,10,'HARRISON',NULL,NULL,10,NULL),('GIRLS039',39,'2015-07-25','08:50 AM','3D','Dolphins','Pink All Stars','Girls MiniRoos','Setup',NULL,10,'HARRISON',NULL,NULL,10,NULL),('GIRLS040',40,'2015-07-25','08:50 AM','3A','Swifts','Dragonflies','Girls MiniRoos','Setup',NULL,10,'HARRISON',NULL,NULL,10,NULL),('GIRLS041',41,'2015-08-01','08:50 AM','3C','Bumble Bees','Butterflies','Girls MiniRoos','Setup',NULL,11,'HARRISON',NULL,NULL,11,NULL),('GIRLS042',42,'2015-08-01','08:50 AM','3D','Pink Strikers','Purple Ponies','Girls MiniRoos','Setup',NULL,11,'HARRISON',NULL,NULL,11,NULL),('GIRLS043',43,'2015-08-01','08:50 AM','3A','Swifts','Pink All Stars','Girls MiniRoos','Setup',NULL,11,'HARRISON',NULL,NULL,11,NULL),('GIRLS044',44,'2015-08-01','08:50 AM','3B','Dragonflies','Dolphins','Girls MiniRoos','Setup',NULL,11,'HARRISON',NULL,NULL,11,NULL),('GIRLS045',45,'2015-08-08','08:50 AM','3D','Butterflies','Pink Strikers','Girls MiniRoos','Setup',NULL,12,'HARRISON',NULL,NULL,12,NULL),('GIRLS046',46,'2015-08-08','08:50 AM','3A','Bumble Bees','Purple Ponies','Girls MiniRoos','Setup',NULL,12,'HARRISON',NULL,NULL,12,NULL),('GIRLS047',47,'2015-08-08','08:50 AM','3B','Pink All Stars','Dolphins','Girls MiniRoos','Setup',NULL,12,'HARRISON',NULL,NULL,12,NULL),('GIRLS048',48,'2015-08-08','08:50 AM','3C','Dragonflies','Swifts','Girls MiniRoos','Setup',NULL,12,'HARRISON',NULL,NULL,12,NULL),('GIRLS049',49,'2015-08-15','08:50 AM','3A','Butterflies','Bumble Bees','Girls MiniRoos','Setup',NULL,13,'HARRISON',NULL,NULL,13,NULL),('GIRLS050',50,'2015-08-15','08:50 AM','3B','Purple Ponies','Pink Strikers','Girls MiniRoos','Setup',NULL,13,'HARRISON',NULL,NULL,13,NULL),('GIRLS051',51,'2015-08-15','08:50 AM','3C','Pink All Stars','Dragonflies','Girls MiniRoos','Setup',NULL,13,'HARRISON',NULL,NULL,13,NULL),('GIRLS052',52,'2015-08-15','08:50 AM','3D','Swifts','Dolphins','Girls MiniRoos','Setup',NULL,13,'HARRISON',NULL,NULL,13,NULL),('GIRLS053',53,'2015-08-22','08:50 AM','3B','Butterflies','Purple Ponies','Girls MiniRoos','Setup',NULL,14,'HARRISON',NULL,NULL,14,NULL),('GIRLS054',54,'2015-08-22','08:50 AM','3C','Pink Strikers','Bumble Bees','Girls MiniRoos','Setup',NULL,14,'HARRISON',NULL,NULL,14,NULL),('GIRLS055',55,'2015-08-22','08:50 AM','3D','Pink All Stars','Swifts','Girls MiniRoos','Setup',NULL,14,'HARRISON',NULL,NULL,14,NULL),('GIRLS056',56,'2015-08-22','08:50 AM','3A','Dolphins','Dragonflies','Girls MiniRoos','Setup',NULL,14,'HARRISON',NULL,NULL,14,NULL),('GIRLS057',57,'2015-08-29','08:50 AM','3C','Pink Strikers','Butterflies','Girls MiniRoos','Setup',NULL,15,'HARRISON',NULL,NULL,15,NULL),('GIRLS058',58,'2015-08-29','08:50 AM','3D','Purple Ponies','Bumble Bees','Girls MiniRoos','Setup',NULL,15,'HARRISON',NULL,NULL,15,NULL),('GIRLS059',59,'2015-08-29','08:50 AM','3A','Dragonflies','Pink All Stars','Girls MiniRoos','Setup',NULL,15,'HARRISON',NULL,NULL,15,NULL),('GIRLS060',60,'2015-08-29','08:50 AM','3B','Dolphins','Swifts','Girls MiniRoos','Setup',NULL,15,'HARRISON',NULL,NULL,15,NULL),('GIRLS061',61,'2015-09-05','08:50 AM','3D','Purple Ponies','Butterflies','Girls MiniRoos','Setup',NULL,16,'HARRISON',NULL,NULL,16,NULL),('GIRLS062',62,'2015-09-05','08:50 AM','3A','Bumble Bees','Pink Strikers','Girls MiniRoos','Setup',NULL,16,'HARRISON',NULL,NULL,16,NULL),('GIRLS063',63,'2015-09-05','08:50 AM','3B','Dolphins','Pink All Stars','Girls MiniRoos','Setup',NULL,16,'HARRISON',NULL,NULL,16,NULL),('GIRLS064',64,'2015-09-05','08:50 AM','3C','Swifts','Dragonflies','Girls MiniRoos','Setup',NULL,16,'HARRISON',NULL,NULL,16,NULL),('MAN00000001',NULL,'2015-06-20','1:45 PM','3','Gungahlin Thunder','Tuggeranong United Development Academy','Open U12 Division 1','Setup','S. BARDSLEY',7,'HARRISON',NULL,NULL,7,290),('O100205001',1,'2015-05-02','11:30 AM','1AB','U10 Blue Gungahlin Warriors','Monaro Panthers White','U10','Get larger crossbars & Packup','O. SZEP',1,'HARRISON',NULL,NULL,1,NULL),('O100205002',2,'2015-05-02','11:30 AM','1CD','U10 White Gungahlin Storm','Tuggeranong United FC','U10','Get larger crossbars & Packup','D. VAN PUTTEN',1,'HARRISON',NULL,NULL,1,NULL),('O100205003',3,'2015-05-02','11:30 AM','2AB','U10 Red Gungahlin Blizzard','Brindabella Blues FC','U10','Get larger crossbars & Packup','J. FINCH',1,'HARRISON',NULL,NULL,1,NULL),('O100205004',4,'2015-05-02','11:30 AM','2CD','U10 Green Gungahlin Roar','Belwest Dolphins','U10','Get larger crossbars & Packup','F. WHITE',1,'HARRISON',NULL,NULL,1,NULL),('O100205005',5,'2015-05-02','11:30 AM','4CD','U10 Black Gungahlin Falcons','Belnorth Devils','U10','Get larger crossbars','C. PRESTON',1,'HARRISON',NULL,NULL,1,NULL),('O100205006',6,'2015-05-02','12:30 PM','3AB','U11 White Great Whites','Tuggeranong United FC','U11','Setup and Packup','S. BARDSLEY',1,'HARRISON',NULL,NULL,1,NULL),('O100205007',7,'2015-05-02','12:30 PM','3CD','U11 Blue Gungahlin Glory','St Edmunds Blues','U11','Setup and Packup','D. VAN PUTTEN',1,'HARRISON',NULL,NULL,1,NULL),('O100205008',8,'2015-05-02','12:30 PM','4AB','U11 Red Gungahlin Gladiators','Brindabella Blues FC','U11','Setup and Packup','J. FINCH',1,'HARRISON',NULL,NULL,1,NULL),('O100205009',9,'2015-05-02','12:30 PM','4CD','U11 White Gungahlin Gunners','Monaro Panthers FC','U11','Packup','',1,'HARRISON',NULL,NULL,1,NULL),('O100205010',10,'2015-05-02','12:30 PM','6AB','U11 Blue Gungahlin Fury','Radford Lions','U11','Setup and Packup','B. PERRY',1,'HARRISON',NULL,NULL,1,NULL),('O100205011',11,'2015-05-02','12:30 PM','6CD','U11 Black Gungahlin Force','Belnorth Devils','U11','Setup and Packup','B. ROLFE',1,'HARRISON',NULL,NULL,1,NULL),('O100205012',12,'2015-05-02','12:30 PM','1','U13 Div 2 Boys','Canberra Grammar School','U13','Setup ','L. STUCKLESS',1,'HARRISON',NULL,NULL,1,NULL),('O100205013',13,'2015-05-02','12:30 PM','2','U13 Div 3 Boys','Canberra Grammar School','U13','Setup ','E. WHITE',1,'HARRISON',NULL,NULL,1,NULL),('O100205014',14,'2015-05-02','13:00','6','Gungahlin United FC','ANU FC','Mens Division 8','Setup ','CF Referee',1,'HARRISON',NULL,NULL,1,NULL),('O100205015',15,'2015-05-02','13:45','1','U12 Div 1 Lightning','Tuggeranong UDA','U12','-','J.BENNY',1,'HARRISON',NULL,NULL,1,NULL),('O100205016',16,'2015-05-02','13:45','2','U12 Div 2 Cyclones','Barca Majura','U12','-','C. SHELTON',1,'HARRISON',NULL,NULL,1,NULL),('O100205017',17,'2015-05-02','13:45','3','U12 Div 2 Girls','Majura Martas','U12','Setup ','S. BARDSLEY',1,'HARRISON',NULL,NULL,1,NULL),('O100205018',18,'2015-05-02','13:45','4','U12 Div 3 Hurricanes','Cooma Tigers','U12','Setup ','B. PERRY',1,'HARRISON',NULL,NULL,1,NULL),('O100205019',19,'2015-05-02','13:45','5','U12 Div 3 Storm','Yass Redbacks','U12','Setup ','B. ROLFE',1,'HARRISON',NULL,NULL,1,NULL),('O100205020',20,'2015-05-02','15:00','6','Gungahlin United FC','ANU FC','Mens Division 7','Packup','CF Referee',1,'HARRISON',NULL,NULL,1,NULL),('O100205021',21,'2015-05-02','15:10','1','U15 Div 1 Boys','Belsouth FC','U15','Packup','C.SHELTON [C] & E.WHITE',1,'HARRISON',NULL,NULL,1,NULL),('O100205022',22,'2015-05-02','15:10','2','U15 Div 2 Boys','St Edmunds Blues','U15','Packup','L. STUCKLESS',1,'HARRISON',NULL,NULL,1,NULL),('O100205023',23,'2015-05-02','15:10','3','U15 Div 3 Boys Blue','Marist FC','U15','Packup','Y.JEELALL',1,'HARRISON',NULL,NULL,1,NULL),('O100205024',24,'2015-05-02','15:10','4','U16 Div 2 Boys','Radford College','U16','Packup','A.PRESTON [C] & B.PERRY',1,'HARRISON',NULL,NULL,1,NULL),('O100205025',25,'2015-05-02','15:10','5','U18 Div 1 Boys','Canberra Grammar School 1st XI','U18','Packup','B. ROLFE [C] & J. BENNY',1,'HARRISON',NULL,NULL,1,NULL),('O100205026',1,'2015-05-02','11:30 AM','4AB','U10 Blue Gungahlin Griffins','Weston Molonglo FC','U10','Get larger crossbars & Packup','',1,'HARRISON',NULL,NULL,1,NULL),('O100205200',200,'2015-06-13','11:30 AM','3AB','Gungahlin Whitetails','Burgmann Anglican School','Open U10 Blue','Get larger crossbars','E. WHITE',6,'HARRISON',NULL,NULL,6,101),('O100205201',201,'2015-06-13','11:30 AM','3CD','Gungahlin United Griffins','Brindabella Blues FC','Open U10 Blue','Get larger crossbars','F. WHITE',6,'HARRISON',NULL,NULL,6,102),('O100205202',202,'2015-06-13','11:30 AM','4AB','Gungahlin Tornadoes','Majura Glory','Open U10 Red','Get larger crossbars','C. PRESTON',6,'HARRISON',NULL,NULL,6,103),('O100205203',203,'2015-06-13','11:30 AM','4CD','Gungahlin Gazelles','Weston Molonglo Black','Girls U10 White','Get larger crossbars','J. BENNY',6,'HARRISON',NULL,NULL,6,104),('O100205204',204,'2015-06-13','11:30 AM','6AB','Gungahlin United Phoenix','Belnorth Knights','Open U10 Green','Get larger crossbars','Y. JEELALL',6,'HARRISON',NULL,NULL,6,105),('O100205205',205,'2015-06-13','11:30 AM','6CD','Gungahlin United Falcons','Woden Valley Wanderers','Open U10 Black','Get larger crossbars','J. FINCH',6,'HARRISON',NULL,NULL,6,106),('O100205206',206,'2015-06-13','12:30 PM','3AB','Gungahlin Whirlwinds','Gungahlin Great Whites','Girls U11 White','Packup','Y. JEELALL',6,'HARRISON',NULL,NULL,6,111),('O100205207',207,'2015-06-13','12:30 PM','1','Gungahlin United FC','Monaro Panthers FC','Girls U13 Division 1','Setup','B. ROLFE',6,'HARRISON',NULL,NULL,6,112),('O100205208',208,'2015-06-13','12:30 PM','3CD','Gungahlin Fury','Marist FC Royal','Open U11 Blue','Packup','B. PERRY',6,'HARRISON',NULL,NULL,6,113),('O100205209',209,'2015-06-13','12:30 PM','4AB','Gungahlin Gladiators','Woden Valley United','Open U11 Red','Packup','J. FINCH',6,'HARRISON',NULL,NULL,6,114),('O100205210',210,'2015-06-13','12:30 PM','2','Gungahlin United FC','Marist FC','Open U13 Division 1','Setup','A. PRESTON',6,'HARRISON',NULL,NULL,6,115),('O100205211',211,'2015-06-13','12:30 PM','4CD','Gungahlin Gunners','Woden Valley Wizards','Open U11 White','Packup','J. BENNY',6,'HARRISON',NULL,NULL,6,116),('O100205212',212,'2015-06-13','12:30 PM','5','Gungahlin United FC','Brindabella Blues FC','Open U13 Division 3','Setup','C. SHELTON',6,'HARRISON',NULL,NULL,6,117),('O100205213',213,'2015-06-13','12:30 PM','6AB','Gungahlin Strikers','Belnorth Knights','Open U11 Green','Packup','D. PERRY',6,'HARRISON',NULL,NULL,6,118),('O100205214',214,'2015-06-13','12:30 PM','6CD','Gungahlin Force','Canberra Grammar School','Open U11 Black','Packup','D. VAN PUTTEN',6,'HARRISON',NULL,NULL,6,119),('O100205215',215,'2015-06-13','1:45 PM','5','Gungahlin United FC','Tuggeranong United FC','Open U14 Division 3','Packup','NO REF',6,'HARRISON',NULL,NULL,6,1),('O100205216',216,'2015-06-13','1:45 PM','2','Gungahlin United FC','Weston Molonglo FC','Girls U14 Division 1','-','A. PRESTON',6,'HARRISON',NULL,NULL,6,2),('O100205217',217,'2015-06-13','1:45 PM','4','Gungahlin Lightning','Belnorth Strikers','Open U12 Division 1','Setup','R. ALBERTO',6,'HARRISON',NULL,NULL,6,3),('O100205218',218,'2015-06-13','1:45 PM','3','Gungahlin Hurricanes','Woden Valley Lightning','Open U12 Division 3 Blue','Setup','B. PERRY',6,'HARRISON',NULL,NULL,6,4),('O100205219',219,'2015-06-13','1:45 PM','6','Gungahlin United FC','Queanbeyan City FC','Open U14 Division 2 Blue','Setup','C. SHELTON',6,'HARRISON',NULL,NULL,6,5),('O100205221',221,'2015-06-13','3:10 PM','1','Gungahlin United FC','Brindabella Blues FC','Girls U18 Division 1','Packup','C. SHELTON',6,'HARRISON',NULL,NULL,6,181),('O100205222',222,'2015-06-13','3:10 PM','2','Gungahlin United FC','Canberra Girls Grammar School','Girls U16 Division 2','Packup','NO REF',6,'HARRISON',NULL,NULL,6,182),('O100205223',223,'2015-06-13','3:10 PM','3','Gungahlin United FC','Tuggeranong United FC','Open U15 Division 2','Packup','B. PERRY',6,'HARRISON',NULL,NULL,6,183),('O100205224',224,'2015-06-13','3:10 PM','4','Gungahlin United FC Gold','Burgmann Anglican School Blue','Open U15 Division 3','Packup','R. ALBERTO',6,'HARRISON',NULL,NULL,6,184),('O100205225',225,'2015-06-13','3:10 PM','6','Gungahlin United FC','Belsouth FC - Div 3','Open U16 Division 2 Gold','Packup','B. ROLFE',6,'HARRISON',NULL,NULL,6,185),('O100205250',250,'2015-06-13','1:45 PM','1','Gungahlin United FC','Weston Molonglo FC','Open U14 Division 1','-','B. ROLFE',6,'HARRISON',NULL,NULL,6,6),('ONLYSERVER',44,'2015-05-09','1:45 PM','5','Gungahlin United FC','Weston Molonglo FC','Open U14 Division 2 Blue','Setup and Packup','B. PERRY',2,'HARRISON',NULL,NULL,2,NULL),('OVER100051',51,'2015-05-16','11:30 AM','3AB','Gungahlin Warriors','Gungahlin United Griffins','Open U10 Blue','Get larger crossbars','O. SZEP',3,'HARRISON',NULL,NULL,3,NULL),('OVER100052',52,'2015-05-16','11:30 AM','3CD','Gungahlin Storm','Belwest Sharks','Open U10 White','Get larger crossbars','F. WHITE',3,'HARRISON',NULL,NULL,3,NULL),('OVER100053',53,'2015-05-16','11:30 AM','4AB','Gungahlin Blizzard','Canberra Grammar School','Open U10 Red','Get larger crossbars','E. WHITE',3,'HARRISON',NULL,NULL,3,NULL),('OVER100054',54,'2015-05-16','11:30 AM','4CD','Gungahlin Roar','Canberra FC','Open U10 Green','Get larger crossbars','D. VAN PUTTEN',3,'HARRISON',NULL,NULL,3,NULL),('OVER100055',55,'2015-05-16','11:30 AM','2AB','Gungahlin United Falcons','Woden Valley Lightning','Open U10 Black','Setup','C. PRESTON',3,'HARRISON',NULL,NULL,3,NULL),('OVER100056',56,'2015-05-16','12:30 PM','3AB','Gungahlin Great Whites','Canberra Girls Grammar School','Girls U11 White','Packup','B. PERRY',3,'HARRISON',NULL,NULL,3,NULL),('OVER100057',57,'2015-05-16','12:30 PM','3CD','Gungahlin Glory','Woden Valley Wanderers','Open U11 Yellow','Packup','C. PRESTON',3,'HARRISON',NULL,NULL,3,NULL),('OVER100058',58,'2015-05-16','12:30 PM','4AB','Gungahlin Fury','Weston Molonglo Jaguars','Open U11 Blue','Packup','Y. JEELALL',3,'HARRISON',NULL,NULL,3,NULL),('OVER100059',59,'2015-05-16','12:30 PM','4CD','Gungahlin Gladiators','Belnorth Strikers','Open U11 Red','Packup','S. BARDSLEY',3,'HARRISON',NULL,NULL,3,NULL),('OVER100060',60,'2015-05-16','12:30 PM','2AB','Gungahlin Galaxy','Belnorth Strikers','Open U11 White','Packup','D. VAN PUTTEN',3,'HARRISON',NULL,NULL,3,NULL),('OVER100061',61,'2015-05-16','12:30 PM','2CD','Gungahlin Power','Majura Blades','Open U11 Black','Setup and Packup','M. ALBERTO',3,'HARRISON',NULL,NULL,3,NULL),('OVER100062',62,'2015-05-16','12:30 PM','1','Gungahlin United FC','Goulburn Strikers','Open U13 Division 1','Setup','B. ROLFE',3,'HARRISON',NULL,NULL,3,NULL),('OVER100063',63,'2015-05-16','12:30 PM','6','Gungahlin United FC','Brindabella Blues FC','Open U13 Division 2 Gold','Setup','O. SZEP ( C ) & C. SHELTON (AR) & E. WHITE (AR)',3,'HARRISON',NULL,NULL,3,NULL),('OVER100064',64,'2015-05-16','1:00 PM','5','Gungahlin United - Div 4','Brindabella - Div 4','Mens Division 4','Setup','CF REFEREE',3,'HARRISON',NULL,NULL,3,NULL),('OVER100065',65,'2015-05-16','1:45 PM','2','Gungahlin Thunder','Woden Valley United','Open U12 Division 1','Setup','B. ROLFE',3,'HARRISON',NULL,NULL,3,NULL),('OVER100066',66,'2015-05-16','1:45 PM','3','Gungahlin Cyclones','Weston Molonglo Tigers','Open U12 Division 2 Gold','Setup','C. SHELTON ( C ) & F. WHITE (AR)',3,'HARRISON',NULL,NULL,3,NULL),('OVER100067',67,'2015-05-16','1:45 PM','4','Gungahlin United FC','Canberra Girls Grammar School','Girls U12 Division 2','Setup ','A. PRESTON',3,'HARRISON',NULL,NULL,3,NULL),('OVER100068',68,'2015-05-16','1:45 PM','5','Gungahlin Typhoons','Belnorth Strikers','Open U12 Division 3 Blue','Packup','B. PERRY',3,'HARRISON',NULL,NULL,3,NULL),('OVER100069',69,'2015-05-16','1:45 PM','6','Gungahlin Storm','Belnorth Devils','Open U12 Division 3 Gold','Packup','M. ALBERTO',3,'HARRISON',NULL,NULL,3,NULL),('OVER100070',70,'2015-05-16','1:45 PM','1','Gungahlin United FC - Div 3','Belnorth FC','Girls U14 Division 2',NULL,'S. BARDSLEY',3,'HARRISON',NULL,NULL,3,NULL),('OVER100071',71,'2015-05-16','3:10 PM','4','Gungahlin United FC Blue','Gungahlin United FC Gold','Open U15 Division 3','Packup','A. PRESTON',3,'HARRISON',NULL,NULL,3,NULL),('OVER100072',72,'2015-05-16','3:10 PM','2','Gungahlin United FC','NTC','Open U16 Division 1','Packup','B. ROLFE ( C ) & B. PERRY (AR)',3,'HARRISON',NULL,NULL,3,NULL),('OVER100073',73,'2015-05-16','3:10 PM','3','Gungahlin United FC','Weston Molonglo FC','Girls U16 Division 2','Packup','C. SHELTON & F. WHITE (AR) ',3,'HARRISON',NULL,NULL,3,NULL),('OVER100074',74,'2015-05-16','3:10 PM','1','Gungahlin United FC','Woden Valley Eagles','Open U18 Division 1','Packup','M. ALBERTO  ( C ) & R. ALBERTO (AR) & S. BARDSLEY (AR)',3,'HARRISON',NULL,NULL,3,NULL),('OVER100075',75,'2015-05-23','11:30 AM','3AB','Gungahlin Eagles','Woden Valley Wolves','Open U10 Yellow','Get larger crossbars','C. PRESTON',4,'HARRISON',NULL,NULL,4,1),('OVER100076',76,'2015-05-23','11:30 AM','3CD','Gungahlin Whitetails','Palerang United FC','Open U10 Blue','Get larger crossbars','E. WHITE',4,'HARRISON',NULL,NULL,4,2),('OVER100077',77,'2015-05-23','11:30 AM','4AB','Gungahlin United Griffins','Canberra Grammar School','Open U10 Blue','Get larger crossbars','D. VAN PUTTEN',4,'HARRISON',NULL,NULL,4,3),('OVER100078',78,'2015-05-23','11:30 AM','4CD','Gungahlin Cyclones','St Edmunds Blues','Open U10 White','Get larger crossbars','B. PERRY',4,'HARRISON',NULL,NULL,4,4),('OVER100079',79,'2015-05-23','11:30 AM','1AB','Gungahlin Tornadoes','Canberra FC','Open U10 Red','Setup and Packup','O. SZEP',4,'HARRISON',NULL,NULL,4,5),('OVER100080',80,'2015-05-23','11:30 AM','6AB','Gungahlin Gazelles','Capital Country JFC','Girls U10 White','Get larger crossbars','Y. JEELALL',4,'HARRISON',NULL,NULL,4,6),('OVER100081',81,'2015-05-23','11:30 AM','6CD','Gungahlin United Phoenix','Tuggeranong United FC','Open U10 Green','Get larger crossbars\nand Packup','F. WHITE',4,'HARRISON',NULL,NULL,4,7),('OVER100082',82,'2015-05-23','12:30 PM','3AB','Gungahlin Whirlwinds','Weston Molonglo Leopards','Girls U11 White','Packup','B. PERRY',4,'HARRISON',NULL,NULL,4,1),('OVER100083',83,'2015-05-23','12:30 PM','1','Gungahlin United FC','Majura Magic','Girls U13 Division 1','Setup','O. SZEP ( C ) & C. SHELTON (AR)',4,'HARRISON',NULL,NULL,4,2),('OVER100084',84,'2015-05-23','12:30 PM','3CD','Gungahlin Guards','Belnorth Devils','Open U11 Red','Packup','Y. JEELALL',4,'HARRISON',NULL,NULL,4,3),('OVER100085',85,'2015-05-23','12:30 PM','4AB','Gungahlin Gunners','Belsouth Lions','Open U11 White','Packup','J. BENNY',4,'HARRISON',NULL,NULL,4,4),('OVER100086',86,'2015-05-23','12:30 PM','2','Gungahlin United FC','Cooma Tigers','Open U13 Division 3','Setup','D. VAN PUTTEN( C ) & B. ROLFE (AR)',4,'HARRISON',NULL,NULL,4,5),('OVER100087',87,'2015-05-23','12:30 PM','4CD','Gungahlin Strikers','Belsouth Tigers','Open U11 Green','Packup','J. FINCH',4,'HARRISON',NULL,NULL,4,6),('OVER100088',88,'2015-05-23','12:30 PM','6AB','Gungahlin Force','Belsouth Cougars','Open U11 Black','Packup','C. PRESTON',4,'HARRISON',NULL,NULL,4,7),('OVER100089',89,'2015-05-23','1:45 PM','4','Gungahlin United FC','Canberra Grammar School Sky','Open U14 Division 3','Setup and Packup','R. ALBERTO',4,'HARRISON',NULL,NULL,4,1),('OVER100090',90,'2015-05-23','1:45 PM','2','Gungahlin United FC','Belsouth Magpies','Girls U14 Division 1','','C. SHELTON',4,'HARRISON',NULL,NULL,4,2),('OVER100091',91,'2015-05-23','1:45 PM','5','Gungahlin Lightning','Marist FC','Open U12 Division 1','Setup and Packup','J. FINCH',4,'HARRISON',NULL,NULL,4,3),('OVER100092',92,'2015-05-23','1:45 PM','6','Gungahlin Hurricanes','Tuggeranong United FC','Open U12 Division 3 Blue','Setup and Packup','B. PERRY',4,'HARRISON',NULL,NULL,4,4),('OVER100093',93,'2015-05-23','1:45 PM','3','Gungahlin United FC','Woden Valley Spurs','Open U14 Division 2 Blue','Setup','A. PRESTON',4,'HARRISON',NULL,NULL,4,5),('OVER100094',94,'2015-05-23','1:45 PM','1','Gungahlin United FC','Belconnen United FC','Open U14 Division 1','-','B. ROLFE',4,'HARRISON',NULL,NULL,4,6),('OVER100095',95,'2015-05-23','3:00 PM','2','Gungahlin United FC','Canberra Grammar Navy','Open U15 Division 2','Packup','B. ROLFE',4,'HARRISON',NULL,NULL,4,NULL),('OVER100096',96,'2015-05-23','3:10 PM','3','Gungahlin United FC Gold','Brindabella Blues FC','Open U15 Division 3','Packup','A. PRESTON ( C ) & B. PERRY (AR)',4,'HARRISON',NULL,NULL,4,NULL),('OVER100097',97,'2015-05-23','3:10 PM','1','Gungahlin United FC','St Edmunds Blues','Open U16 Division 2 Gold','Packup','C. SHELTON ( C ) & J. FINCH (AR)',4,'HARRISON',NULL,NULL,4,NULL),('OVER100098',98,'2015-05-30','11:30 AM','3AB','Gungahlin Eagles','Marist FC Sky','MiniRoos Open U10 Yellow','Get larger crossbars','C. PRESTON',5,'HARRISON',NULL,NULL,5,43),('OVER100099',99,'2015-05-30','11:30 AM','3CD','Gungahlin Storm','Majura Roar','MiniRoos Open U10 White','Get larger crossbars','J. LEE',5,'HARRISON',NULL,NULL,5,44),('OVER100100',100,'2015-05-30','11:30 AM','4AB','Gungahlin Warriors','Belnorth Strikers','MiniRoos Open U10 Blue','Get larger crossbars','F. WHITE',5,'HARRISON',NULL,NULL,5,45),('OVER100101',101,'2015-05-30','11:30 AM','4CD','Gungahlin Blizzard','Majura Victory','MiniRoos Open U10 Red','Get larger crossbars','E. WHITE',5,'HARRISON',NULL,NULL,5,46),('OVER100102',102,'2015-05-30','11:30 AM','2AB','Gungahlin Roar','Belnorth Devils','MiniRoos Open U10 Green','Setup','D. VAN PUTTEN',5,'HARRISON',NULL,NULL,5,47),('OVER100103',103,'2015-05-30','12:30 PM','3AB','Gungahlin Glory','Weston Molonglo Leopards','MiniRoos Open U11 Yellow','Packup','Y. JEELALL',5,'HARRISON',NULL,NULL,5,48),('OVER100104',104,'2015-05-30','12:30 PM','3CD','Gungahlin Great Whites','Weston Molonglo Leopards','MiniRoos Girl U11 White','Packup','O. SZEP',5,'HARRISON',NULL,NULL,5,49),('OVER100105',105,'2015-05-30','12:30 PM','4AB','Gungahlin Guards','Canberra FC','MiniRoos Open U11 Red','Packup','C. PRESTON',5,'HARRISON',NULL,NULL,5,50),('OVER100106',106,'2015-05-30','12:30 PM','4CD','Gungahlin Galaxy','Canberra FC','MiniRoos Open U11 White','Packup','D. VAN PUTTEN',5,'HARRISON',NULL,NULL,5,51),('OVER100107',107,'2015-05-30','12:30 PM','2AB','Gungahlin Power','Marist FC Sky','Miniroos Open U11 Black','Packup','J. BENNY',5,'HARRISON',NULL,NULL,5,52),('OVER100108',108,'2015-05-30','12:30 PM','1','Gungahlin United FC','Tuggeranong United FC','Open U13 Division 2 Gold','Setup','C. SHELTON ( C ) & S. BARDSLEY (AR) & J. FINCH (AR)',5,'HARRISON',NULL,NULL,5,53),('OVER100109',109,'2015-05-30','1:45 PM','4','Gungahlin Cyclones','Canberra Grammar School','Open U12 Division 2 Gold','Setup','S. BARDSLEY',5,'HARRISON',NULL,NULL,5,54),('OVER100110',110,'2015-05-30','1:45 PM','2','Gungahlin Thunder','Tuggeranong United FC','Open U12 Division 1','Setup','J. FINCH ( C ) & Y. JEELALL (AR) & J. BENNY (AR)',5,'HARRISON',NULL,NULL,5,55),('OVER100111',111,'2015-05-30','1:45 PM','3','Gungahlin United FC','Majura Matildas','Girls U12 Division 2','Setup','O. SZEP',5,'HARRISON',NULL,NULL,5,56),('OVER100112',112,'2015-05-30','1:45 PM','1','Gungahlin United FC - Div 3','Weston Molonglo FC','Girls U14 Division 2','-','A. PRESTON ',5,'HARRISON',NULL,NULL,5,57),('OVER100113',113,'2015-05-30','1:45 PM','5','Gungahlin Typhoons','Marist FC','Open U12 Division 3 Blue','Setup and Packup','C. SHELTON',5,'HARRISON',NULL,NULL,5,58),('OVER100114',114,'2015-05-30','1:45 PM','6','Gungahlin Storm','Woden Valley Hurricanes','Open U12 Division 3 Gold','Setup and Packup','B. PERRY',5,'HARRISON',NULL,NULL,5,59),('OVER100115',115,'2015-05-30','3:10 PM','3','Gungahlin United FC','Goulburn Strikers','Open U15 Division 1','Packup','R. ALBERTO ( C ) & B. PERRY (AR)',5,'HARRISON',NULL,NULL,5,NULL),('OVER100116',116,'2015-05-30','3:10 PM','1','Gungahlin United FC','Belsouth Bilbies','Girls U18 Division 1','Packup',' C. SHELTON ',5,'HARRISON',NULL,NULL,5,60),('OVER100117',117,'2015-05-30','3:10 PM','2','Gungahlin United FC','Brindabella Blues FC','Girls U16 Division 2','Packup','C. SHELTON ',5,'HARRISON',NULL,NULL,5,61),('OVER100118',118,'2015-05-30','3:10 PM','4','Gungahlin United FC Blue','Burgmann Anglican School Green','Open U15 Division 3','Packup','S. BARDSLEY',5,'HARRISON',NULL,NULL,5,62),('OVER100119',119,'2015-05-30','3:10 PM','1','Gungahlin United FC','Weston Molonglo FC','Open U16 Division 1','Packup','A. PRESTON',5,'HARRISON',NULL,NULL,5,63),('SYS00000001',0,'2015-06-13','11:30 AM','1AB','Gungahlin Cyclones','Queanbeyan City FC','Open U10 White','Setup and Packup','D. VAN PUTTEN',6,'HARRISON',0,0,6,0),('SYS00000002',0,'2015-06-20','09:00 AM','17','U7 Rockets','U7 Lightning Bolts','U7','Setup and Packup','N/A',7,'HARRISON',0,0,7,115),('SYS00000003',0,'2015-06-20','11:30 AM','3CD','Gungahlin Whitetails','Marist FC Royal','Open U10 Blue','Get larger crossbars','O. SZEP',7,'HARRISON',0,0,7,235),('SYS00000004',0,'2015-06-20','11:30 AM','4AB','Gungahlin Cyclones','Marist FC','Open U10 White','Get larger crossbars','J. BENNY',7,'HARRISON',0,0,7,240),('SYS00000005',0,'2015-06-20','11:30 AM','4CD','Gungahlin Tornadoes','Monaro Panthers FC','Open U10 Red','Get larger crossbars','J. FINCH',7,'HARRISON',0,0,7,245),('SYS00000006',0,'2015-06-20','12:30 PM','3AB','Gungahlin Whirlwinds','Canberra Girls Grammar School','Girls U11 White','Packup','C. PRESTON',7,'HARRISON',0,0,7,255),('SYS00000007',0,'2015-06-20','12:30 PM','3CD','Gungahlin Galaxy','Monaro Panthers FC','Open U11 White','Packup','J. FINCH',7,'HARRISON',0,0,7,260),('SYS00000008',0,'2015-06-20','12:30 PM','4AB','Gungahlin Guards','Woden Valley Wolves','Open U11 Red','Packup','J. BENNY',7,'HARRISON',0,0,7,265),('SYS00000009',0,'2015-06-20','12:30 PM','6AB','Gungahlin Power','Gungahlin Force','Open U11 Black','Packup','B. PERRY',7,'HARRISON',0,0,7,275),('SYS00000010',0,'2015-06-20','12:30 PM','1','Gungahlin United FC','Belsouth FC','Open U13 Division 2 Gold','Setup','C SHELTON ( C ) & O. SZEP (AR) & D. VAN PUTTEN (AR)',7,'HARRISON',0,0,7,280),('SYS00000011',0,'2015-06-20','1:45 PM','4','Gungahlin Cyclones','Capital Country JFC','Open U12 Division 2 Gold','Packup','J. FINCH',7,'HARRISON',0,0,7,285),('SYS00000012',0,'2015-06-20','1:45 PM','5','Gungahlin Typhoons','Cooma Tigers','Open U12 Division 3 Blue','Packup','B. PERRY',7,'HARRISON',0,0,7,300),('SYS00000013',0,'2015-06-20','1:45 PM','1','Gungahlin United FC','Capital Football U12','Open U14 Division 1','-','B. ROLFE',7,'HARRISON',0,0,7,305),('SYS00000014',0,'2015-06-20','1:45 PM','6','Gungahlin Storm','Weston Molonglo FC','Open U12 Division 3 Gold','Packup','A. PRESTON',7,'HARRISON',0,0,7,310),('SYS00000015',0,'2015-06-20','3:10 PM','1','Gungahlin United FC','Belnorth Strikers','Open U15 Division 1','Packup','B. ROLFE ( C ) & S. BARDSLEY (AR)',7,'HARRISON',0,0,7,315),('SYS00000016',0,'2015-06-20','3:10 PM','2','Gungahlin United FC','Radford College','Girls U16 Division 2','Packup','C. SHELTON',7,'HARRISON',0,0,7,320),('SYS00000017',0,'2015-06-20','3:10 PM','3','Gungahlin United FC Blue','Woden Valley Hammers','Open U15 Division 3','Packup','A. PRESTON',7,'HARRISON',0,0,7,325),('SYS00000018',0,'2015-06-20','11:30 AM','3AB','Gungahlin Eagles','St Edmunds Whites','Open U10 Yellow','Get larger crossbars','C. PRESTON',7,'HARRISON',0,0,7,230),('SYS00000019',0,'2015-06-20','11:30 AM','6AB','Gungahlin United Phoenix','Radford Raptors','Open U10 Green','Get larger crossbars','D. VAN PUTTEN',7,'HARRISON',0,0,7,250),('SYS00000020',0,'2015-06-20','1:45 PM','2','Gungahlin United FC - Div 3','Brindabella Blues Falcons','Girls U14 Division 2','Setup','C. SHELTON',7,'HARRISON',0,0,7,295),('SYS00000021',0,'2015-06-20','12:30 PM','4CD','Gungahlin Glory','Woden Valley Warriors','Open U11 White','Packup','S. BARDSLEY',7,'HARRISON',0,0,7,270),('SYS00000022',0,'2015-06-27','11:30 AM','4AB','Gungahlin Storm','Belnorth Strikers','Open U10 White','Get larger crossbars','B. KEOMANIVONG',8,'HARRISON',0,0,8,255),('SYS00000023',0,'2015-06-27','12:30 PM','1','Gungahlin United FC','Woden Valley Hammers','Girls U13 Division 1','Setup','C. SHELTON ( C ) & B. PERRY ( C )',8,'HARRISON',0,0,8,285),('SYS00000024',0,'2015-06-27','12:30 PM','3CD','Gungahlin Fury','Monaro Panthers FC','Open U11 Blue','Packup','Y. JEELALL',8,'HARRISON',0,0,8,290),('SYS00000025',0,'2015-06-27','12:30 PM','4AB','Gungahlin Gladiators','Belsouth Panthers','Open U11 Red','Packup','S. BARDSLEY',8,'HARRISON',0,0,8,295),('SYS00000026',0,'2015-06-27','12:30 PM','4CD','Gungahlin Gunners','Gungahlin Galaxy','Open U11 White','Packup','D. VAN PUTTEN',8,'HARRISON',0,0,8,300),('SYS00000027',0,'2015-06-27','12:30 PM','6AB','Gungahlin Strikers','Woden Valley Spurs','Open U11 Green','Packup','C. PRESTON',8,'HARRISON',0,0,8,305),('SYS00000028',0,'2015-06-27','1:45 PM','2','Gungahlin United FC','Belsouth FC','Open U14 Division 3','Setup','A. PRESTON',8,'HARRISON',0,0,8,315),('SYS00000029',0,'2015-06-27','1:45 PM','4','Gungahlin Lightning','Gungahlin Thunder','Open U12 Division 1','Setup','B. ROLFE',8,'HARRISON',0,0,8,325),('SYS00000030',0,'2015-06-27','1:45 PM','5','Gungahlin Hurricanes','Gungahlin Typhoons','Open U12 Division 3 Blue','Setup and Packup','B. PERRY',8,'HARRISON',0,0,8,335),('SYS00000031',0,'2015-06-27','1:45 PM','6','Gungahlin United FC','Marist FC','Open U14 Division 2 Blue','Setup and Packup','R.ALBERTO',8,'HARRISON',0,0,8,340),('SYS00000032',0,'2015-06-27','3:10 PM','1','Gungahlin United FC','Radford College','Girls U18 Division 1','Packup','C. SHELTON',8,'HARRISON',0,0,8,345),('SYS00000033',0,'2015-06-27','3:10 PM','4','Gungahlin United FC Gold','Palerang United FC','Open U15 Division 3','Packup','A. PRESTON ( C ) & B. PERRY (AR)',8,'HARRISON',0,0,8,355),('SYS00000034',0,'2015-06-27','11:30 AM','3AB','Gungahlin Warriors','Belwest Hammerheads','Open U10 Blue','Get larger crossbars','J. GUNAWARDENA',8,'HARRISON',0,0,8,250),('SYS00000035',0,'2015-06-27','11:30 AM','4CD','Gungahlin Blizzard','Weston Molonglo Barbarians','Open U10 Red','Get larger crossbars','D. VAN PUTTEN',8,'HARRISON',0,0,8,260),('SYS00000036',0,'2015-06-27','11:30 AM','3CD','Gungahlin Gazelles','Belwest Marlins','Girls U10 White','Get larger crossbars','Y. JEELALL',8,'HARRISON',0,0,8,265),('SYS00000037',0,'2015-06-27','11:30 AM','6AB','Gungahlin Roar','Monaro Panthers Black','Open U10 Green','Get larger crossbars','C. PRESTON',8,'HARRISON',0,0,8,270),('SYS00000038',0,'2015-06-27','11:30 AM','6CD','Gungahlin United Falcons','Woden Valley Roar','Open U10 Black','Setup','J. FINCH',8,'HARRISON',0,0,8,275),('SYS00000039',0,'2015-06-27','12:30 PM','3AB','Gungahlin Whirlwinds','Belsouth Rubies','Girls U11 White','Packup','A. PRESTON',8,'HARRISON',0,0,8,280),('SYS00000040',0,'2015-06-27','12:30 PM','6CD','Gungahlin Force','Woden Valley Ronans','Open U11 Black','Packup','J. FINCH',8,'HARRISON',0,0,8,310),('SYS00000041',0,'2015-06-27','1:45 PM','1','Gungahlin United FC','Belwest Foxes SC','Girls U14 Division 1','-','C. SHELTON',8,'HARRISON',0,0,8,320),('SYS00000042',0,'2015-06-27','1:45 PM','3','Gungahlin United FC','Belnorth Strikers - Div 3','Girls U12 Division 2','Setup','S. BARDSLEY',8,'HARRISON',0,0,8,330),('SYS00000043',0,'2015-06-27','3:10 PM','3','Gungahlin United FC','Majura FC','Open U15 Division 2','Packup','S. BARDSLEY',8,'HARRISON',0,0,8,350),('SYS00000044',0,'2015-06-27','3:10 PM','2','Gungahlin United FC','Belnorth Strikers - Div 3','Open U16 Division 2 Gold','Packup','B. ROLFE',8,'HARRISON',0,0,8,360),('SYS00000045',0,'2015-07-18','11:30 AM','3AB','Gungahlin Eagles','Belsouth Tornadoes','Open U10 Yellow','Get larger crossbars','',9,'HARRISON',0,0,9,220),('SYS00000046',0,'2015-07-18','11:30 AM','3CD','Gungahlin United Phoenix','Belwest Dolphins','Open U10 Green','Get larger crossbars','',9,'HARRISON',0,0,9,225),('SYS00000047',0,'2015-07-18','11:30 AM','4AB','Gungahlin Cyclones','Weston Molonglo All Stars','Open U10 White','Get larger crossbars','',9,'HARRISON',0,0,9,230),('SYS00000048',0,'2015-07-18','11:30 AM','4CD','Gungahlin Tornadoes','Belnorth FC','Open U10 Red','Get larger crossbars','',9,'HARRISON',0,0,9,235),('SYS00000049',0,'2015-07-18','11:30 AM','6AB','Gungahlin Whitetails','Monaro Panthers White','Open U10 Blue','Setup and Packup','',9,'HARRISON',0,0,9,240),('SYS00000050',0,'2015-07-18','12:30 PM','3AB','Gungahlin Great Whites','Woden Valley Spurs','Girls U11 White','Packup','',9,'HARRISON',0,0,9,245),('SYS00000051',0,'2015-07-18','12:30 PM','3CD','Gungahlin Power','Belsouth Cougars','Open U11 Black','Packup','',9,'HARRISON',0,0,9,250),('SYS00000052',0,'2015-07-18','12:30 PM','4AB','Gungahlin Guards','Canberra Grammar School','Open U11 Red','Packup','',9,'HARRISON',0,0,9,255),('SYS00000053',0,'2015-07-18','12:30 PM','1','Gungahlin United FC','Radford College','Open U13 Division 1','Setup','',9,'HARRISON',0,0,9,260),('SYS00000054',0,'2015-07-18','12:30 PM','4CD','Gungahlin Glory','Majura Spurs','Open U11 Yellow','Packup','',9,'HARRISON',0,0,9,265),('SYS00000055',0,'2015-07-18','12:30 PM','2','Gungahlin United FC','Yass Redbacks','Open U13 Division 2 Gold','Setup','',9,'HARRISON',0,0,9,270),('SYS00000056',0,'2015-07-18','1:45 PM','3','Gungahlin Cyclones','Radford College','Open U12 Division 2 Gold','Setup','',9,'HARRISON',0,0,9,275),('SYS00000057',0,'2015-07-18','1:45 PM','2','Gungahlin United FC - Div 3','Majura FC','Girls U14 Division 2','-','',9,'HARRISON',0,0,9,280),('SYS00000058',0,'2015-07-18','1:45 PM','4','Gungahlin Typhoons','Brindabella Blues FC','Open U12 Division 3 Blue','Setup','',9,'HARRISON',0,0,9,285),('SYS00000059',0,'2015-07-18','1:45 PM','1','Gungahlin United FC','Tuggeranong United Development Academy','Open U14 Division 1','-','',9,'HARRISON',0,0,9,290),('SYS00000060',0,'2015-07-18','3:10 PM','2','Gungahlin United FC','Majura Olympic - Div 1','Girls U18 Division 1','Packup','',9,'HARRISON',0,0,9,295),('SYS00000061',0,'2015-07-18','3:10 PM','1','Gungahlin United FC','Marist FC 1st XI','Open U18 Division 1','Packup','',9,'HARRISON',0,0,9,300),('SYS00000062',0,'2015-07-18','3:10 PM','6','Gungahlin United FC','Canberra Girls Grammar School','Girls U16 Division 2','Packup','',9,'HARRISON',0,0,9,305),('SYS00000063',0,'2015-07-18','3:10 PM','5','Gungahlin United FC Gold','Radford College','Open U15 Division 3','Packup','',9,'HARRISON',0,0,9,310),('SYS00000064',0,'2015-07-18','3:10 PM','4','Gungahlin United FC','Canberra FC','Open U16 Division 1','Packup','',9,'HARRISON',0,0,9,315),('SYS00000065',0,'2015-07-18','3:10 PM','3','Gungahlin United FC','Radford College','Open U16 Division 2','Packup','',9,'HARRISON',0,0,9,320),('U10026',26,'2015-05-09','11:30 AM','1AB','Gungahlin Eagles','Monaro Panthers Grey','Open U10 Yellow','Setup and Packup','K. WALKER',2,'HARRISON',NULL,NULL,2,NULL),('U10027',27,'2015-05-09','11:30 AM','1CD','Gungahlin Whitetails','Brindabella Blues FC','Open U10 Blue','Setup and Packup','J. FINCH',2,'HARRISON',NULL,NULL,2,NULL),('U10028',28,'2015-05-09','11:30 AM','2AB','Gungahlin United Griffins','Belnorth Strikers','Open U10 Blue','Setup ','Y. JEELALL',2,'HARRISON',NULL,NULL,2,NULL),('U10029',29,'2015-05-09','11:30 AM','4AB','Gungahlin Cyclones','Belnorth Strikers','Open U10 White','Get larger crossbars','D. VAN PUTTEN',2,'HARRISON',NULL,NULL,2,NULL),('U10030',30,'2015-05-09','11:30 AM','3AB','Gungahlin Tornadoes','Weston Molonglo FC','Open U10 Red','Get larger crossbars','E. WHITE',2,'HARRISON',NULL,NULL,2,NULL),('U10031',31,'2015-05-09','11:30 AM','3CD','Gungahlin Gazelles','Belsouth Swifts','Girls U10 White','Get larger crossbars','C. PRESTON',2,'HARRISON',NULL,NULL,2,NULL),('U10032',32,'2015-05-09','11:30 AM','4CD','Gungahlin United Phoenix','Belsouth Thunder','Open U10 Green','Setup and Packup','J. BENNY',2,'HARRISON',NULL,NULL,2,NULL),('U11033',33,'2015-05-09','12:30 PM','3AB','Gungahlin Whirlwinds','Tuggeranong United Matildas','Girls U11 White','Packup','C. PRESTON',2,'HARRISON',NULL,NULL,2,NULL),('U11034',34,'2015-05-09','12:30 PM','3CD','Gungahlin Guards','Belsouth Panthers','Open U11 Red','Packup','B. PERRY',2,'HARRISON',NULL,NULL,2,NULL),('U11035',35,'2015-05-09','12:30 PM','4CD','Gungahlin Galaxy','Weston Molonglo Falcons','Open U11 White','Packup','J. FINCH',2,'HARRISON',NULL,NULL,2,NULL),('U11036',36,'2015-05-09','12:30 PM','4AB','Gungahlin Strikers','Majura Gunners','Open U11 Green','Packup','D. VAN PUTTEN',2,'HARRISON',NULL,NULL,2,NULL),('U11037',37,'2015-05-09','12:30 PM','2AB','Gungahlin Power','Canberra Grammar School','Open U11 Black','Packup','Y. JEELALL',2,'HARRISON',NULL,NULL,2,NULL),('U12042',42,'2015-05-09','1:45 PM','3','Gungahlin Thunder','Real Majura','Open U12 Division 1','Setup ','S. BARDSLEY',2,'HARRISON',NULL,NULL,2,NULL),('U12043',43,'2015-05-09','1:45 PM','4','Gungahlin Typhoons','Belwest Scorpions','Open U12 Division 3 Blue','Setup ','Y. JEELALL',2,'HARRISON',NULL,NULL,2,NULL),('U13038',38,'2015-05-09','12:30 PM','1','Gungahlin United FC','Majura Fury','Open U13 Division 1','Setup ','J. BENNY',2,'HARRISON',NULL,NULL,2,NULL),('U13039',39,'2015-05-09','12:30 PM','6','Gungahlin United FC','Capital Football U12','Girls U13 Division 1','Setup ','S. BARDSLEY ',2,'HARRISON',NULL,NULL,2,NULL),('U14040',40,'2015-05-09','1:45 PM','6','Gungahlin United FC','Belnorth Strikers','Open U14 Division 3','','A. PRESTON',2,'HARRISON',NULL,NULL,2,NULL),('U14041',41,'2015-05-09','1:45 PM','2','Gungahlin United FC','Woden Valley United','Girls U14 Division 1','Setup','C. SHELTON',2,'HARRISON',NULL,NULL,2,NULL),('U14045',45,'2015-05-09','1:45 PM','1','Gungahlin United FC','Monaro Panthers FC','Open U14 Division 1','-','B. ROLFE',2,'HARRISON',NULL,NULL,2,NULL),('U15048',48,'2015-05-09','3:10 PM','6','Gungahlin United FC Gold','Woden Valley Hammers','Open U15 Division 3','Packup','B. PERRY',2,'HARRISON',NULL,NULL,2,NULL),('U16047',47,'2015-05-09','3:10 PM','3','Gungahlin United FC','Woden Valley Spurs','Girls U16 Division 2','Packup','S. BARDSLEY',2,'HARRISON',NULL,NULL,2,NULL),('U16049',49,'2015-05-09','3:10 PM','1','Gungahlin United FC','Woden Valley Rivals','Open U16 Division 1','Packup','B. ROLFE',2,'HARRISON',NULL,NULL,2,NULL),('U16050',50,'2015-05-09','3:10 PM','4','Gungahlin United FC','Monaro Panthers FC','Open U16 Division 2','Packup','A. PRESTON',2,'HARRISON',NULL,NULL,2,NULL),('U18046',46,'2015-05-09','3:00 AM','2','Gungahlin United FC','Canberra Girls Grammar School','Girls U18 Division 1','Packup','C. SHELTON',2,'HARRISON',NULL,NULL,2,NULL),('U5001',1,'2015-05-02','10:00 AM','21','U5 Blues Clues','U5 Cheetahs','U5','Packup',NULL,1,'HARRISON',NULL,NULL,1,NULL),('U5002',2,'2015-05-02','10:00 AM','22','U5 Dinosaurs','U5 Tinkerbell','U5','Packup',NULL,1,'HARRISON',NULL,NULL,1,NULL),('U5003',3,'2015-05-02','10:00 AM','23','U5 Emus','U5 Tigers','U5','Packup',NULL,1,'HARRISON',NULL,NULL,1,NULL),('U5004',4,'2015-05-02','10:00 AM','24','U5 Frogs','U5 Strikers','U5','Packup',NULL,1,'HARRISON',NULL,NULL,1,NULL),('U5005',5,'2015-05-02','10:00 AM','25','U5 Giraffes','U5 Soccer Stars','U5','Packup',NULL,1,'HARRISON',NULL,NULL,1,NULL),('U5006',6,'2015-05-02','10:00 AM','26','U5 Little Diggers','U5 Snow White','U5','Packup',NULL,1,'HARRISON',NULL,NULL,1,NULL),('U5007',7,'2015-05-02','10:00 AM','27','U5 Pandas','U5 Wombats','U5','Packup',NULL,1,'HARRISON',NULL,NULL,1,NULL),('U5008',8,'2015-05-09','10:00 AM','22','U5 Blues Clues','U5 Dinosaurs','U5','Packup',NULL,2,'HARRISON',NULL,NULL,2,NULL),('U5009',9,'2015-05-09','10:00 AM','23','U5 Cheetahs','U5 Wombats','U5','Packup',NULL,2,'HARRISON',NULL,NULL,2,NULL),('U5010',10,'2015-05-09','10:00 AM','24','U5 Emus','U5 Tinkerbell','U5','Packup',NULL,2,'HARRISON',NULL,NULL,2,NULL),('U5011',11,'2015-05-09','10:00 AM','25','U5 Frogs','U5 Tigers','U5','Packup',NULL,2,'HARRISON',NULL,NULL,2,NULL),('U5012',12,'2015-05-09','10:00 AM','26','U5 Giraffes','U5 Strikers','U5','Packup',NULL,2,'HARRISON',NULL,NULL,2,NULL),('U5013',13,'2015-05-09','10:00 AM','27','U5 Little Diggers','U5 Soccer Stars','U5','Packup',NULL,2,'HARRISON',NULL,NULL,2,NULL),('U5014',14,'2015-05-09','10:00 AM','21','U5 Pandas','U5 Snow White','U5','Packup',NULL,2,'HARRISON',NULL,NULL,2,NULL),('U5015',15,'2015-05-16','10:00 AM','23','U5 Blues Clues','U5 Emus','U5','Packup',NULL,3,'HARRISON',NULL,NULL,3,NULL),('U5016',16,'2015-05-16','10:00 AM','24','U5 Cheetahs','U5 Dinosaurs','U5','Packup',NULL,3,'HARRISON',NULL,NULL,3,NULL),('U5017',17,'2015-05-16','10:00 AM','25','U5 Frogs','U5 Tinkerbell','U5','Packup',NULL,3,'HARRISON',NULL,NULL,3,NULL),('U5018',18,'2015-05-16','10:00 AM','26','U5 Giraffes','U5 Tigers','U5','Packup',NULL,3,'HARRISON',NULL,NULL,3,NULL),('U5019',19,'2015-05-16','10:00 AM','27','U5 Little Diggers','U5 Strikers','U5','Packup',NULL,3,'HARRISON',NULL,NULL,3,NULL),('U5020',20,'2015-05-16','10:00 AM','21','U5 Pandas','U5 Soccer Stars','U5','Packup',NULL,3,'HARRISON',NULL,NULL,3,NULL),('U5021',21,'2015-05-16','10:00 AM','22','U5 Snow White','U5 Wombats','U5','Packup',NULL,3,'HARRISON',NULL,NULL,3,NULL),('U5022',22,'2015-05-23','10:00 AM','24','U5 Blues Clues','U5 Frogs','U5','Packup',NULL,4,'HARRISON',NULL,NULL,4,1),('U5023',23,'2015-05-23','10:00 AM','25','U5 Cheetahs','U5 Emus','U5','Packup',NULL,4,'HARRISON',NULL,NULL,4,2),('U5024',24,'2015-05-23','10:00 AM','26','U5 Dinosaurs','U5 Wombats','U5','Packup',NULL,4,'HARRISON',NULL,NULL,4,3),('U5025',25,'2015-05-23','10:00 AM','27','U5 Giraffes','U5 Tinkerbell','U5','Packup',NULL,4,'HARRISON',NULL,NULL,4,4),('U5026',26,'2015-05-23','10:00 AM','21','U5 Little Diggers','U5 Tigers','U5','Packup',NULL,4,'HARRISON',NULL,NULL,4,5),('U5027',27,'2015-05-23','10:00 AM','22','U5 Pandas','U5 Strikers','U5','Packup',NULL,4,'HARRISON',NULL,NULL,4,6),('U5028',28,'2015-05-23','10:00 AM','23','U5 Snow White','U5 Soccer Stars','U5','Packup',NULL,4,'HARRISON',NULL,NULL,4,7),('U5029',29,'2015-05-30','10:00 AM','25','U5 Blues Clues','U5 Giraffes','U5','Packup','',5,'HARRISON',NULL,NULL,5,24),('U5030',30,'2015-05-30','10:00 AM','26','U5 Cheetahs','U5 Frogs','U5','Packup','',5,'HARRISON',NULL,NULL,5,25),('U5031',31,'2015-05-30','10:00 AM','27','U5 Dinosaurs','U5 Emus','U5','Packup','',5,'HARRISON',NULL,NULL,5,26),('U5032',32,'2015-05-30','10:00 AM','21','U5 Little Diggers','U5 Tinkerbell','U5','Packup','',5,'HARRISON',NULL,NULL,5,27),('U5033',33,'2015-05-30','10:00 AM','22','U5 Pandas','U5 Tigers','U5','Packup','',5,'HARRISON',NULL,NULL,5,28),('U5034',34,'2015-05-30','10:00 AM','23','U5 Snow White','U5 Strikers','U5','Packup','',5,'HARRISON',NULL,NULL,5,29),('U5035',35,'2015-05-30','10:00 AM','24','U5 Soccer Stars','U5 Wombats','U5','Packup','',5,'HARRISON',NULL,NULL,5,30),('U5043',43,'2015-06-13','10:00 AM','26','U5 Blues Clues','U5 Little Diggers','U5','Packup',NULL,6,'HARRISON',NULL,NULL,6,NULL),('U5044',44,'2015-06-13','10:00 AM','27','U5 Cheetahs','U5 Giraffes','U5','Packup',NULL,6,'HARRISON',NULL,NULL,6,NULL),('U5045',45,'2015-06-13','10:00 AM','21','U5 Dinosaurs','U5 Frogs','U5','Packup',NULL,6,'HARRISON',NULL,NULL,6,NULL),('U5046',46,'2015-06-13','10:00 AM','22','U5 Emus','U5 Wombats','U5','Packup',NULL,6,'HARRISON',NULL,NULL,6,NULL),('U5047',47,'2015-06-13','10:00 AM','23','U5 Pandas','U5 Tinkerbell','U5','Packup',NULL,6,'HARRISON',NULL,NULL,6,NULL),('U5048',48,'2015-06-13','10:00 AM','24','U5 Snow White','U5 Tigers','U5','Packup',NULL,6,'HARRISON',NULL,NULL,6,NULL),('U5049',49,'2015-06-13','10:00 AM','25','U5 Soccer Stars','U5 Strikers','U5','Packup',NULL,6,'HARRISON',NULL,NULL,6,NULL),('U5050',50,'2015-06-20','10:00 AM','27','U5 Blues Clues','U5 Pandas','U5','Packup','N/A',7,'HARRISON',NULL,NULL,7,120),('U5051',51,'2015-06-20','10:00 AM','21','U5 Cheetahs','U5 Little Diggers','U5','Packup','N/A',7,'HARRISON',NULL,NULL,7,125),('U5052',52,'2015-06-20','10:00 AM','22','U5 Dinosaurs','U5 Giraffes','U5','Packup','N/A',7,'HARRISON',NULL,NULL,7,130),('U5053',53,'2015-06-20','10:00 AM','23','U5 Emus','U5 Frogs','U5','Packup','N/A',7,'HARRISON',NULL,NULL,7,135),('U5054',54,'2015-06-20','10:00 AM','24','U5 Snow White','U5 Tinkerbell','U5','Packup','N/A',7,'HARRISON',NULL,NULL,7,140),('U5055',55,'2015-06-20','10:00 AM','25','U5 Soccer Stars','U5 Tigers','U5','Packup','N/A',7,'HARRISON',NULL,NULL,7,145),('U5056',56,'2015-06-20','10:00 AM','26','U5 Strikers','U5 Wombats','U5','Packup','N/A',7,'HARRISON',NULL,NULL,7,150),('U5057',57,'2015-06-27','10:00 AM','21','U5 Blues Clues','U5 Snow White','U5','Packup','N/A',8,'HARRISON',NULL,NULL,8,125),('U5058',58,'2015-06-27','10:00 AM','22','U5 Cheetahs','U5 Pandas','U5','Packup','N/A',8,'HARRISON',NULL,NULL,8,130),('U5059',59,'2015-06-27','10:00 AM','23','U5 Dinosaurs','U5 Little Diggers','U5','Packup','N/A',8,'HARRISON',NULL,NULL,8,135),('U5060',60,'2015-06-27','10:00 AM','24','U5 Emus','U5 Giraffes','U5','Packup','N/A',8,'HARRISON',NULL,NULL,8,140),('U5061',61,'2015-06-27','10:00 AM','25','U5 Frogs','U5 Wombats','U5','Packup','N/A',8,'HARRISON',NULL,NULL,8,145),('U5062',62,'2015-06-27','10:00 AM','26','U5 Soccer Stars','U5 Tinkerbell','U5','Packup','N/A',8,'HARRISON',NULL,NULL,8,150),('U5063',63,'2015-06-27','10:00 AM','27','U5 Strikers','U5 Tigers','U5','Packup','N/A',8,'HARRISON',NULL,NULL,8,155),('U5064',64,'2015-07-18','10:00 AM','21','U5 Blues Clues','U5 Soccer Stars','U5','Packup','N/A',9,'HARRISON',NULL,NULL,9,125),('U5065',65,'2015-07-18','10:00 AM','22','U5 Cheetahs','U5 Snow White','U5','Packup','N/A',9,'HARRISON',NULL,NULL,9,130),('U5066',66,'2015-07-18','10:00 AM','23','U5 Dinosaurs','U5 Pandas','U5','Packup','N/A',9,'HARRISON',NULL,NULL,9,135),('U5067',67,'2015-07-18','10:00 AM','24','U5 Emus','U5 Little Diggers','U5','Packup','N/A',9,'HARRISON',NULL,NULL,9,140),('U5068',68,'2015-07-18','10:00 AM','25','U5 Frogs','U5 Giraffes','U5','Packup','N/A',9,'HARRISON',NULL,NULL,9,145),('U5069',69,'2015-07-18','10:00 AM','26','U5 Strikers','U5 Tinkerbell','U5','Packup','N/A',9,'HARRISON',NULL,NULL,9,150),('U5070',70,'2015-07-18','10:00 AM','27','U5 Tigers','U5 Wombats','U5','Packup','N/A',9,'HARRISON',NULL,NULL,9,155),('U5071',71,'2015-07-25','10:00 AM','22','U5 Blues Clues','U5 Strikers','U5',NULL,NULL,10,'HARRISON',NULL,NULL,10,NULL),('U5072',72,'2015-07-25','10:00 AM','23','U5 Cheetahs','U5 Soccer Stars','U5',NULL,NULL,10,'HARRISON',NULL,NULL,10,NULL),('U5073',73,'2015-07-25','10:00 AM','24','U5 Dinosaurs','U5 Snow White','U5',NULL,NULL,10,'HARRISON',NULL,NULL,10,NULL),('U5074',74,'2015-07-25','10:00 AM','25','U5 Emus','U5 Pandas','U5',NULL,NULL,10,'HARRISON',NULL,NULL,10,NULL),('U5075',75,'2015-07-25','10:00 AM','26','U5 Frogs','U5 Little Diggers','U5',NULL,NULL,10,'HARRISON',NULL,NULL,10,NULL),('U5076',76,'2015-07-25','10:00 AM','27','U5 Giraffes','U5 Wombats','U5',NULL,NULL,10,'HARRISON',NULL,NULL,10,NULL),('U5077',77,'2015-07-25','10:00 AM','21','U5 Tigers','U5 Tinkerbell','U5',NULL,NULL,10,'HARRISON',NULL,NULL,10,NULL),('U5078',78,'2015-08-01','10:00 AM','23','U5 Blues Clues','U5 Tigers','U5',NULL,NULL,11,'HARRISON',NULL,NULL,11,NULL),('U5079',79,'2015-08-01','10:00 AM','24','U5 Cheetahs','U5 Strikers','U5',NULL,NULL,11,'HARRISON',NULL,NULL,11,NULL),('U5080',80,'2015-08-01','10:00 AM','25','U5 Dinosaurs','U5 Soccer Stars','U5',NULL,NULL,11,'HARRISON',NULL,NULL,11,NULL),('U5081',81,'2015-08-01','10:00 AM','26','U5 Emus','U5 Snow White','U5',NULL,NULL,11,'HARRISON',NULL,NULL,11,NULL),('U5082',82,'2015-08-01','10:00 AM','27','U5 Frogs','U5 Pandas','U5',NULL,NULL,11,'HARRISON',NULL,NULL,11,NULL),('U5083',83,'2015-08-01','10:00 AM','21','U5 Giraffes','U5 Little Diggers','U5',NULL,NULL,11,'HARRISON',NULL,NULL,11,NULL),('U5084',84,'2015-08-01','10:00 AM','22','U5 Tinkerbell','U5 Wombats','U5',NULL,NULL,11,'HARRISON',NULL,NULL,11,NULL),('U5085',85,'2015-08-08','10:00 AM','24','U5 Blues Clues','U5 Tinkerbell','U5',NULL,NULL,12,'HARRISON',NULL,NULL,12,NULL),('U5086',86,'2015-08-08','10:00 AM','25','U5 Cheetahs','U5 Tigers','U5',NULL,NULL,12,'HARRISON',NULL,NULL,12,NULL),('U5087',87,'2015-08-08','10:00 AM','26','U5 Dinosaurs','U5 Strikers','U5',NULL,NULL,12,'HARRISON',NULL,NULL,12,NULL),('U5088',88,'2015-08-08','10:00 AM','27','U5 Emus','U5 Soccer Stars','U5',NULL,NULL,12,'HARRISON',NULL,NULL,12,NULL),('U5089',89,'2015-08-08','10:00 AM','21','U5 Frogs','U5 Snow White','U5',NULL,NULL,12,'HARRISON',NULL,NULL,12,NULL),('U5090',90,'2015-08-08','10:00 AM','22','U5 Giraffes','U5 Pandas','U5',NULL,NULL,12,'HARRISON',NULL,NULL,12,NULL),('U5091',91,'2015-08-08','10:00 AM','23','U5 Little Diggers','U5 Wombats','U5',NULL,NULL,12,'HARRISON',NULL,NULL,12,NULL),('U5092',92,'2015-08-15','10:00 AM','25','U5 Blues Clues','U5 Wombats','U5',NULL,NULL,13,'HARRISON',NULL,NULL,13,NULL),('U5093',93,'2015-08-15','10:00 AM','26','U5 Cheetahs','U5 Tinkerbell','U5',NULL,NULL,13,'HARRISON',NULL,NULL,13,NULL),('U5094',94,'2015-08-15','10:00 AM','27','U5 Dinosaurs','U5 Tigers','U5',NULL,NULL,13,'HARRISON',NULL,NULL,13,NULL),('U5095',95,'2015-08-15','10:00 AM','21','U5 Emus','U5 Strikers','U5',NULL,NULL,13,'HARRISON',NULL,NULL,13,NULL),('U5096',96,'2015-08-15','10:00 AM','22','U5 Frogs','U5 Soccer Stars','U5',NULL,NULL,13,'HARRISON',NULL,NULL,13,NULL),('U5097',97,'2015-08-15','10:00 AM','23','U5 Giraffes','U5 Snow White','U5',NULL,NULL,13,'HARRISON',NULL,NULL,13,NULL),('U5098',98,'2015-08-15','10:00 AM','24','U5 Little Diggers','U5 Pandas','U5',NULL,NULL,13,'HARRISON',NULL,NULL,13,NULL),('U5099',99,'2015-08-22','10:00 AM','26','U5 Cheetahs','U5 Blues Clues','U5',NULL,NULL,14,'HARRISON',NULL,NULL,14,NULL),('U5100',100,'2015-08-22','10:00 AM','27','U5 Tinkerbell','U5 Dinosaurs','U5',NULL,NULL,14,'HARRISON',NULL,NULL,14,NULL),('U5101',101,'2015-08-22','10:00 AM','21','U5 Tigers','U5 Emus','U5',NULL,NULL,14,'HARRISON',NULL,NULL,14,NULL),('U5102',102,'2015-08-22','10:00 AM','22','U5 Strikers','U5 Frogs','U5',NULL,NULL,14,'HARRISON',NULL,NULL,14,NULL),('U5103',103,'2015-08-22','10:00 AM','23','U5 Soccer Stars','U5 Giraffes','U5',NULL,NULL,14,'HARRISON',NULL,NULL,14,NULL),('U5104',104,'2015-08-22','10:00 AM','24','U5 Snow White','U5 Little Diggers','U5',NULL,NULL,14,'HARRISON',NULL,NULL,14,NULL),('U5105',105,'2015-08-22','10:00 AM','25','U5 Wombats','U5 Pandas','U5',NULL,NULL,14,'HARRISON',NULL,NULL,14,NULL),('U5106',106,'2015-08-29','10:00 AM','27','U5 Dinosaurs','U5 Blues Clues','U5',NULL,NULL,15,'HARRISON',NULL,NULL,15,NULL),('U5107',107,'2015-08-29','10:00 AM','21','U5 Wombats','U5 Cheetahs','U5',NULL,NULL,15,'HARRISON',NULL,NULL,15,NULL),('U5108',108,'2015-08-29','10:00 AM','22','U5 Tinkerbell','U5 Emus','U5',NULL,NULL,15,'HARRISON',NULL,NULL,15,NULL),('U5109',109,'2015-08-29','10:00 AM','23','U5 Tigers','U5 Frogs','U5',NULL,NULL,15,'HARRISON',NULL,NULL,15,NULL),('U5110',110,'2015-08-29','10:00 AM','24','U5 Strikers','U5 Giraffes','U5',NULL,NULL,15,'HARRISON',NULL,NULL,15,NULL),('U5111',111,'2015-08-29','10:00 AM','25','U5 Soccer Stars','U5 Little Diggers','U5',NULL,NULL,15,'HARRISON',NULL,NULL,15,NULL),('U5112',112,'2015-08-29','10:00 AM','26','U5 Snow White','U5 Pandas','U5',NULL,NULL,15,'HARRISON',NULL,NULL,15,NULL),('U5113',113,'2015-09-05','10:00 AM','21','U5 Emus','U5 Blues Clues','U5',NULL,NULL,16,'HARRISON',NULL,NULL,16,NULL),('U5114',114,'2015-09-05','10:00 AM','22','U5 Dinosaurs','U5 Cheetahs','U5',NULL,NULL,16,'HARRISON',NULL,NULL,16,NULL),('U5115',115,'2015-09-05','10:00 AM','23','U5 Tinkerbell','U5 Frogs','U5',NULL,NULL,16,'HARRISON',NULL,NULL,16,NULL),('U5116',116,'2015-09-05','10:00 AM','24','U5 Tigers','U5 Giraffes','U5',NULL,NULL,16,'HARRISON',NULL,NULL,16,NULL),('U5117',117,'2015-09-05','10:00 AM','25','U5 Strikers','U5 Little Diggers','U5',NULL,NULL,16,'HARRISON',NULL,NULL,16,NULL),('U5118',118,'2015-09-05','10:00 AM','26','U5 Soccer Stars','U5 Pandas','U5',NULL,NULL,16,'HARRISON',NULL,NULL,16,NULL),('U5119',119,'2015-09-05','10:00 AM','27','U5 Wombats','U5 Snow White','U5',NULL,NULL,16,'HARRISON',NULL,NULL,16,NULL),('U5G001',1,'2015-05-02','08:50 AM','3A','Bumble Bees','Dolphins','Girls MiniRoos','Setup','M. VAREY',1,'HARRISON',NULL,NULL,1,NULL),('U5G002',2,'2015-05-02','08:50 AM','3B','Pink Strikers','Swifts','Girls MiniRoos','Setup','B. KEOMANIVONG',1,'HARRISON',NULL,NULL,1,NULL),('U5G003',3,'2015-05-02','08:50 AM','3C','Purple Ponies','Pink All Stars','Girls MiniRoos','Setup','K. WALKER',1,'HARRISON',NULL,NULL,1,NULL),('U5G004',4,'2015-05-02','08:50 AM','3D','Unicorns','Butterflies','Girls MiniRoos','Setup','J. LEE',1,'HARRISON',NULL,NULL,1,NULL),('U5G005',5,'2015-05-09','08:50 AM','3B','Bumble Bees','Pink Strikers','Girls Miniroos','Setup','M. VAREY',2,'HARRISON',NULL,NULL,2,NULL),('U5G006',6,'2015-05-09','08:50 AM','3C','Dolphins','Butterflies','Girls Miniroos','Setup','J. LEE',2,'HARRISON',NULL,NULL,2,NULL),('U5G007',7,'2015-05-09','08:50 AM','3D','Purple Ponies','Swifts','Girls Miniroos','Setup','J. GUNAWARDENA',2,'HARRISON',NULL,NULL,2,NULL),('U5G008',8,'2015-05-09','08:50 AM','3A','Dragonflies','Pink All Stars','Girls Miniroos','Setup','B. ADAM',2,'HARRISON',NULL,NULL,2,NULL),('U6001',1,'2015-05-02','09:00 AM','21','U6 Pluto','U6 Skylanders','U6','Setup','N/A',1,'HARRISON',NULL,NULL,1,NULL),('U6002',2,'2015-05-02','09:00 AM','22','U6 Bullseye','U6 Buzz Lightyear','U6','Setup','N/A',1,'HARRISON',NULL,NULL,1,NULL),('U6003',3,'2015-05-02','09:00 AM','23','U6 Cobras','U6 Woody','U6','Setup','N/A',1,'HARRISON',NULL,NULL,1,NULL),('U6004',4,'2015-05-02','09:00 AM','24','U6 Goofy','U6 Transformers','U6','Setup','N/A',1,'HARRISON',NULL,NULL,1,NULL),('U6005',5,'2015-05-02','09:00 AM','25','U6 Happy Feet','U6 Toy Story','U6','Setup','N/A',1,'HARRISON',NULL,NULL,1,NULL),('U6006',6,'2015-05-02','09:00 AM','26','U6 Hulks','U6 Tarzans','U6','Setup','N/A',1,'HARRISON',NULL,NULL,1,NULL),('U6007',7,'2015-05-02','09:00 AM','27','U6 Lion Cubs','U6 Strikers','U6','Setup','N/A',1,'HARRISON',NULL,NULL,1,NULL),('U6008',8,'2015-05-02','09:00 AM','28','U6 Mater','U6 Starfish','U6','Setup and Packup','N/A',1,'HARRISON',NULL,NULL,1,NULL),('U6009',9,'2015-05-09','09:00 AM','22','U6 Bullseye','U6 Cobras','U6','Setup','N/A',2,'HARRISON',NULL,NULL,2,NULL),('U6010',10,'2015-05-09','09:00 AM','23','U6 Goofy','U6 Woody','U6','Setup','N/A',2,'HARRISON',NULL,NULL,2,NULL),('U6011',11,'2015-05-09','09:00 AM','24','U6 Happy Feet','U6 Transformers','U6','Setup','N/A',2,'HARRISON',NULL,NULL,2,NULL),('U6012',12,'2015-05-09','09:00 AM','25','U6 Hulks','U6 Toy Story','U6','Setup','N/A',2,'HARRISON',NULL,NULL,2,NULL),('U6013',13,'2015-05-09','09:00 AM','26','U6 Lion Cubs','U6 Tarzans','U6','Setup','N/A',2,'HARRISON',NULL,NULL,2,NULL),('U6014',14,'2015-05-09','09:00 AM','27','U6 Mater','U6 Strikers','U6','Setup','N/A',2,'HARRISON',NULL,NULL,2,NULL),('U6015',15,'2015-05-09','09:00 AM','28','U6 Pluto','U6 Starfish','U6','Setup','N/A',2,'HARRISON',NULL,NULL,2,NULL),('U6016',16,'2015-05-09','09:00 AM','21','U6 Scarecrows','U6 Skylanders','U6','Setup and Packup','N/A',2,'HARRISON',NULL,NULL,2,NULL),('U6017',17,'2015-05-16','09:00 AM','23','U6 Bullseye','U6 Goofy','U6','Setup',NULL,3,'HARRISON',NULL,NULL,3,NULL),('U6018',18,'2015-05-16','09:00 AM','24','U6 Buzz Lightyear','U6 Cobras','U6','Setup',NULL,3,'HARRISON',NULL,NULL,3,NULL),('U6019',19,'2015-05-16','09:00 AM','25','U6 Happy Feet','U6 Woody','U6','Setup',NULL,3,'HARRISON',NULL,NULL,3,NULL),('U6020',20,'2015-05-16','09:00 AM','26','U6 Hulks','U6 Transformers','U6','Setup',NULL,3,'HARRISON',NULL,NULL,3,NULL),('U6021',21,'2015-05-16','09:00 AM','27','U6 Lion Cubs','U6 Toy Story','U6','Setup',NULL,3,'HARRISON',NULL,NULL,3,NULL),('U6022',22,'2015-05-16','09:00 AM','28','U6 Mater','U6 Tarzans','U6','Setup',NULL,3,'HARRISON',NULL,NULL,3,NULL),('U6023',23,'2015-05-16','09:00 AM','21','U6 Pluto','U6 Strikers','U6','Setup',NULL,3,'HARRISON',NULL,NULL,3,NULL),('U6024',24,'2015-05-16','09:00 AM','22','U6 Scarecrows','U6 Starfish','U6','Setup and Packup',NULL,3,'HARRISON',NULL,NULL,3,NULL),('U6025',25,'2015-05-23','09:00 AM','24','U6 Bullseye','U6 Happy Feet','U6','Setup',NULL,4,'HARRISON',NULL,NULL,4,1),('U6026',26,'2015-05-23','09:00 AM','25','U6 Buzz Lightyear','U6 Goofy','U6','Setup',NULL,4,'HARRISON',NULL,NULL,4,2),('U6027',27,'2015-05-23','09:00 AM','26','U6 Hulks','U6 Woody','U6','Setup',NULL,4,'HARRISON',NULL,NULL,4,3),('U6028',28,'2015-05-23','09:00 AM','27','U6 Lion Cubs','U6 Transformers','U6','Setup and Packup',NULL,4,'HARRISON',NULL,NULL,4,4),('U6029',29,'2015-05-23','09:00 AM','28','U6 Mater','U6 Toy Story','U6','Setup',NULL,4,'HARRISON',NULL,NULL,4,5),('U6030',30,'2015-05-23','09:00 AM','21','U6 Pluto','U6 Tarzans','U6','Setup',NULL,4,'HARRISON',NULL,NULL,4,6),('U6031',31,'2015-05-23','09:00 AM','22','U6 Scarecrows','U6 Strikers','U6','Setup',NULL,4,'HARRISON',NULL,NULL,4,7),('U6032',32,'2015-05-23','09:00 AM','23','U6 Skylanders','U6 Starfish','U6','Setup',NULL,4,'HARRISON',NULL,NULL,4,8),('U6033',33,'2015-05-30','09:00 AM','24','U6 Bullseye','U6 Hulks','U6','Setup','',5,'HARRISON',NULL,NULL,5,61),('U6034',34,'2015-05-30','09:00 AM','25','U6 Buzz Lightyear','U6 Happy Feet','U6','Setup','',5,'HARRISON',NULL,NULL,5,62),('U6035',35,'2015-05-30','09:00 AM','26','U6 Cobras','U6 Goofy','U6','Setup','',5,'HARRISON',NULL,NULL,5,63),('U6036',36,'2015-05-30','09:00 AM','27','U6 Lion Cubs','U6 Woody','U6','Setup','',5,'HARRISON',NULL,NULL,5,64),('U6037',37,'2015-05-30','09:00 AM','28','U6 Mater','U6 Transformers','U6','Setup and Packup','',5,'HARRISON',NULL,NULL,5,65),('U6038',38,'2015-05-30','09:00 AM','21','U6 Pluto','U6 Toy Story','U6','Setup','',5,'HARRISON',NULL,NULL,5,66),('U6039',39,'2015-05-30','09:00 AM','22','U6 Scarecrows','U6 Tarzans','U6','Setup','',5,'HARRISON',NULL,NULL,5,67),('U6040',40,'2015-05-30','09:00 AM','23','U6 Skylanders','U6 Strikers','U6','Setup','',5,'HARRISON',NULL,NULL,5,68),('U6041',41,'2015-06-13','09:00 AM','26','U6 Bullseye','U6 Lion Cubs','U6','Setup','',6,'HARRISON',NULL,NULL,6,NULL),('U6042',42,'2015-06-13','09:00 AM','27','U6 Buzz Lightyear','U6 Hulks','U6','Setup','',6,'HARRISON',NULL,NULL,6,NULL),('U6043',43,'2015-06-13','09:00 AM','28','U6 Cobras','U6 Happy Feet','U6','Setup and Packup','',6,'HARRISON',NULL,NULL,6,NULL),('U6044',44,'2015-06-13','09:00 AM','21','U6 Mater','U6 Woody','U6','Setup','',6,'HARRISON',NULL,NULL,6,NULL),('U6045',45,'2015-06-13','09:00 AM','22','U6 Pluto','U6 Transformers','U6','Setup','',6,'HARRISON',NULL,NULL,6,NULL),('U6046',46,'2015-06-13','09:00 AM','23','U6 Scarecrows','U6 Toy Story','U6','Setup','',6,'HARRISON',NULL,NULL,6,NULL),('U6047',47,'2015-06-13','09:00 AM','24','U6 Skylanders','U6 Tarzans','U6','Setup','',6,'HARRISON',NULL,NULL,6,NULL),('U6048',48,'2015-06-13','09:00 AM','25','U6 Starfish','U6 Strikers','U6','Setup','',6,'HARRISON',NULL,NULL,6,NULL),('U6049',49,'2015-06-20','09:00 AM','27','U6 Bullseye','U6 Mater','U6','Setup','N/A',7,'HARRISON',NULL,NULL,7,25),('U6050',50,'2015-06-20','09:00 AM','28','U6 Buzz Lightyear','U6 Lion Cubs','U6','Setup and Packup','N/A',7,'HARRISON',NULL,NULL,7,30),('U6051',51,'2015-06-20','09:00 AM','21','U6 Cobras','U6 Hulks','U6','Setup','N/A',7,'HARRISON',NULL,NULL,7,35),('U6052',52,'2015-06-20','09:00 AM','22','U6 Goofy','U6 Happy Feet','U6','Setup','N/A',7,'HARRISON',NULL,NULL,7,40),('U6053',53,'2015-06-20','09:00 AM','23','U6 Pluto','U6 Woody','U6','Setup','N/A',7,'HARRISON',NULL,NULL,7,45),('U6054',54,'2015-06-20','09:00 AM','24','U6 Scarecrows','U6 Transformers','U6','Setup','N/A',7,'HARRISON',NULL,NULL,7,50),('U6055',55,'2015-06-20','09:00 AM','25','U6 Skylanders','U6 Toy Story','U6','Setup','N/A',7,'HARRISON',NULL,NULL,7,55),('U6056',56,'2015-06-20','09:00 AM','26','U6 Starfish','U6 Tarzans','U6','Setup','N/A',7,'HARRISON',NULL,NULL,7,60),('U6057',57,'2015-06-27','09:00 AM','28','U6 Bullseye','U6 Pluto','U6','Setup','N/A',8,'HARRISON',NULL,NULL,8,25),('U6058',58,'2015-06-27','09:00 AM','21','U6 Buzz Lightyear','U6 Mater','U6','Setup and Packup','N/A',8,'HARRISON',NULL,NULL,8,30),('U6059',59,'2015-06-27','09:00 AM','22','U6 Cobras','U6 Lion Cubs','U6','Setup','N/A',8,'HARRISON',NULL,NULL,8,35),('U6060',60,'2015-06-27','09:00 AM','23','U6 Goofy','U6 Hulks','U6','Setup','N/A',8,'HARRISON',NULL,NULL,8,40),('U6061',61,'2015-06-27','09:00 AM','24','U6 Scarecrows','U6 Woody','U6','Setup','N/A',8,'HARRISON',NULL,NULL,8,45),('U6062',62,'2015-06-27','09:00 AM','25','U6 Skylanders','U6 Transformers','U6','Setup','N/A',8,'HARRISON',NULL,NULL,8,50),('U6063',63,'2015-06-27','09:00 AM','26','U6 Starfish','U6 Toy Story','U6','Setup','N/A',8,'HARRISON',NULL,NULL,8,55),('U6064',64,'2015-06-27','09:00 AM','27','U6 Strikers','U6 Tarzans','U6','Setup','N/A',8,'HARRISON',NULL,NULL,8,60),('U6065',65,'2015-07-18','09:00 AM','21','U6 Bullseye','U6 Scarecrows','U6','Setup','N/A',9,'HARRISON',NULL,NULL,9,25),('U6066',66,'2015-07-18','09:00 AM','22','U6 Buzz Lightyear','U6 Pluto','U6','Setup','N/A',9,'HARRISON',NULL,NULL,9,30),('U6067',67,'2015-07-18','09:00 AM','23','U6 Cobras','U6 Mater','U6','Setup','N/A',9,'HARRISON',NULL,NULL,9,35),('U6068',68,'2015-07-18','09:00 AM','24','U6 Goofy','U6 Lion Cubs','U6','Setup','N/A',9,'HARRISON',NULL,NULL,9,40),('U6069',69,'2015-07-18','09:00 AM','25','U6 Happy Feet','U6 Hulks','U6','Setup','N/A',9,'HARRISON',NULL,NULL,9,45),('U6070',70,'2015-07-18','09:00 AM','26','U6 Skylanders','U6 Woody','U6','Setup','N/A',9,'HARRISON',NULL,NULL,9,50),('U6071',71,'2015-07-18','09:00 AM','27','U6 Starfish','U6 Transformers','U6','Setup','N/A',9,'HARRISON',NULL,NULL,9,55),('U6072',72,'2015-07-18','09:00 AM','28','U6 Strikers','U6 Toy Story','U6','Setup and Packup','N/A',9,'HARRISON',NULL,NULL,9,60),('U6073',73,'2015-07-25','09:00 AM','22','U6 Bullseye','U6 Skylanders','U6',NULL,NULL,10,'HARRISON',NULL,NULL,10,NULL),('U6074',74,'2015-07-25','09:00 AM','23','U6 Buzz Lightyear','U6 Scarecrows','U6',NULL,NULL,10,'HARRISON',NULL,NULL,10,NULL),('U6075',75,'2015-07-25','09:00 AM','24','U6 Cobras','U6 Pluto','U6',NULL,NULL,10,'HARRISON',NULL,NULL,10,NULL),('U6076',76,'2015-07-25','09:00 AM','25','U6 Goofy','U6 Mater','U6',NULL,NULL,10,'HARRISON',NULL,NULL,10,NULL),('U6077',77,'2015-07-25','09:00 AM','26','U6 Happy Feet','U6 Lion Cubs','U6',NULL,NULL,10,'HARRISON',NULL,NULL,10,NULL),('U6078',78,'2015-07-25','09:00 AM','27','U6 Starfish','U6 Woody','U6',NULL,NULL,10,'HARRISON',NULL,NULL,10,NULL),('U6079',79,'2015-07-25','09:00 AM','28','U6 Strikers','U6 Transformers','U6',NULL,NULL,10,'HARRISON',NULL,NULL,10,NULL),('U6080',80,'2015-07-25','09:00 AM','21','U6 Tarzans','U6 Toy Story','U6',NULL,NULL,10,'HARRISON',NULL,NULL,10,NULL),('U6081',81,'2015-08-01','09:00 AM','23','U6 Bullseye','U6 Starfish','U6',NULL,NULL,11,'HARRISON',NULL,NULL,11,NULL),('U6082',82,'2015-08-01','09:00 AM','24','U6 Buzz Lightyear','U6 Skylanders','U6',NULL,NULL,11,'HARRISON',NULL,NULL,11,NULL),('U6083',83,'2015-08-01','09:00 AM','25','U6 Cobras','U6 Scarecrows','U6',NULL,NULL,11,'HARRISON',NULL,NULL,11,NULL),('U6084',84,'2015-08-01','09:00 AM','26','U6 Goofy','U6 Pluto','U6',NULL,NULL,11,'HARRISON',NULL,NULL,11,NULL),('U6085',85,'2015-08-01','09:00 AM','27','U6 Happy Feet','U6 Mater','U6',NULL,NULL,11,'HARRISON',NULL,NULL,11,NULL),('U6086',86,'2015-08-01','09:00 AM','28','U6 Hulks','U6 Lion Cubs','U6',NULL,NULL,11,'HARRISON',NULL,NULL,11,NULL),('U6087',87,'2015-08-01','09:00 AM','21','U6 Strikers','U6 Woody','U6',NULL,NULL,11,'HARRISON',NULL,NULL,11,NULL),('U6088',88,'2015-08-01','09:00 AM','22','U6 Tarzans','U6 Transformers','U6',NULL,NULL,11,'HARRISON',NULL,NULL,11,NULL),('U6089',89,'2015-08-08','09:00 AM','24','U6 Bullseye','U6 Strikers','U6',NULL,NULL,12,'HARRISON',NULL,NULL,12,NULL),('U6090',90,'2015-08-08','09:00 AM','25','U6 Buzz Lightyear','U6 Starfish','U6',NULL,NULL,12,'HARRISON',NULL,NULL,12,NULL),('U6091',91,'2015-08-08','09:00 AM','26','U6 Cobras','U6 Skylanders','U6',NULL,NULL,12,'HARRISON',NULL,NULL,12,NULL),('U6092',92,'2015-08-08','09:00 AM','27','U6 Goofy','U6 Scarecrows','U6',NULL,NULL,12,'HARRISON',NULL,NULL,12,NULL),('U6093',93,'2015-08-08','09:00 AM','28','U6 Happy Feet','U6 Pluto','U6',NULL,NULL,12,'HARRISON',NULL,NULL,12,NULL),('U6094',94,'2015-08-08','09:00 AM','21','U6 Hulks','U6 Mater','U6',NULL,NULL,12,'HARRISON',NULL,NULL,12,NULL),('U6095',95,'2015-08-08','09:00 AM','22','U6 Tarzans','U6 Woody','U6',NULL,NULL,12,'HARRISON',NULL,NULL,12,NULL),('U6096',96,'2015-08-08','09:00 AM','23','U6 Toy Story','U6 Transformers','U6',NULL,NULL,12,'HARRISON',NULL,NULL,12,NULL),('U6097',97,'2015-08-15','09:00 AM','25','U6 Bullseye','U6 Tarzans','U6',NULL,NULL,13,'HARRISON',NULL,NULL,13,NULL),('U6098',98,'2015-08-15','09:00 AM','26','U6 Buzz Lightyear','U6 Strikers','U6',NULL,NULL,13,'HARRISON',NULL,NULL,13,NULL),('U6099',99,'2015-08-15','09:00 AM','27','U6 Cobras','U6 Starfish','U6',NULL,NULL,13,'HARRISON',NULL,NULL,13,NULL),('U6100',100,'2015-08-15','09:00 AM','28','U6 Goofy','U6 Skylanders','U6',NULL,NULL,13,'HARRISON',NULL,NULL,13,NULL),('U6101',101,'2015-08-15','09:00 AM','21','U6 Happy Feet','U6 Scarecrows','U6',NULL,NULL,13,'HARRISON',NULL,NULL,13,NULL),('U6102',102,'2015-08-15','09:00 AM','22','U6 Hulks','U6 Pluto','U6',NULL,NULL,13,'HARRISON',NULL,NULL,13,NULL),('U6103',103,'2015-08-15','09:00 AM','23','U6 Lion Cubs','U6 Mater','U6',NULL,NULL,13,'HARRISON',NULL,NULL,13,NULL),('U6104',104,'2015-08-15','09:00 AM','24','U6 Toy Story','U6 Woody','U6',NULL,NULL,13,'HARRISON',NULL,NULL,13,NULL),('U6105',105,'2015-08-22','09:00 AM','26','U6 Bullseye','U6 Toy Story','U6',NULL,NULL,14,'HARRISON',NULL,NULL,14,NULL),('U6106',106,'2015-08-22','09:00 AM','27','U6 Buzz Lightyear','U6 Tarzans','U6',NULL,NULL,14,'HARRISON',NULL,NULL,14,NULL),('U6107',107,'2015-08-22','09:00 AM','28','U6 Cobras','U6 Strikers','U6',NULL,NULL,14,'HARRISON',NULL,NULL,14,NULL),('U6108',108,'2015-08-22','09:00 AM','21','U6 Goofy','U6 Starfish','U6',NULL,NULL,14,'HARRISON',NULL,NULL,14,NULL),('U6109',109,'2015-08-22','09:00 AM','22','U6 Happy Feet','U6 Skylanders','U6',NULL,NULL,14,'HARRISON',NULL,NULL,14,NULL),('U6110',110,'2015-08-22','09:00 AM','23','U6 Hulks','U6 Scarecrows','U6',NULL,NULL,14,'HARRISON',NULL,NULL,14,NULL),('U6111',111,'2015-08-22','09:00 AM','24','U6 Lion Cubs','U6 Pluto','U6',NULL,NULL,14,'HARRISON',NULL,NULL,14,NULL),('U6112',112,'2015-08-22','09:00 AM','25','U6 Transformers','U6 Woody','U6',NULL,NULL,14,'HARRISON',NULL,NULL,14,NULL),('U6113',113,'2015-08-29','09:00 AM','27','U6 Buzz Lightyear','U6 Woody','U6',NULL,NULL,15,'HARRISON',NULL,NULL,15,NULL),('U6114',114,'2015-08-29','09:00 AM','28','U6 Cobras','U6 Transformers','U6',NULL,NULL,15,'HARRISON',NULL,NULL,15,NULL),('U6115',115,'2015-08-29','09:00 AM','21','U6 Goofy','U6 Toy Story','U6',NULL,NULL,15,'HARRISON',NULL,NULL,15,NULL),('U6116',116,'2015-08-29','09:00 AM','22','U6 Happy Feet','U6 Tarzans','U6',NULL,NULL,15,'HARRISON',NULL,NULL,15,NULL),('U6117',117,'2015-08-29','09:00 AM','23','U6 Hulks','U6 Strikers','U6',NULL,NULL,15,'HARRISON',NULL,NULL,15,NULL),('U6118',118,'2015-08-29','09:00 AM','24','U6 Lion Cubs','U6 Starfish','U6',NULL,NULL,15,'HARRISON',NULL,NULL,15,NULL),('U6119',119,'2015-08-29','09:00 AM','25','U6 Mater','U6 Skylanders','U6',NULL,NULL,15,'HARRISON',NULL,NULL,15,NULL),('U6120',120,'2015-08-29','09:00 AM','26','U6 Pluto','U6 Scarecrows','U6',NULL,NULL,15,'HARRISON',NULL,NULL,15,NULL),('U6121',121,'2015-09-05','09:00 AM','28','U6 Bullseye','U6 Woody','U6',NULL,NULL,16,'HARRISON',NULL,NULL,16,NULL),('U6122',122,'2015-09-05','09:00 AM','21','U6 Buzz Lightyear','U6 Transformers','U6',NULL,NULL,16,'HARRISON',NULL,NULL,16,NULL),('U6123',123,'2015-09-05','09:00 AM','22','U6 Cobras','U6 Toy Story','U6',NULL,NULL,16,'HARRISON',NULL,NULL,16,NULL),('U6124',124,'2015-09-05','09:00 AM','23','U6 Goofy','U6 Tarzans','U6',NULL,NULL,16,'HARRISON',NULL,NULL,16,NULL),('U6125',125,'2015-09-05','09:00 AM','24','U6 Happy Feet','U6 Strikers','U6',NULL,NULL,16,'HARRISON',NULL,NULL,16,NULL),('U6126',126,'2015-09-05','09:00 AM','25','U6 Hulks','U6 Starfish','U6',NULL,NULL,16,'HARRISON',NULL,NULL,16,NULL),('U6127',127,'2015-09-05','09:00 AM','26','U6 Lion Cubs','U6 Skylanders','U6',NULL,NULL,16,'HARRISON',NULL,NULL,16,NULL),('U6128',128,'2015-09-05','09:00 AM','27','U6 Mater','U6 Scarecrows','U6',NULL,NULL,16,'HARRISON',NULL,NULL,16,NULL),('U6901',901,'2015-05-02','N/A','BYE','U6 Scarecrows','Bye','U6',NULL,NULL,1,'HARRISON',NULL,NULL,1,NULL),('U6902',902,'2015-05-09','09:00 AM','BYE','U6 Buzz Lightyear','Bye','U6',NULL,'N/A',2,'HARRISON',NULL,NULL,2,NULL),('U6903',903,'2015-05-16','09:00 AM','BYE','U6 Skylanders','Bye','U6','N/A',NULL,3,'HARRISON',NULL,NULL,3,NULL),('U6904',904,'2015-05-23','09:00 AM','BYE','U6 Cobras','Bye','U6','Setup',NULL,4,'HARRISON',NULL,NULL,4,9),('U6905',905,'2015-05-30','09:00 AM','BYE','U6 Starfish','Bye','U6','Setup',NULL,5,'HARRISON',NULL,NULL,5,69),('U6906',906,'2015-06-13','09:00 AM','BYE','U6 Goofy','Bye','U6',NULL,NULL,6,'HARRISON',NULL,NULL,6,NULL),('U6907',907,'2015-06-20','09:00 AM','BYE','U6 Strikers','Bye','U6',NULL,NULL,7,'HARRISON',NULL,NULL,7,61),('U6908',908,'2015-06-27','09:00 AM','BYE','U6 Happy Feet','Bye','U6','N/A','N/A',8,'HARRISON',NULL,NULL,8,0),('U6909',909,'2015-07-18','09:00 AM','BYE','U6 Tarzans','Bye','U6','N/A','N/A',9,'HARRISON',NULL,NULL,9,65),('U6910',910,'2015-07-25','N/A','BYE','U6 Hulks','Bye','U6',NULL,NULL,10,'HARRISON',NULL,NULL,10,NULL),('U6911',911,'2015-07-25','N/A','BYE','U6 Toy Story','Bye','U6',NULL,NULL,11,'HARRISON',NULL,NULL,11,NULL),('U6912',912,'2015-08-08','N/A','BYE','U6 Lion Cubs','Bye','U6',NULL,NULL,12,'HARRISON',NULL,NULL,12,NULL),('U6913',913,'2015-08-15','N/A','BYE','U6 Transformers','Bye','U6',NULL,NULL,13,'HARRISON',NULL,NULL,13,NULL),('U6914',914,'2015-08-22','N/A','BYE','U6 Mater','Bye','U6',NULL,NULL,14,'HARRISON',NULL,NULL,14,NULL),('U6915',915,'2015-08-29','N/A','BYE','U6 Bullseye','Bye','U6',NULL,NULL,15,'HARRISON',NULL,NULL,15,NULL),('U6916',916,'2015-09-05','N/A','BYE','U6 Pluto','Bye','U6',NULL,NULL,16,'HARRISON',NULL,NULL,16,NULL),('U7001',1,'2015-05-02','09:00 AM','11','U7 Alladins','U7 Bugs Life','U7','Setup and Packup',NULL,1,'HARRISON',NULL,NULL,1,NULL),('U7002',2,'2015-05-02','09:00 AM','12','U7 Bunnies','U7 Tigers','U7','Setup and Packup',NULL,1,'HARRISON',NULL,NULL,1,NULL),('U7003',3,'2015-05-02','09:00 AM','13','U7 Chicken Little','U7 Tarzan','U7','Setup and Packup',NULL,1,'HARRISON',NULL,NULL,1,NULL),('U7004',4,'2015-05-02','09:00 AM','14','U7 Dinosaurs','U7 Strikers','U7','Setup and Packup',NULL,1,'HARRISON',NULL,NULL,1,NULL),('U7005',5,'2015-05-02','09:00 AM','15','U7 Galaxy','U7 Spirits','U7','Setup and Packup',NULL,1,'HARRISON',NULL,NULL,1,NULL),('U7006',6,'2015-05-02','09:00 AM','16','U7 Invaders','U7 Spiders','U7','Setup and Packup',NULL,1,'HARRISON',NULL,NULL,1,NULL),('U7007',7,'2015-05-02','09:00 AM','17','U7 Incredibles','U7 Sharks','U7','Setup and Packup',NULL,1,'HARRISON',NULL,NULL,1,NULL),('U7008',8,'2015-05-02','09:00 AM','61','U7 Lightning McQueen','U7 Rockets','U7','Setup and Packup',NULL,1,'HARRISON',NULL,NULL,1,NULL),('U7009',9,'2015-05-02','09:00 AM','62','U7 Lion King','U7 Lion Cubs','U7','Setup and Packup',NULL,1,'HARRISON',NULL,NULL,1,NULL),('U7010',10,'2015-05-02','09:00 AM','63','U7 Mater','U7 Ninjas','U7','Setup and Packup',NULL,1,'HARRISON',NULL,NULL,1,NULL),('U7011',11,'2015-05-02','09:00 AM','64','U7 Monsters Inc','U7 Lightning Bolts','U7','Setup and Packup',NULL,1,'HARRISON',NULL,NULL,1,NULL),('U7012',12,'2015-05-09','09:00 AM','12','U7 Alladins','U7 Bunnies','U7','Setup and Packup','N/A',2,'HARRISON',NULL,NULL,2,NULL),('U7013',13,'2015-05-09','09:00 AM','13','U7 Bugs Life','U7 Lightning Bolts','U7','Setup and Packup','N/A',2,'HARRISON',NULL,NULL,2,NULL),('U7014',14,'2015-05-09','09:00 AM','14','U7 Chicken Little','U7 Tigers','U7','Setup and Packup','N/A',2,'HARRISON',NULL,NULL,2,NULL),('U7015',15,'2015-05-09','09:00 AM','15','U7 Dinosaurs','U7 Tarzan','U7','Setup and Packup','N/A',2,'HARRISON',NULL,NULL,2,NULL),('U7016',16,'2015-05-09','09:00 AM','16','U7 Galaxy','U7 Strikers','U7','Setup and Packup','N/A',2,'HARRISON',NULL,NULL,2,NULL),('U7017',17,'2015-05-09','09:00 AM','17','U7 Invaders','U7 Spirits','U7','Setup and Packup','N/A',2,'HARRISON',NULL,NULL,2,NULL),('U7018',18,'2015-05-09','09:00 AM','61','U7 Incredibles','U7 Spiders','U7','Setup and Packup','N/A',2,'HARRISON',NULL,NULL,2,NULL),('U7019',19,'2015-05-09','09:00 AM','62','U7 Lightning McQueen','U7 Sharks','U7','Setup and Packup','N/A',2,'HARRISON',NULL,NULL,2,NULL),('U7020',20,'2015-05-09','09:00 AM','63','U7 Lion King','U7 Rockets','U7','Setup and Packup','N/A',2,'HARRISON',NULL,NULL,2,NULL),('U7021',21,'2015-05-09','09:00 AM','64','U7 Mater','U7 Lion Cubs','U7','Setup and Packup','N/A',2,'HARRISON',NULL,NULL,2,NULL),('U7022',22,'2015-05-09','09:00 AM','11','U7 Monsters Inc','U7 Ninjas','U7','Setup and Packup','N/A',2,'HARRISON',NULL,NULL,2,NULL),('U7023',23,'2015-05-16','09:00 AM','14','U7 Alladins','U7 Chicken Little','U7','Setup and Packup',NULL,3,'HARRISON',NULL,NULL,3,NULL),('U7024',24,'2015-05-16','09:00 AM','15','U7 Bugs Life','U7 Bunnies','U7','Setup and Packup',NULL,3,'HARRISON',NULL,NULL,3,NULL),('U7025',25,'2015-05-16','09:00 AM','16','U7 Dinosaurs','U7 Tigers','U7','Setup and Packup',NULL,3,'HARRISON',NULL,NULL,3,NULL),('U7026',26,'2015-05-16','09:00 AM','17','U7 Galaxy','U7 Tarzan','U7','Setup and Packup',NULL,3,'HARRISON',NULL,NULL,3,NULL),('U7027',27,'2015-05-16','09:00 AM','61','U7 Invaders','U7 Strikers','U7','Setup and Packup',NULL,3,'HARRISON',NULL,NULL,3,NULL),('U7028',28,'2015-05-16','09:00 AM','62','U7 Incredibles','U7 Spirits','U7','Setup and Packup',NULL,3,'HARRISON',NULL,NULL,3,NULL),('U7029',29,'2015-05-16','09:00 AM','63','U7 Lightning McQueen','U7 Spiders','U7','Setup and Packup',NULL,3,'HARRISON',NULL,NULL,3,NULL),('U7030',30,'2015-05-16','09:00 AM','64','U7 Lion King','U7 Sharks','U7','Setup and Packup',NULL,3,'HARRISON',NULL,NULL,3,NULL),('U7031',31,'2015-05-16','09:00 AM','11','U7 Mater','U7 Rockets','U7','Setup and Packup',NULL,3,'HARRISON',NULL,NULL,3,NULL),('U7032',32,'2015-05-16','09:00 AM','12','U7 Monsters Inc','U7 Lion Cubs','U7','Setup and Packup',NULL,3,'HARRISON',NULL,NULL,3,NULL),('U7033',33,'2015-05-16','09:00 AM','13','U7 Ninjas','U7 Lightning Bolts','U7','Setup and Packup',NULL,3,'HARRISON',NULL,NULL,3,NULL),('U7034',34,'2015-05-23','09:00 AM','15','U7 Alladins','U7 Dinosaurs','U7','Setup and Packup',NULL,4,'HARRISON',NULL,NULL,4,71),('U7035',35,'2015-05-23','09:00 AM','16','U7 Bugs Life','U7 Chicken Little','U7','Setup and Packup',NULL,4,'HARRISON',NULL,NULL,4,72),('U7036',36,'2015-05-23','09:00 AM','17','U7 Bunnies','U7 Lightning Bolts','U7','Setup and Packup',NULL,4,'HARRISON',NULL,NULL,4,73),('U7037',37,'2015-05-23','09:00 AM','61','U7 Galaxy','U7 Tigers','U7','Setup and Packup',NULL,4,'HARRISON',NULL,NULL,4,74),('U7038',38,'2015-05-23','09:00 AM','62','U7 Invaders','U7 Tarzan','U7','Setup and Packup',NULL,4,'HARRISON',NULL,NULL,4,75),('U7039',39,'2015-05-23','09:00 AM','63','U7 Incredibles','U7 Strikers','U7','Setup and Packup',NULL,4,'HARRISON',NULL,NULL,4,76),('U7040',40,'2015-05-23','09:00 AM','64','U7 Lightning McQueen','U7 Spirits','U7','Setup and Packup',NULL,4,'HARRISON',NULL,NULL,4,77),('U7041',41,'2015-05-23','09:00 AM','11','U7 Lion King','U7 Spiders','U7','Setup and Packup',NULL,4,'HARRISON',NULL,NULL,4,78),('U7042',42,'2015-05-23','09:00 AM','12','U7 Mater','U7 Sharks','U7','Setup and Packup',NULL,4,'HARRISON',NULL,NULL,4,79),('U7043',43,'2015-05-23','09:00 AM','13','U7 Monsters Inc','U7 Rockets','U7','Setup and Packup',NULL,4,'HARRISON',NULL,NULL,4,80),('U7044',44,'2015-05-23','09:00 AM','14','U7 Ninjas','U7 Lion Cubs','U7','Setup and Packup',NULL,4,'HARRISON',NULL,NULL,4,81),('U7045',45,'2015-05-30','09:00 AM','16','U7 Alladins','U7 Galaxy','U7','Setup and Packup','',5,'HARRISON',NULL,NULL,5,713),('U7046',46,'2015-05-30','09:00 AM','17','U7 Bugs Life','U7 Dinosaurs','U7','Setup and Packup','',5,'HARRISON',NULL,NULL,5,714),('U7047',47,'2015-05-30','09:00 AM','61','U7 Bunnies','U7 Chicken Little','U7','Setup and Packup','',5,'HARRISON',NULL,NULL,5,715),('U7048',48,'2015-05-30','09:00 AM','62','U7 Invaders','U7 Tigers','U7','Setup and Packup','',5,'HARRISON',NULL,NULL,5,716),('U7049',49,'2015-05-30','09:00 AM','63','U7 Incredibles','U7 Tarzan','U7','Setup and Packup','',5,'HARRISON',NULL,NULL,5,717),('U7050',50,'2015-05-30','09:00 AM','64','U7 Lightning McQueen','U7 Strikers','U7','Setup and Packup','',5,'HARRISON',NULL,NULL,5,718),('U7051',51,'2015-05-30','09:00 AM','11','U7 Lion King','U7 Spirits','U7','Setup and Packup','',5,'HARRISON',NULL,NULL,5,719),('U7052',52,'2015-05-30','09:00 AM','12','U7 Mater','U7 Spiders','U7','Setup and Packup','',5,'HARRISON',NULL,NULL,5,720),('U7053',53,'2015-05-30','09:00 AM','13','U7 Monsters Inc','U7 Sharks','U7','Setup and Packup','',5,'HARRISON',NULL,NULL,5,721),('U7054',54,'2015-05-30','09:00 AM','14','U7 Ninjas','U7 Rockets','U7','Setup and Packup','',5,'HARRISON',NULL,NULL,5,722),('U7055',55,'2015-05-30','09:00 AM','15','U7 Lion Cubs','U7 Lightning Bolts','U7','Setup and Packup','',5,'HARRISON',NULL,NULL,5,723),('U7056',56,'2015-06-13','09:00 AM','17','U7 Alladins','U7 Invaders','U7','Setup and Packup',NULL,6,'HARRISON',NULL,NULL,6,NULL),('U7057',57,'2015-06-13','09:00 AM','61','U7 Bugs Life','U7 Galaxy','U7','Setup and Packup',NULL,6,'HARRISON',NULL,NULL,6,NULL),('U7058',58,'2015-06-13','09:00 AM','62','U7 Bunnies','U7 Dinosaurs','U7','Setup and Packup',NULL,6,'HARRISON',NULL,NULL,6,NULL),('U7059',59,'2015-06-13','09:00 AM','63','U7 Chicken Little ','U7 Lightning Bolts','U7','Setup and Packup',NULL,6,'HARRISON',NULL,NULL,6,NULL),('U7060',60,'2015-06-13','09:00 AM','64','U7 Incredibles','U7 Tigers','U7','Setup and Packup',NULL,6,'HARRISON',NULL,NULL,6,NULL),('U7061',61,'2015-06-13','09:00 AM','11','U7 Lightning McQueen','U7 Tarzan','U7','Setup and Packup',NULL,6,'HARRISON',NULL,NULL,6,NULL),('U7062',62,'2015-06-13','09:00 AM','12','U7 Lion King','U7 Strikers','U7','Setup and Packup',NULL,6,'HARRISON',NULL,NULL,6,NULL),('U7063',63,'2015-06-13','09:00 AM','13','U7 Mater','U7 Spirits','U7','Setup and Packup',NULL,6,'HARRISON',NULL,NULL,6,NULL),('U7064',64,'2015-06-13','09:00 AM','14','U7 Monsters Inc','U7 Spiders','U7','Setup and Packup',NULL,6,'HARRISON',NULL,NULL,6,NULL),('U7065',65,'2015-06-13','09:00 AM','15','U7 Ninjas','U7 Sharks','U7','Setup and Packup',NULL,6,'HARRISON',NULL,NULL,6,NULL),('U7066',66,'2015-06-13','09:00 AM','16','U7 Lion Cubs','U7 Rockets','U7','Setup and Packup',NULL,6,'HARRISON',NULL,NULL,6,NULL),('U7067',67,'2015-06-20','09:00 AM','61','U7 Alladins','U7 Incredibles','U7','Setup and Packup','N/A',7,'HARRISON',NULL,NULL,7,65),('U7068',68,'2015-06-20','09:00 AM','62','U7 Bugs Life','U7 Invaders','U7','Setup and Packup','N/A',7,'HARRISON',NULL,NULL,7,70),('U7069',69,'2015-06-20','09:00 AM','63','U7 Bunnies','U7 Galaxy','U7','Setup and Packup','N/A',7,'HARRISON',NULL,NULL,7,75),('U7070',70,'2015-06-20','09:00 AM','64','U7 Chicken Little','U7 Dinosaurs','U7','Setup and Packup','N/A',7,'HARRISON',NULL,NULL,7,80),('U7072',72,'2015-06-20','09:00 AM','11','U7 Lightning McQueen','U7 Tigers','U7','Setup and Packup','N/A',7,'HARRISON',NULL,NULL,7,85),('U7073',73,'2015-06-20','09:00 AM','12','U7 Lion King','U7 Tarzan','U7','Setup and Packup','N/A',7,'HARRISON',NULL,NULL,7,90),('U7074',74,'2015-06-20','09:00 AM','13','U7 Mater','U7 Strikers','U7','Setup and Packup','N/A',7,'HARRISON',NULL,NULL,7,95),('U7075',75,'2015-06-20','09:00 AM','14','U7 Monsters Inc','U7 Spirits','U7','Setup and Packup','N/A',7,'HARRISON',NULL,NULL,7,100),('U7076',76,'2015-06-20','09:00 AM','15','U7 Ninjas','U7 Spiders','U7','Setup and Packup','N/A',7,'HARRISON',NULL,NULL,7,105),('U7077',77,'2015-06-20','09:00 AM','16','U7 Lion Cubs','U7 Sharks','U7','Setup and Packup','N/A',7,'HARRISON',NULL,NULL,7,110),('U7078',78,'2015-06-27','09:00 AM','62','U7 Alladins','U7 Lightning McQueen','U7','Setup and Packup','N/A',8,'HARRISON',NULL,NULL,8,70),('U7079',79,'2015-06-27','09:00 AM','63','U7 Bugs Life','U7 Incredibles','U7','Setup and Packup','N/A',8,'HARRISON',NULL,NULL,8,75),('U7080',80,'2015-06-27','09:00 AM','64','U7 Bunnies','U7 Invaders','U7','Setup and Packup','N/A',8,'HARRISON',NULL,NULL,8,80),('U7081',81,'2015-06-27','09:00 AM','11','U7 Chicken Little','U7 Galaxy','U7','Setup and Packup','N/A',8,'HARRISON',NULL,NULL,8,85),('U7082',82,'2015-06-27','09:00 AM','12','U7 Dinosaurs','U7 Lightning Bolts','U7','Setup and Packup','N/A',8,'HARRISON',NULL,NULL,8,90),('U7083',83,'2015-06-27','09:00 AM','13','U7 Lion King','U7 Tigers','U7','Setup and Packup','N/A',8,'HARRISON',NULL,NULL,8,95),('U7084',84,'2015-06-27','09:00 AM','14','U7 Mater','U7 Tarzan','U7','Setup and Packup','N/A',8,'HARRISON',NULL,NULL,8,100),('U7085',85,'2015-06-27','09:00 AM','15','U7 Monsters Inc','U7 Strikers','U7','Setup and Packup','N/A',8,'HARRISON',NULL,NULL,8,105),('U7086',86,'2015-06-27','09:00 AM','16','U7 Ninjas','U7 Spirits','U7','Setup and Packup','N/A',8,'HARRISON',NULL,NULL,8,110),('U7087',87,'2015-06-27','09:00 AM','17','U7 Lion Cubs','U7 Spiders','U7','Setup and Packup','N/A',8,'HARRISON',NULL,NULL,8,115),('U7088',88,'2015-06-27','09:00 AM','61','U7 Rockets','U7 Sharks','U7','Setup and Packup','N/A',8,'HARRISON',NULL,NULL,8,120),('U7089',89,'2015-07-18','09:00 AM','63','U7 Alladins','U7 Lion King','U7','Setup and Packup','N/A',9,'HARRISON',NULL,NULL,9,70),('U7090',90,'2015-07-18','09:00 AM','64','U7 Bugs Life','U7 Lightning McQueen','U7','Setup and Packup','N/A',9,'HARRISON',NULL,NULL,9,75),('U7091',91,'2015-07-18','09:00 AM','11','U7 Bunnies','U7 Incredibles','U7','Setup and Packup','N/A',9,'HARRISON',NULL,NULL,9,80),('U7092',92,'2015-07-18','09:00 AM','12','U7 Chicken Little','U7 Invaders','U7','Setup and Packup','N/A',9,'HARRISON',NULL,NULL,9,85),('U7093',93,'2015-07-18','09:00 AM','13','U7 Dinosaurs','U7 Galaxy','U7','Setup and Packup','N/A',9,'HARRISON',NULL,NULL,9,90),('U7094',94,'2015-07-18','09:00 AM','14','U7 Mater','U7 Tigers','U7','Setup and Packup','N/A',9,'HARRISON',NULL,NULL,9,95),('U7095',95,'2015-07-18','09:00 AM','15','U7 Monsters Inc','U7 Tarzan','U7','Setup and Packup','N/A',9,'HARRISON',NULL,NULL,9,100),('U7096',96,'2015-07-18','09:00 AM','16','U7 Ninjas','U7 Strikers','U7','Setup and Packup','N/A',9,'HARRISON',NULL,NULL,9,105),('U7097',97,'2015-07-18','09:00 AM','17','U7 Lion Cubs','U7 Spirits','U7','Setup and Packup','N/A',9,'HARRISON',NULL,NULL,9,110),('U7098',98,'2015-07-18','09:00 AM','61','U7 Rockets','U7 Spiders','U7','Setup and Packup','N/A',9,'HARRISON',NULL,NULL,9,115),('U7099',99,'2015-07-18','09:00 AM','62','U7 Sharks','U7 Lightning Bolts','U7','Setup and Packup','N/A',9,'HARRISON',NULL,NULL,9,120),('U7100',100,'2015-07-25','09:00 AM','34','U7 Alladins','U7 Mater','U7',NULL,NULL,10,'HARRISON',NULL,NULL,10,NULL),('U7101',101,'2015-07-25','09:00 AM','11','U7 Bugs Life','U7 Lion King','U7',NULL,NULL,10,'HARRISON',NULL,NULL,10,NULL),('U7102',102,'2015-07-25','09:00 AM','12','U7 Bunnies','U7 Lightning McQueen','U7',NULL,NULL,10,'HARRISON',NULL,NULL,10,NULL),('U7103',103,'2015-07-25','09:00 AM','13','U7 Chicken Little','U7 Incredibles','U7',NULL,NULL,10,'HARRISON',NULL,NULL,10,NULL),('U7104',104,'2015-07-25','09:00 AM','14','U7 Dinosaurs','U7 Invaders','U7',NULL,NULL,10,'HARRISON',NULL,NULL,10,NULL),('U7105',105,'2015-07-25','09:00 AM','15','U7 Galaxy','U7 Lightning Bolts','U7',NULL,NULL,10,'HARRISON',NULL,NULL,10,NULL),('U7106',106,'2015-07-25','09:00 AM','16','U7 Monsters Inc','U7 Tigers','U7',NULL,NULL,10,'HARRISON',NULL,NULL,10,NULL),('U7107',107,'2015-07-25','09:00 AM','17','U7 Ninjas','U7 Tarzan','U7',NULL,NULL,10,'HARRISON',NULL,NULL,10,NULL),('U7108',108,'2015-07-25','09:00 AM','31','U7 Lion Cubs','U7 Strikers','U7',NULL,NULL,10,'HARRISON',NULL,NULL,10,NULL),('U7109',109,'2015-07-25','09:00 AM','32','U7 Rockets','U7 Spirits','U7',NULL,NULL,10,'HARRISON',NULL,NULL,10,NULL),('U7110',110,'2015-07-25','09:00 AM','33','U7 Sharks','U7 Spiders','U7',NULL,NULL,10,'HARRISON',NULL,NULL,10,NULL),('U7111',111,'2015-08-01','09:00 AM','11','U7 Alladins','U7 Monsters Inc','U7',NULL,NULL,11,'HARRISON',NULL,NULL,11,NULL),('U7112',112,'2015-08-01','09:00 AM','12','U7 Bugs Life','U7 Mater','U7',NULL,NULL,11,'HARRISON',NULL,NULL,11,NULL),('U7113',113,'2015-08-01','09:00 AM','13','U7 Bunnies','U7 Lion King','U7',NULL,NULL,11,'HARRISON',NULL,NULL,11,NULL),('U7114',114,'2015-08-01','09:00 AM','14','U7 Chicken Little','U7 Lightning McQueen','U7',NULL,NULL,11,'HARRISON',NULL,NULL,11,NULL),('U7115',115,'2015-08-01','09:00 AM','15','U7 Dinosaurs','U7 Incredibles','U7',NULL,NULL,11,'HARRISON',NULL,NULL,11,NULL),('U7116',116,'2015-08-01','09:00 AM','16','U7 Galaxy','U7 Invaders','U7',NULL,NULL,11,'HARRISON',NULL,NULL,11,NULL),('U7117',117,'2015-08-01','09:00 AM','17','U7 Ninjas','U7 Tigers','U7',NULL,NULL,11,'HARRISON',NULL,NULL,11,NULL),('U7118',118,'2015-08-01','09:00 AM','31','U7 Lion Cubs','U7 Tarzan','U7',NULL,NULL,11,'HARRISON',NULL,NULL,11,NULL),('U7119',119,'2015-08-01','09:00 AM','32','U7 Rockets','U7 Strikers','U7',NULL,NULL,11,'HARRISON',NULL,NULL,11,NULL),('U7120',120,'2015-08-01','09:00 AM','33','U7 Sharks','U7 Spirits','U7',NULL,NULL,11,'HARRISON',NULL,NULL,11,NULL),('U7121',121,'2015-08-01','09:00 AM','34','U7 Spiders','U7 Lightning Bolts','U7',NULL,NULL,11,'HARRISON',NULL,NULL,11,NULL),('U7122',122,'2015-08-08','09:00 AM','12','U7 Alladins','U7 Ninjas','U7',NULL,NULL,12,'HARRISON',NULL,NULL,12,NULL),('U7123',123,'2015-08-08','09:00 AM','13','U7 Bugs Life','U7 Monsters Inc','U7',NULL,NULL,12,'HARRISON',NULL,NULL,12,NULL),('U7124',124,'2015-08-08','09:00 AM','14','U7 Bunnies','U7 Mater','U7',NULL,NULL,12,'HARRISON',NULL,NULL,12,NULL),('U7125',125,'2015-08-08','09:00 AM','15','U7 Chicken Little','U7 Lion King','U7',NULL,NULL,12,'HARRISON',NULL,NULL,12,NULL),('U7126',126,'2015-08-08','09:00 AM','16','U7 Dinosaurs','U7 Lightning McQueen','U7',NULL,NULL,12,'HARRISON',NULL,NULL,12,NULL),('U7127',127,'2015-08-08','09:00 AM','17','U7 Galaxy','U7 Incredibles','U7',NULL,NULL,12,'HARRISON',NULL,NULL,12,NULL),('U7128',128,'2015-08-08','09:00 AM','31','U7 Invaders','U7 Lightning Bolts','U7',NULL,NULL,12,'HARRISON',NULL,NULL,12,NULL),('U7129',129,'2015-08-08','09:00 AM','32','U7 Lion Cubs','U7 Tigers','U7',NULL,NULL,12,'HARRISON',NULL,NULL,12,NULL),('U7130',130,'2015-08-08','09:00 AM','33','U7 Rockets','U7 Tarzan','U7',NULL,NULL,12,'HARRISON',NULL,NULL,12,NULL),('U7131',131,'2015-08-08','09:00 AM','34','U7 Sharks','U7 Strikers','U7',NULL,NULL,12,'HARRISON',NULL,NULL,12,NULL),('U7132',132,'2015-08-08','09:00 AM','11','U7 Spiders','U7 Spirits','U7',NULL,NULL,12,'HARRISON',NULL,NULL,12,NULL),('U7133',133,'2015-08-15','09:00 AM','14','U7 Alladins','U7 Lion Cubs','U7',NULL,NULL,13,'HARRISON',NULL,NULL,13,NULL),('U7134',134,'2015-08-15','09:00 AM','15','U7 Bugs Life','U7 Ninjas','U7',NULL,NULL,13,'HARRISON',NULL,NULL,13,NULL),('U7135',135,'2015-08-15','09:00 AM','16','U7 Bunnies','U7 Monsters Inc','U7',NULL,NULL,13,'HARRISON',NULL,NULL,13,NULL),('U7136',136,'2015-08-15','09:00 AM','17','U7 Chicken Little','U7 Mater','U7',NULL,NULL,13,'HARRISON',NULL,NULL,13,NULL),('U7137',137,'2015-08-15','09:00 AM','31','U7 Dinosaurs','U7 Lion King','U7',NULL,NULL,13,'HARRISON',NULL,NULL,13,NULL),('U7138',138,'2015-08-15','09:00 AM','32','U7 Galaxy','U7 Lightning McQueen','U7',NULL,NULL,13,'HARRISON',NULL,NULL,13,NULL),('U7139',139,'2015-08-15','09:00 AM','33','U7 Invaders','U7 Incredibles','U7',NULL,NULL,13,'HARRISON',NULL,NULL,13,NULL),('U7140',140,'2015-08-15','09:00 AM','34','U7 Rockets','U7 Tigers','U7',NULL,NULL,13,'HARRISON',NULL,NULL,13,NULL),('U7141',141,'2015-08-15','09:00 AM','11','U7 Sharks','U7 Tarzan','U7',NULL,NULL,13,'HARRISON',NULL,NULL,13,NULL),('U7142',142,'2015-08-15','09:00 AM','12','U7 Spiders','U7 Strikers','U7',NULL,NULL,13,'HARRISON',NULL,NULL,13,NULL),('U7143',143,'2015-08-15','09:00 AM','13','U7 Spirits','U7 Lightning Bolts','U7',NULL,NULL,13,'HARRISON',NULL,NULL,13,NULL),('U7144',144,'2015-08-22','09:00 AM','15','U7 Alladins','U7 Rockets','U7',NULL,NULL,14,'HARRISON',NULL,NULL,14,NULL),('U7145',145,'2015-08-22','09:00 AM','16','U7 Bugs Life','U7 Lion Cubs','U7',NULL,NULL,14,'HARRISON',NULL,NULL,14,NULL),('U7146',146,'2015-08-22','09:00 AM','17','U7 Bunnies','U7 Ninjas','U7',NULL,NULL,14,'HARRISON',NULL,NULL,14,NULL),('U7147',147,'2015-08-22','09:00 AM','31','U7 Chicken Little','U7 Monsters Inc','U7',NULL,NULL,14,'HARRISON',NULL,NULL,14,NULL),('U7148',148,'2015-08-22','09:00 AM','32','U7 Dinosaurs','U7 Mater','U7',NULL,NULL,14,'HARRISON',NULL,NULL,14,NULL),('U7149',149,'2015-08-22','09:00 AM','33','U7 Galaxy','U7 Lion King','U7',NULL,NULL,14,'HARRISON',NULL,NULL,14,NULL),('U7150',150,'2015-08-22','09:00 AM','34','U7 Invaders','U7 Lightning McQueen','U7',NULL,NULL,14,'HARRISON',NULL,NULL,14,NULL),('U7151',151,'2015-08-22','09:00 AM','11','U7 Incredibles','U7 Lightning Bolts','U7',NULL,NULL,14,'HARRISON',NULL,NULL,14,NULL),('U7152',152,'2015-08-22','09:00 AM','12','U7 Sharks','U7 Tigers','U7',NULL,NULL,14,'HARRISON',NULL,NULL,14,NULL),('U7153',153,'2015-08-22','09:00 AM','13','U7 Spiders','U7 Tarzan','U7',NULL,NULL,14,'HARRISON',NULL,NULL,14,NULL),('U7154',154,'2015-08-22','09:00 AM','14','U7 Spirits','U7 Strikers','U7',NULL,NULL,14,'HARRISON',NULL,NULL,14,NULL),('U7155',155,'2015-08-29','09:00 AM','16','U7 Alladins','U7 Sharks','U7',NULL,NULL,15,'HARRISON',NULL,NULL,15,NULL),('U7156',156,'2015-08-29','09:00 AM','17','U7 Bugs Life','U7 Rockets','U7',NULL,NULL,15,'HARRISON',NULL,NULL,15,NULL),('U7157',157,'2015-08-29','09:00 AM','31','U7 Bunnies','U7 Lion Cubs','U7',NULL,NULL,15,'HARRISON',NULL,NULL,15,NULL),('U7158',158,'2015-08-29','09:00 AM','32','U7 Chicken Little','U7 Ninjas','U7',NULL,NULL,15,'HARRISON',NULL,NULL,15,NULL),('U7159',159,'2015-08-29','09:00 AM','33','U7 Dinosaurs','U7 Monsters Inc','U7',NULL,NULL,15,'HARRISON',NULL,NULL,15,NULL),('U7160',160,'2015-08-29','09:00 AM','34','U7 Galaxy','U7 Mater','U7',NULL,NULL,15,'HARRISON',NULL,NULL,15,NULL),('U7161',161,'2015-08-29','09:00 AM','11','U7 Invaders','U7 Lion King','U7',NULL,NULL,15,'HARRISON',NULL,NULL,15,NULL),('U7162',162,'2015-08-29','09:00 AM','12','U7 Incredibles','U7 Lightning McQueen','U7',NULL,NULL,15,'HARRISON',NULL,NULL,15,NULL),('U7163',163,'2015-08-29','09:00 AM','13','U7 Spiders','U7 Tigers','U7',NULL,NULL,15,'HARRISON',NULL,NULL,15,NULL),('U7164',164,'2015-08-29','09:00 AM','14','U7 Spirits','U7 Tarzan','U7',NULL,NULL,15,'HARRISON',NULL,NULL,15,NULL),('U7165',165,'2015-08-29','09:00 AM','15','U7 Strikers','U7 Lightning Bolts','U7',NULL,NULL,15,'HARRISON',NULL,NULL,15,NULL),('U7166',166,'2015-09-05','09:00 AM','17','U7 Strikers','U7 Lightning Bolts','U7',NULL,NULL,16,'HARRISON',NULL,NULL,16,NULL),('U7167',167,'2015-09-05','09:00 AM','31','U7 Alladins','U7 Spiders','U7',NULL,NULL,16,'HARRISON',NULL,NULL,16,NULL),('U7168',168,'2015-09-05','09:00 AM','32','U7 Bugs Life','U7 Sharks','U7',NULL,NULL,16,'HARRISON',NULL,NULL,16,NULL),('U7169',169,'2015-09-05','09:00 AM','33','U7 Bunnies','U7 Rockets','U7',NULL,NULL,16,'HARRISON',NULL,NULL,16,NULL),('U7170',170,'2015-09-05','09:00 AM','34','U7 Chicken Little','U7 Lion Cubs','U7',NULL,NULL,16,'HARRISON',NULL,NULL,16,NULL),('U7171',171,'2015-09-05','09:00 AM','11','U7 Dinosaurs','U7 Ninjas','U7',NULL,NULL,16,'HARRISON',NULL,NULL,16,NULL),('U7172',172,'2015-09-05','09:00 AM','12','U7 Galaxy','U7 Monsters Inc','U7',NULL,NULL,16,'HARRISON',NULL,NULL,16,NULL),('U7173',173,'2015-09-05','09:00 AM','13','U7 Invaders','U7 Mater','U7',NULL,NULL,16,'HARRISON',NULL,NULL,16,NULL),('U7174',174,'2015-09-05','09:00 AM','14','U7 Incredibles','U7 Lion King','U7',NULL,NULL,16,'HARRISON',NULL,NULL,16,NULL),('U7175',175,'2015-09-05','09:00 AM','15','U7 Lightning McQueen','U7 Lightning Bolts','U7',NULL,NULL,16,'HARRISON',NULL,NULL,16,NULL),('U7176',176,'2015-09-05','09:00 AM','16','U7 Spirits','U7 Tigers','U7',NULL,NULL,16,'HARRISON',NULL,NULL,16,NULL),('U8001',1,'2015-05-02','09:40 AM','3A','Gungahlin All Stars','Gungahlin Bandicoots','U8',NULL,'J. LEE',1,'HARRISON',NULL,NULL,1,NULL),('U8002',2,'2015-05-02','09:40 AM','3B','Gungahlin Bears','Gungahlin Thunder','U8',NULL,'J. GUNWARDENA',1,'HARRISON',NULL,NULL,1,NULL),('U8003',3,'2015-05-02','09:40 AM','3C','Gungahlin Cheetahs','Gungahlin Strikers','U8',NULL,'J. BARTLETT',1,'HARRISON',NULL,NULL,1,NULL),('U8004',4,'2015-05-02','09:40 AM','3D','Gungahlin Dinosaurs','Gungahlin Stingrays','U8',NULL,'B. ADAM',1,'HARRISON',NULL,NULL,1,NULL),('U8005',5,'2015-05-02','09:40 AM','4A','Gungahlin Emus','Gungahlin Spiders','U8','Setup ','K. WALKER',1,'HARRISON',NULL,NULL,1,NULL),('U8006',6,'2015-05-02','09:40 AM','4B','Gungahlin Guards','Gungahlin Sharks','U8','Setup ','M. VAREY',1,'HARRISON',NULL,NULL,1,NULL),('U8007',7,'2015-05-02','09:40 AM','4C','Gungahlin Kangaroos','Gungahlin Penguins','U8','Setup & Packup crossbars','B. KEOMANIVONG',1,'HARRISON',NULL,NULL,1,NULL),('U8008',8,'2015-05-02','09:40 AM','4D','Gungahlin Monkeys','Gungahlin Vipers','U8','Setup & Packup crossbars','C. PRESTON',1,'HARRISON',NULL,NULL,1,NULL),('U8009',9,'2015-05-09','09:40 AM','3D','Gungahlin All Stars','Gungahlin Bears','U8',NULL,'J. GUNAWARDENA',2,'HARRISON',NULL,NULL,2,NULL),('U8010',10,'2015-05-09','09:40 AM','3C','Gungahlin Bandicoots','Gungahlin Vipers','U8',NULL,'J. LEE',2,'HARRISON',NULL,NULL,2,NULL),('U8011',11,'2015-05-09','09:40 AM','3B','Gungahlin Cheetahs','Gungahlin Thunder','U8',NULL,'M. VAREY',2,'HARRISON',NULL,NULL,2,NULL),('U8012',12,'2015-05-09','09:40 AM','3A','Gungahlin Dinosaurs','Gungahlin Strikers','U8',NULL,'B. ADAM',2,'HARRISON',NULL,NULL,2,NULL),('U8013',13,'2015-05-09','09:40 AM','4D','Gungahlin Emus','Gungahlin Stingrays','U8','Setup & Packup crossbars','O. SZEP',2,'HARRISON',NULL,NULL,2,NULL),('U8014',14,'2015-05-09','09:40 AM','4C','Gungahlin Guards','Gungahlin Spiders','U8','Setup & Packup crossbars','J. BARLETT',2,'HARRISON',NULL,NULL,2,NULL),('U8015',15,'2015-05-09','09:40 AM','4B','Gungahlin Kangaroos','Gungahlin Sharks','U8','Setup','B. KEOMANIVONG',2,'HARRISON',NULL,NULL,2,NULL),('U8016',16,'2015-05-09','09:40 AM','4A','Gungahlin Monkeys','Gungahlin Penguins','U8','Setup','F. WHITE',2,'HARRISON',NULL,NULL,2,NULL),('U8A009',9,'2015-05-16','09:40 AM','NOTAVAIL','Yass Redbacks','Burgmann Bulls','U8A',NULL,NULL,3,'YASS',NULL,NULL,3,NULL),('U8A010',10,'2015-05-16','09:40 AM','NOTAVAIL','Belsouth Supermen','Belwest Goannas','U8A',NULL,NULL,3,'HAWKER',NULL,NULL,3,NULL),('U8A011',11,'2015-05-16','09:40 AM','3A','Gungahlin Bandicoots','Gungahlin Cheetahs','U8A',NULL,'J. BARTLETT',3,'HARRISON',NULL,NULL,3,NULL),('U8A012',12,'2015-05-16','09:40 AM','3B','Gungahlin Bears','Gungahlin Dinosaurs','U8A',NULL,'K. WALKER',3,'HARRISON',NULL,NULL,3,NULL),('U8A013',13,'2015-05-23','09:40 AM','NOTAVAIL','Belsouth Supermen','Yass Redbacks','U8A',NULL,NULL,4,'HAWKER',NULL,NULL,4,NULL),('U8A014',14,'2015-05-23','09:40 AM','NOTAVAIL','Belwest Goannas','Gungahlin Cheetahs','U8A',NULL,NULL,4,'LATHAM',NULL,NULL,4,NULL),('U8A015',15,'2015-05-23','09:40 AM','3A','Gungahlin Dinosaurs','Burgmann Bulls','U8A',NULL,'J. BARLETT',4,'HARRISON',NULL,NULL,4,1),('U8A016',16,'2015-05-23','09:40 AM','3B','Gungahlin Bandicoots','Gungahlin Bears','U8A',NULL,'J. LEE',4,'HARRISON',NULL,NULL,4,2),('U8A017',17,'2015-05-30','09:40 AM','NOTAVAIL','Yass Redbacks','Gungahlin Cheetahs','U8A',NULL,NULL,5,'YASS',NULL,NULL,5,NULL),('U8A018',18,'2015-05-30','09:40 AM','NOTAVAIL','Belwest Goannas','Gungahlin Bandicoots','U8A',NULL,NULL,5,'LATHAM',NULL,NULL,5,NULL),('U8A019',19,'2015-05-30','09:40 AM','NOTAVAIL','Burgmann Bulls','Gungahlin Dinosaurs','U8A',NULL,NULL,5,'BURGMANN',NULL,NULL,5,NULL),('U8A020',20,'2015-05-30','09:40 AM','3A','Gungahlin Bears','Belsouth Supermen','U8A','-','A. BANGAHAM',5,'HARRISON',NULL,NULL,5,31),('U8A021',21,'2015-06-13','09:40 AM','3A','Gungahlin Bandicoots','Yass Redbacks','U8A','-','A. BANGAHAM',6,'HARRISON',NULL,NULL,6,NULL),('U8A022',22,'2015-06-13','09:40 AM','NOTAVAIL','Belwest Goannas','Gungahlin Dinosaurs','U8A',NULL,NULL,6,'LATHAM',NULL,NULL,6,NULL),('U8A023',23,'2015-06-13','09:40 AM','3B','Gungahlin Cheetahs','Gungahlin Bears','U8A','-','J. GUNAWARDENA',6,'HARRISON',NULL,NULL,6,NULL),('U8A024',24,'2015-06-13','09:40 AM','NOTAVAIL','Burgmann Bulls','Belsouth Supermen','U8A',NULL,NULL,6,'BURGMANN',NULL,NULL,6,NULL),('U8A025',25,'2015-06-20','09:40 AM','NOTAVAIL','Yass Redbacks','Belwest Goannas','U8A',NULL,NULL,7,'YASS',NULL,NULL,7,NULL),('U8A026',26,'2015-06-20','09:40 AM','3A','Gungahlin Bears','Gungahlin Bandicoots','U8A','-','M. VAREY',7,'HARRISON',NULL,NULL,7,155),('U8A027',27,'2015-06-20','09:40 AM','3B','Gungahlin Dinosaurs','Gungahlin Cheetahs','U8A','-','K. WALKER',7,'HARRISON',NULL,NULL,7,160),('U8A028',28,'2015-06-20','09:40 AM','NOTAVAIL','Belsouth Supermen','Burgmann Bulls','U8A',NULL,NULL,7,'HAWKER',NULL,NULL,7,NULL),('U8A029',29,'2015-06-27','09:40 AM','3A','Gungahlin Dinosaurs','Yass Redbacks','U8A','Setup','J. LEE',8,'HARRISON',NULL,NULL,8,160),('U8A030',30,'2015-06-27','09:40 AM','3B','Gungahlin Bears','Belwest Goannas','U8A','Setup','M. VAREY',8,'HARRISON',NULL,NULL,8,165),('U8A031',31,'2015-06-27','09:40 AM','3C','Gungahlin Bandicoots','Burgmann Bulls','U8A','Setup','C. PRESTON',8,'HARRISON',NULL,NULL,8,170),('U8A032',32,'2015-06-27','09:40 AM','NOTAVAIL','Belsouth Supermen','Gungahlin Cheetahs','U8A',NULL,NULL,8,'HAWKER',NULL,NULL,8,NULL),('U8A033',33,'2015-07-18','09:40 AM','NOTAVAIL','Yass Redbacks','Gungahlin Bears','U8A',NULL,NULL,9,'YASS',NULL,NULL,9,NULL),('U8A034',34,'2015-07-18','09:40 AM','NOTAVAIL','Burgmann Bulls','Belwest Goannas','U8A',NULL,NULL,9,'BURGMANN',NULL,NULL,9,NULL),('U8A035',35,'2015-07-18','09:40 AM','3A','Gungahlin Bandicoots','Belsouth Supermen','U8A','Setup','',9,'HARRISON',NULL,NULL,9,160),('U8A036',36,'2015-07-18','09:40 AM','3B','Gungahlin Cheetahs','Gungahlin Dinosaurs','U8A','Setup','',9,'HARRISON',NULL,NULL,9,165),('U8A037',37,'2015-07-25','09:40 AM','NOTAVAIL','Yass Redbacks','Burgmann Bulls','U8A',NULL,NULL,10,'YASS',NULL,NULL,10,NULL),('U8A038',38,'2015-07-25','09:40 AM','NOTAVAIL','Belsouth Supermen','Belwest Goannas','U8A',NULL,NULL,10,'HAWKER',NULL,NULL,10,NULL),('U8A039',39,'2015-07-25','09:40 AM','NOTAVAIL','Gungahlin Cheetahs','Gungahlin Bandicoots','U8A',NULL,NULL,10,'HARRISON',NULL,NULL,10,NULL),('U8A040',40,'2015-07-25','09:40 AM','NOTAVAIL','Gungahlin Dinosaurs','Gungahlin Bears','U8A',NULL,NULL,10,'HARRISON',NULL,NULL,10,NULL),('U8A041',41,'2015-08-01','09:40 AM','NOTAVAIL','Belsouth Supermen','Yass Redbacks','U8A',NULL,NULL,11,'HAWKER',NULL,NULL,11,NULL),('U8A042',42,'2015-08-01','09:40 AM','NOTAVAIL','Belwest Goannas','Gungahlin Cheetahs','U8A',NULL,NULL,11,'LATHAM',NULL,NULL,11,NULL),('U8A043',43,'2015-08-01','09:40 AM','NOTAVAIL','Gungahlin Bandicoots','Gungahlin Dinosaurs','U8A',NULL,NULL,11,'HARRISON',NULL,NULL,11,NULL),('U8A044',44,'2015-08-01','09:40 AM','NOTAVAIL','Burgmann Bulls','Gungahlin Bears','U8A',NULL,NULL,11,'BURGMANN',NULL,NULL,11,NULL),('U8A045',45,'2015-08-08','09:40 AM','NOTAVAIL','Gungahlin Cheetahs','Yass Redbacks','U8A',NULL,NULL,12,'HARRISON',NULL,NULL,12,NULL),('U8A046',46,'2015-08-08','09:40 AM','NOTAVAIL','Belwest Goannas','Gungahlin Bandicoots','U8A',NULL,NULL,12,'LATHAM',NULL,NULL,12,NULL),('U8A047',47,'2015-08-08','09:40 AM','NOTAVAIL','Gungahlin Dinosaurs','Burgmann Bulls','U8A',NULL,NULL,12,'HARRISON',NULL,NULL,12,NULL),('U8A048',48,'2015-08-08','09:40 AM','NOTAVAIL','Belsouth Supermen','Gungahlin Bears','U8A',NULL,NULL,12,'HAWKER',NULL,NULL,12,NULL),('U8A049',49,'2015-08-15','09:40 AM','NOTAVAIL','Yass Redbacks','Gungahlin Bandicoots','U8A',NULL,NULL,13,'YASS',NULL,NULL,13,NULL),('U8A050',50,'2015-08-15','09:40 AM','NOTAVAIL','Gungahlin Dinosaurs','Belwest Goannas','U8A',NULL,NULL,13,'HARRISON',NULL,NULL,13,NULL),('U8A051',51,'2015-08-15','09:40 AM','NOTAVAIL','Gungahlin Bears','Gungahlin Cheetahs','U8A',NULL,NULL,13,'HARRISON',NULL,NULL,13,NULL),('U8A052',52,'2015-08-15','09:40 AM','NOTAVAIL','Belsouth Supermen','Burgmann Bulls','U8A',NULL,NULL,13,'HAWKER',NULL,NULL,13,NULL),('U8A053',53,'2015-08-22','09:40 AM','NOTAVAIL','Belwest Goannas','Yass Redbacks','U8A',NULL,NULL,14,'LATHAM',NULL,NULL,14,NULL),('U8A054',54,'2015-08-22','09:40 AM','NOTAVAIL','Gungahlin Bandicoots','Gungahlin Bears','U8A',NULL,NULL,14,'HARRISON',NULL,NULL,14,NULL),('U8A055',55,'2015-08-22','09:40 AM','NOTAVAIL','Burgmann Bulls','Gungahlin Cheetahs','U8A',NULL,NULL,14,'BURGMANN',NULL,NULL,14,NULL),('U8A056',56,'2015-08-22','09:40 AM','NOTAVAIL','Belsouth Supermen','Gungahlin Dinosaurs','U8A',NULL,NULL,14,'HAWKER',NULL,NULL,14,NULL),('U8A057',57,'2015-08-29','09:40 AM','NOTAVAIL','Yass Redbacks','Gungahlin Dinosaurs','U8A',NULL,NULL,15,'YASS',NULL,NULL,15,NULL),('U8A058',58,'2015-08-29','09:40 AM','NOTAVAIL','Belwest Goannas','Gungahlin Bears','U8A',NULL,NULL,15,'LATHAM',NULL,NULL,15,NULL),('U8A059',59,'2015-08-29','09:40 AM','NOTAVAIL','Burgmann Bulls','Gungahlin Bandicoots','U8A',NULL,NULL,15,'BURGMANN',NULL,NULL,15,NULL),('U8A060',60,'2015-08-29','09:40 AM','NOTAVAIL','Belsouth Supermen','Gungahlin Cheetahs','U8A',NULL,NULL,15,'HAWKER',NULL,NULL,15,NULL),('U8B009',9,'2015-05-16','09:40 AM','NOTAVAIL','Belwest Joeys','Gungahlin Penguins','U8B',NULL,NULL,3,'LATHAM',NULL,NULL,3,NULL),('U8B010',10,'2015-05-16','09:40 AM','3C','Gungahlin Thunder','Gungahlin Monkeys','U8B',NULL,'B. ADAM ',3,'HARRISON',NULL,NULL,3,NULL),('U8B011',11,'2015-05-16','09:40 AM','NOTAVAIL','Belsouth Transformers','Belwest Tassie Devils','U8B',NULL,NULL,3,'HAWKER',NULL,NULL,3,NULL),('U8B012',12,'2015-05-16','09:40 AM','3D','Gungahlin All Stars','Gungahlin Vipers','U8B',NULL,'B. KEOMANIVONG ',3,'HARRISON',NULL,NULL,3,NULL),('U8B013',13,'2015-05-23','09:40 AM','3C','Gungahlin Thunder','Belwest Joeys','U8B',NULL,'M. VAREY',4,'HARRISON',NULL,NULL,4,3),('U8B014',14,'2015-05-23','09:40 AM','NOTAVAIL','Belwest Tassie Devils','Gungahlin Monkeys','U8B',NULL,NULL,4,'LATHAM',NULL,NULL,4,NULL),('U8B015',15,'2015-05-23','09:40 AM','3D','Gungahlin Vipers','Gungahlin Penguins','U8B',NULL,'A. BANGAHAM',4,'HARRISON',NULL,NULL,4,4),('U8B016',16,'2015-05-23','09:40 AM','NOTAVAIL','Belsouth Transformers','Gungahlin All Stars','U8B',NULL,NULL,4,'HAWKER',NULL,NULL,4,NULL),('U8B017',17,'2015-05-30','09:40 AM','NOTAVAIL','Belwest Joeys','Belwest Tassie Devils','U8B',NULL,NULL,5,'LATHAM',NULL,NULL,5,NULL),('U8B018',18,'2015-05-30','09:40 AM','3B','Gungahlin Monkeys','Belsouth Transformers','U8B','-','M. VAREY',5,'HARRISON',NULL,NULL,5,32),('U8B019',19,'2015-05-30','09:40 AM','3C','Gungahlin Penguins','Gungahlin Vipers','U8B','-','J. GUNAWARDENA',5,'HARRISON',NULL,NULL,5,33),('U8B020',20,'2015-05-30','09:40 AM','3D','Gungahlin All Stars','Gungahlin Thunder','U8B','Packup','K. WALKER',5,'HARRISON',NULL,NULL,5,34),('U8B021',21,'2015-06-13','09:40 AM','NOTAVAIL','Belsouth Transformers','Belwest Joeys','U8B',NULL,NULL,6,'HAWKER',NULL,NULL,6,NULL),('U8B022',22,'2015-06-13','09:40 AM','3C','Gungahlin Monkeys','Gungahlin Vipers','U8B','-','F. WHITE',6,'HARRISON',NULL,NULL,6,NULL),('U8B023',23,'2015-06-13','09:40 AM','NOTAVAIL','Belwest Tassie Devils','Gungahlin All Stars','U8B',NULL,NULL,6,'LATHAM',NULL,NULL,6,NULL),('U8B024',24,'2015-06-13','09:40 AM','4B','Gungahlin Penguins','Gungahlin Thunder','U8B','Setup','J. LEE',6,'HARRISON',NULL,NULL,6,NULL),('U8B025',25,'2015-06-20','09:40 AM','NOTAVAIL','Belwest Joeys','Gungahlin Monkeys','U8B',NULL,NULL,7,'LATHAM',NULL,NULL,7,NULL),('U8B026',26,'2015-06-20','09:40 AM','3D','Gungahlin All Stars','Belsouth Transformers','U8B','Packup','B. KEOMANIVONG',7,'HARRISON',NULL,NULL,7,170),('U8B027',27,'2015-06-20','09:40 AM','3C','Gungahlin Vipers','Belwest Tassie Devils','U8B','-','J. BARTLETT',7,'HARRISON',NULL,NULL,7,165),('U8B028',28,'2015-06-20','09:40 AM','4A','Gungahlin Thunder','Gungahlin Penguins','U8B','Setup and Packup','J. GUNAWARDENA',7,'HARRISON',NULL,NULL,7,175),('U8B029',29,'2015-06-27','09:40 AM','3D','Gungahlin Vipers','Belwest Joeys','U8B','Setup','A. BANGAHAM',8,'HARRISON',NULL,NULL,8,175),('U8B030',30,'2015-06-27','09:40 AM','4A','Gungahlin All Stars','Gungahlin Monkeys','U8B','Setup','NO REF',8,'HARRISON',NULL,NULL,8,180),('U8B031',31,'2015-06-27','09:40 AM','NOTAVAIL','Belsouth Transformers','Gungahlin Penguins','U8B',NULL,NULL,8,'HAWKER',NULL,NULL,8,NULL),('U8B032',32,'2015-06-27','09:40 AM','NOTAVAIL','Belwest Tassie Devils','Gungahlin Thunder','U8B',NULL,NULL,8,'LATHAM',NULL,NULL,8,NULL),('U8B033',33,'2015-07-18','09:40 AM','NOTAVAIL','Belwest Joeys','Gungahlin All Stars','U8B',NULL,NULL,9,'LATHAM',NULL,NULL,9,NULL),('U8B034',34,'2015-07-18','09:40 AM','3D','Gungahlin Penguins','Gungahlin Monkeys','U8B','Setup','',9,'HARRISON',NULL,NULL,9,175),('U8B035',35,'2015-07-18','09:40 AM','NOTAVAIL','Belsouth Transformers','Gungahlin Thunder','U8B',NULL,NULL,9,'HAWKER',NULL,NULL,9,NULL),('U8B036',36,'2015-07-18','09:40 AM','NOTAVAIL','Belwest Tassie Devils','Gungahlin Vipers','U8B',NULL,NULL,9,'LATHAM',NULL,NULL,9,NULL),('U8B037',37,'2015-07-25','09:40 AM','NOTAVAIL','Belwest Joeys','Gungahlin Penguins','U8B',NULL,NULL,10,'LATHAM',NULL,NULL,10,NULL),('U8B038',38,'2015-07-25','09:40 AM','NOTAVAIL','Gungahlin Thunder','Gungahlin Monkeys','U8B',NULL,NULL,10,'HARRISON',NULL,NULL,10,NULL),('U8B039',39,'2015-07-25','09:40 AM','NOTAVAIL','Belwest Tassie Devils','Belsouth Transformers','U8B',NULL,NULL,10,'LATHAM',NULL,NULL,10,NULL),('U8B040',40,'2015-07-25','09:40 AM','NOTAVAIL','Gungahlin Vipers','Gungahlin All Stars','U8B',NULL,NULL,10,'HARRISON',NULL,NULL,10,NULL),('U8B041',41,'2015-08-01','09:40 AM','NOTAVAIL','Gungahlin Thunder','Belwest Joeys','U8B',NULL,NULL,11,'HARRISON',NULL,NULL,11,NULL),('U8B042',42,'2015-08-01','09:40 AM','NOTAVAIL','Gungahlin Monkeys','Belwest Tassie Devils','U8B',NULL,NULL,11,'HARRISON',NULL,NULL,11,NULL),('U8B043',43,'2015-08-01','09:40 AM','NOTAVAIL','Belsouth Transformers','Gungahlin Vipers','U8B',NULL,NULL,11,'HAWKER',NULL,NULL,11,NULL),('U8B044',44,'2015-08-01','09:40 AM','NOTAVAIL','Gungahlin Penguins','Gungahlin All Stars','U8B',NULL,NULL,11,'HARRISON',NULL,NULL,11,NULL),('U8B045',45,'2015-08-08','09:40 AM','NOTAVAIL','Belwest Tassie Devils','Belwest Joeys','U8B',NULL,NULL,12,'LATHAM',NULL,NULL,12,NULL),('U8B046',46,'2015-08-08','09:40 AM','NOTAVAIL','Gungahlin Monkeys','Belsouth Transformers','U8B',NULL,NULL,12,'HARRISON',NULL,NULL,12,NULL),('U8B047',47,'2015-08-08','09:40 AM','NOTAVAIL','Gungahlin Vipers','Gungahlin Penguins','U8B',NULL,NULL,12,'HARRISON',NULL,NULL,12,NULL),('U8B048',48,'2015-08-08','09:40 AM','NOTAVAIL','Gungahlin Thunder','Gungahlin All Stars','U8B',NULL,NULL,12,'HARRISON',NULL,NULL,12,NULL),('U8B049',49,'2015-08-15','09:40 AM','NOTAVAIL','Belwest Joeys','Belsouth Transformers','U8B',NULL,NULL,13,'LATHAM',NULL,NULL,13,NULL),('U8B050',50,'2015-08-15','09:40 AM','NOTAVAIL','Gungahlin Vipers','Gungahlin Monkeys','U8B',NULL,NULL,13,'HARRISON',NULL,NULL,13,NULL),('U8B051',51,'2015-08-15','09:40 AM','NOTAVAIL','Gungahlin All Stars','Belwest Tassie Devils','U8B',NULL,NULL,13,'HARRISON',NULL,NULL,13,NULL),('U8B052',52,'2015-08-15','09:40 AM','NOTAVAIL','Gungahlin Thunder','Gungahlin Penguins','U8B',NULL,NULL,13,'HARRISON',NULL,NULL,13,NULL),('U8B053',53,'2015-08-22','09:40 AM','NOTAVAIL','Gungahlin Monkeys','Belwest Joeys','U8B',NULL,NULL,14,'HARRISON',NULL,NULL,14,NULL),('U8B054',54,'2015-08-22','09:40 AM','NOTAVAIL','Belsouth Transformers','Gungahlin All Stars','U8B',NULL,NULL,14,'HAWKER',NULL,NULL,14,NULL),('U8B055',55,'2015-08-22','09:40 AM','NOTAVAIL','Gungahlin Penguins','Belwest Tassie Devils','U8B',NULL,NULL,14,'HARRISON',NULL,NULL,14,NULL),('U8B056',56,'2015-08-22','09:40 AM','NOTAVAIL','Gungahlin Thunder','Gungahlin Vipers','U8B',NULL,NULL,14,'HARRISON',NULL,NULL,14,NULL),('U8B057',57,'2015-08-29','09:40 AM','NOTAVAIL','Belwest Joeys','Gungahlin Vipers','U8B',NULL,NULL,15,'LATHAM',NULL,NULL,15,NULL),('U8B058',58,'2015-08-29','09:40 AM','NOTAVAIL','Gungahlin Monkeys','Gungahlin All Stars','U8B',NULL,NULL,15,'HARRISON',NULL,NULL,15,NULL),('U8B059',59,'2015-08-29','09:40 AM','NOTAVAIL','Gungahlin Penguins','Belsouth Transformers','U8B',NULL,NULL,15,'HARRISON',NULL,NULL,15,NULL),('U8B060',60,'2015-08-29','09:40 AM','NOTAVAIL','Gungahlin Thunder','Belwest Tassie Devils','U8B',NULL,NULL,15,'HARRISON',NULL,NULL,15,NULL),('U8C009',9,'2015-05-16','09:40 AM','4A','Gungahlin Sharks','Belsouth Titans','U8C','Setup and Packup','J. LEE',3,'HARRISON',NULL,NULL,3,NULL),('U8C010',10,'2015-05-16','09:40 AM','4B','Gungahlin Spiders','Belsouth X-Men','U8C','Setup','J. GUNAWARDENA ',3,'HARRISON',NULL,NULL,3,NULL),('U8C011',11,'2015-05-16','09:40 AM','NOTAVAIL','Belwest Wallabies','Gungahlin Stingrays','U8C',NULL,NULL,3,'LATHAM',NULL,NULL,3,NULL),('U8C012',12,'2015-05-16','09:40 AM','NOTAVAIL','Belwest Bilbies','Gungahlin Strikers','U8C',NULL,NULL,3,'LATHAM',NULL,NULL,3,NULL),('U8C013',13,'2015-05-23','09:40 AM','4A','Gungahlin Spiders','Gungahlin Sharks','U8C','Setup','J. GUNAWARDENA',4,'HARRISON',NULL,NULL,4,5),('U8C014',14,'2015-05-23','09:40 AM','4B','Gungahlin Stingrays','Belsouth X-Men','U8C','Setup','B. KEOMANIVONG',4,'HARRISON',NULL,NULL,4,6),('U8C015',15,'2015-05-23','09:40 AM','4C','Gungahlin Strikers','Belsouth Titans','U8C','Setup','K. WALKER',4,'HARRISON',NULL,NULL,4,7),('U8C016',16,'2015-05-23','09:40 AM','NOTAVAIL','Belwest Wallabies','Belwest Bilbies','U8C',NULL,NULL,4,'LATHAM',NULL,NULL,4,NULL),('U8C017',17,'2015-05-30','09:40 AM','4A','Gungahlin Sharks','Gungahlin Stingrays','U8C','Setup','J. BARTLETT',5,'HARRISON',NULL,NULL,5,35),('U8C018',18,'2015-05-30','09:40 AM','NOTAVAIL','Belsouth X-Men','Belwest Wallabies','U8C',NULL,NULL,5,'HAWKER',NULL,NULL,5,NULL),('U8C019',19,'2015-05-30','09:40 AM','NOTAVAIL','Belsouth Titans','Gungahlin Strikers','U8C',NULL,NULL,5,'HAWKER',NULL,NULL,5,NULL),('U8C020',20,'2015-05-30','09:40 AM','NOTAVAIL','Belwest Bilbies','Gungahlin Spiders','U8C',NULL,NULL,5,'LATHAM',NULL,NULL,5,NULL),('U8C021',21,'2015-06-13','09:40 AM','NOTAVAIL','Belwest Wallabies','Gungahlin Sharks','U8C',NULL,NULL,6,'LATHAM',NULL,NULL,6,NULL),('U8C022',22,'2015-06-13','09:40 AM','NOTAVAIL','Belsouth X-Men','Gungahlin Strikers','U8C',NULL,NULL,6,'HAWKER',NULL,NULL,6,NULL),('U8C023',23,'2015-06-13','09:40 AM','4D','Gungahlin Stingrays','Belwest Bilbies','U8C','-','J. BARTLETT',6,'HARRISON',NULL,NULL,6,NULL),('U8C024',24,'2015-06-13','09:40 AM','NOTAVAIL','Belsouth Titans','Gungahlin Spiders','U8C',NULL,NULL,6,'HAWKER',NULL,NULL,6,NULL),('U8C025',25,'2015-06-20','09:40 AM','4B','Gungahlin Sharks','Belsouth X-Men','U8C','Setup','C. PRESTON',7,'HARRISON',NULL,NULL,7,180),('U8C026',26,'2015-06-20','09:40 AM','NOTAVAIL','Belwest Bilbies','Belwest Wallabies','U8C',NULL,NULL,7,'LATHAM',NULL,NULL,7,NULL),('U8C027',27,'2015-06-20','09:40 AM','4C','Gungahlin Strikers','Gungahlin Stingrays','U8C','Setup and Packup','E. WHITE',7,'HARRISON',NULL,NULL,7,185),('U8C028',28,'2015-06-20','09:40 AM','4D','Gungahlin Spiders','Belsouth Titans','U8C','Setup','F. WHITE',7,'HARRISON',NULL,NULL,7,190),('U8C029',29,'2015-06-27','09:40 AM','4B','Gungahlin Strikers','Gungahlin Sharks','U8C','Setup','J. GUNAWARDENA',8,'HARRISON',NULL,NULL,8,185),('U8C030',30,'2015-06-27','09:40 AM','NOTAVAIL','Belwest Bilbies','Belsouth X-Men','U8C',NULL,NULL,8,'LATHAM',NULL,NULL,8,NULL),('U8C031',31,'2015-06-27','09:40 AM','NOTAVAIL','Belwest Wallabies','Belsouth Titans','U8C',NULL,NULL,8,'LATHAM',NULL,NULL,8,NULL),('U8C032',32,'2015-06-27','09:40 AM','4C','Gungahlin Spiders','Gungahlin Stingrays','U8C','Setup','B. KEOMANIVONG',8,'HARRISON',NULL,NULL,8,190),('U8C033',33,'2015-07-18','09:40 AM','4A','Gungahlin Sharks','Belwest Bilbies','U8C','Setup','',9,'HARRISON',NULL,NULL,9,180),('U8C034',34,'2015-07-18','09:40 AM','NOTAVAIL','Belsouth Titans','Belsouth X-Men','U8C',NULL,NULL,9,'HAWKER',NULL,NULL,9,NULL),('U8C035',35,'2015-07-18','09:40 AM','NOTAVAIL','Belwest Wallabies','Gungahlin Spiders','U8C',NULL,NULL,9,'LATHAM',NULL,NULL,9,NULL),('U8C036',36,'2015-07-18','09:40 AM','3C','Gungahlin Stingrays','Gungahlin Strikers','U8C','Setup','',9,'HARRISON',NULL,NULL,9,170),('U8C037',37,'2015-07-25','09:40 AM','NOTAVAIL','Gungahlin Sharks','Belsouth Titans','U8C',NULL,NULL,10,'HARRISON',NULL,NULL,10,NULL),('U8C038',38,'2015-07-25','09:40 AM','NOTAVAIL','Gungahlin Spiders','Belsouth X-Men','U8C',NULL,NULL,10,'HARRISON',NULL,NULL,10,NULL),('U8C039',39,'2015-07-25','09:40 AM','NOTAVAIL','Gungahlin Stingrays','Belwest Wallabies','U8C',NULL,NULL,10,'HARRISON',NULL,NULL,10,NULL),('U8C040',40,'2015-07-25','09:40 AM','NOTAVAIL','Gungahlin Strikers','Belwest Bilbies','U8C',NULL,NULL,10,'HARRISON',NULL,NULL,10,NULL),('U8C041',41,'2015-08-01','09:40 AM','NOTAVAIL','Gungahlin Spiders','Gungahlin Sharks','U8C',NULL,NULL,11,'HARRISON',NULL,NULL,11,NULL),('U8C042',42,'2015-08-01','09:40 AM','NOTAVAIL','Belsouth X-Men','Gungahlin Stingrays','U8C',NULL,NULL,11,'HAWKER',NULL,NULL,11,NULL),('U8C043',43,'2015-08-01','09:40 AM','NOTAVAIL','Belwest Wallabies','Gungahlin Strikers','U8C',NULL,NULL,11,'LATHAM',NULL,NULL,11,NULL),('U8C044',44,'2015-08-01','09:40 AM','NOTAVAIL','Belsouth Titans','Belwest Bilbies','U8C',NULL,NULL,11,'HAWKER',NULL,NULL,11,NULL),('U8C045',45,'2015-08-08','09:40 AM','NOTAVAIL','Gungahlin Stingrays','Gungahlin Sharks','U8C',NULL,NULL,12,'HARRISON',NULL,NULL,12,NULL),('U8C046',46,'2015-08-08','09:40 AM','NOTAVAIL','Belsouth X-Men','Belwest Wallabies','U8C',NULL,NULL,12,'HAWKER',NULL,NULL,12,NULL),('U8C047',47,'2015-08-08','09:40 AM','NOTAVAIL','Gungahlin Strikers','Belsouth Titans','U8C',NULL,NULL,12,'HARRISON',NULL,NULL,12,NULL),('U8C048',48,'2015-08-08','09:40 AM','NOTAVAIL','Gungahlin Spiders','Belwest Bilbies','U8C',NULL,NULL,12,'HARRISON',NULL,NULL,12,NULL),('U8C049',49,'2015-08-15','09:40 AM','NOTAVAIL','Gungahlin Sharks','Belwest Wallabies','U8C',NULL,NULL,13,'HARRISON',NULL,NULL,13,NULL),('U8C050',50,'2015-08-15','09:40 AM','NOTAVAIL','Gungahlin Strikers','Belsouth X-Men','U8C',NULL,NULL,13,'HARRISON',NULL,NULL,13,NULL),('U8C051',51,'2015-08-15','09:40 AM','NOTAVAIL','Belwest Bilbies','Gungahlin Stingrays','U8C',NULL,NULL,13,'LATHAM',NULL,NULL,13,NULL),('U8C052',52,'2015-08-15','09:40 AM','NOTAVAIL','Gungahlin Spiders','Belsouth Titans','U8C',NULL,NULL,13,'HARRISON',NULL,NULL,13,NULL),('U8C053',53,'2015-08-22','09:40 AM','NOTAVAIL','Belsouth X-Men','Gungahlin Sharks','U8C',NULL,NULL,14,'HAWKER',NULL,NULL,14,NULL),('U8C054',54,'2015-08-22','09:40 AM','NOTAVAIL','Belwest Wallabies','Belwest Bilbies','U8C',NULL,NULL,14,'LATHAM',NULL,NULL,14,NULL),('U8C055',55,'2015-08-22','09:40 AM','NOTAVAIL','Belsouth Titans','Gungahlin Stingrays','U8C',NULL,NULL,14,'HAWKER',NULL,NULL,14,NULL),('U8C056',56,'2015-08-22','09:40 AM','NOTAVAIL','Gungahlin Spiders','Gungahlin Strikers','U8C',NULL,NULL,14,'HARRISON',NULL,NULL,14,NULL),('U8C057',57,'2015-08-29','09:40 AM','NOTAVAIL','Gungahlin Sharks','Gungahlin Strikers','U8C',NULL,NULL,15,'HARRISON',NULL,NULL,15,NULL),('U8C058',58,'2015-08-29','09:40 AM','NOTAVAIL','Belsouth X-Men','Belwest Bilbies','U8C',NULL,NULL,15,'HAWKER',NULL,NULL,15,NULL),('U8C059',59,'2015-08-29','09:40 AM','NOTAVAIL','Belsouth Titans','Belwest Wallabies','U8C',NULL,NULL,15,'HAWKER',NULL,NULL,15,NULL),('U8C060',60,'2015-08-29','09:40 AM','NOTAVAIL','Gungahlin Spiders','Gungahlin Stingrays','U8C',NULL,NULL,15,'HARRISON',NULL,NULL,15,NULL),('U8D009',9,'2015-05-16','09:40 AM','NOTAVAIL','Belwest Blue tongues','Gungahlin Guards','U8D',NULL,NULL,3,'LATHAM',NULL,NULL,3,NULL),('U8D010',10,'2015-05-16','09:40 AM','NOTAVAIL','Belsouth Ironmen','Belsouth Phantoms','U8D',NULL,NULL,3,'HAWKER',NULL,NULL,3,NULL),('U8D011',11,'2015-05-16','09:40 AM','4D','Gungahlin Emus','Belwest Emus','U8D','Setup','M. VAREY',3,'HARRISON',NULL,NULL,3,NULL),('U8D012',12,'2015-05-16','09:40 AM','NOTAVAIL','Belsouth Avengers','Gungahlin Kangaroos','U8D',NULL,NULL,3,'HAWKER',NULL,NULL,3,NULL),('U8D013',13,'2015-05-16','09:40 AM','NOTAVAIL','Belsouth Daredevils','Belwest Kangaroos','U8D',NULL,NULL,3,'HAWKER',NULL,NULL,3,NULL),('U8D014',14,'2015-05-23','09:40 AM','NOTAVAIL','Belsouth Phantoms','Belwest Blue tongues','U8D',NULL,NULL,4,'HAWKER',NULL,NULL,4,NULL),('U8D015',15,'2015-05-23','09:40 AM','NOTAVAIL','Belwest Emus','Belsouth Ironmen','U8D',NULL,NULL,4,'LATHAM',NULL,NULL,4,NULL),('U8D016',16,'2015-05-23','09:40 AM','6C','Gungahlin Kangaroos','Gungahlin Emus','U8D','Setup','F. WHITE',4,'HARRISON',NULL,NULL,4,8),('U8D017',17,'2015-05-23','TBD','ERROR','Belsouth Avengers','Gungahlin Kangaroos','U8D',NULL,NULL,4,'HAWKER',NULL,NULL,4,NULL),('U8D018',18,'2015-05-23','09:40 AM','6D','Gungahlin Guards','Belsouth Daredevils','U8D','Setup','E. WHITE',4,'HARRISON',NULL,NULL,4,9),('U8D019',19,'2015-05-30','09:40 AM','NOTAVAIL','Belwest Blue tongues','Belwest Emus','U8D',NULL,NULL,5,'LATHAM',NULL,NULL,5,NULL),('U8D020',20,'2015-05-30','09:40 AM','NOTAVAIL','Belsouth Ironmen','Gungahlin Kangaroos','U8D',NULL,NULL,5,'HAWKER',NULL,NULL,5,NULL),('U8D021',21,'2015-05-30','09:40 AM','4C','Gungahlin Emus','Belsouth Avengers','U8D','Setup','B. KEOMANIVONG',5,'HARRISON',NULL,NULL,5,36),('U8D022',22,'2015-05-30','09:40 AM','NOTAVAIL','Belsouth Daredevils','Belsouth Phantoms','U8D',NULL,NULL,5,'HAWKER',NULL,NULL,5,NULL),('U8D023',23,'2015-05-30','09:40 AM','NOTAVAIL','Belwest Kangaroos','Gungahlin Guards','U8D',NULL,NULL,5,'LATHAM',NULL,NULL,5,NULL),('U8D024',24,'2015-06-13','09:40 AM','6A','Gungahlin Kangaroos','Belwest Blue tongues','U8D','Setup','M. VAREY',6,'HARRISON',NULL,NULL,6,NULL),('U8D025',25,'2015-06-13','09:40 AM','NOTAVAIL','Belsouth Avengers','Belsouth Ironmen','U8D',NULL,NULL,6,'HAWKER',NULL,NULL,6,NULL),('U8D026',26,'2015-06-13','09:40 AM','6C','Gungahlin Emus','Belwest Kangaroos','U8D','Setup','K. WALKER',6,'HARRISON',NULL,NULL,6,NULL),('U8D027',27,'2015-06-13','09:40 AM','NOTAVAIL','Belwest Emus','Belsouth Daredevils','U8D',NULL,NULL,6,'LATHAM',NULL,NULL,6,NULL),('U8D028',28,'2015-06-13','09:40 AM','NOTAVAIL','Belsouth Phantoms','Gungahlin Guards','U8D',NULL,NULL,6,'HAWKER',NULL,NULL,6,NULL),('U8D029',29,'2015-06-20','09:40 AM','NOTAVAIL','Belwest Blue tongues','Belsouth Avengers','U8D',NULL,NULL,7,'LATHAM',NULL,NULL,7,NULL),('U8D030',30,'2015-06-20','09:40 AM','NOTAVAIL','Belsouth Ironmen','Gungahlin Emus','U8D',NULL,NULL,7,'HAWKER',NULL,NULL,7,NULL),('U8D031',31,'2015-06-20','09:40 AM','NOTAVAIL','Belsouth Daredevils','Gungahlin Kangaroos','U8D',NULL,NULL,7,'HAWKER',NULL,NULL,7,NULL),('U8D032',32,'2015-06-20','09:40 AM','6A','Gungahlin Guards','Belwest Emus','U8D','Setup','NO REF',7,'HARRISON',NULL,NULL,7,195),('U8D033',33,'2015-06-20','09:40 AM','NOTAVAIL','Belwest Kangaroos','Belsouth Phantoms','U8D',NULL,NULL,7,'LATHAM',NULL,NULL,7,NULL),('U8D034',34,'2015-06-27','09:40 AM','4D','Gungahlin Emus','Belwest Blue tongues','U8D','Setup','F. WHITE',8,'HARRISON',NULL,NULL,8,195),('U8D035',35,'2015-06-27','09:40 AM','NOTAVAIL','Belsouth Ironmen','Belwest Kangaroos','U8D',NULL,NULL,8,'HAWKER',NULL,NULL,8,NULL),('U8D036',36,'2015-06-27','09:40 AM','NOTAVAIL','Belsouth Avengers','Belsouth Daredevils','U8D',NULL,NULL,8,'HAWKER',NULL,NULL,8,NULL),('U8D037',37,'2015-06-27','09:40 AM','6A','Gungahlin Kangaroos','Gungahlin Guards','U8D','Setup','E. WHITE',8,'HARRISON',NULL,NULL,8,200),('U8D038',38,'2015-06-27','09:40 AM','NOTAVAIL','Belwest Emus','Belsouth Phantoms','U8D',NULL,NULL,8,'LATHAM',NULL,NULL,8,NULL),('U8D039',39,'2015-07-18','09:40 AM','NOTAVAIL','Belwest Blue tongues','Belsouth Ironmen','U8D',NULL,NULL,9,'LATHAM',NULL,NULL,9,NULL),('U8D040',40,'2015-07-18','09:40 AM','NOTAVAIL','Belsouth Daredevils','Gungahlin Emus','U8D',NULL,NULL,9,'HAWKER',NULL,NULL,9,NULL),('U8D041',41,'2015-07-18','09:40 AM','4C','Gungahlin Guards','Belsouth Avengers','U8D','Setup','',9,'HARRISON',NULL,NULL,9,185),('U8D042',42,'2015-07-18','09:40 AM','NOTAVAIL','Belsouth Phantoms','Gungahlin Kangaroos','U8D',NULL,NULL,9,'HAWKER',NULL,NULL,9,NULL),('U8D043',43,'2015-07-18','09:40 AM','NOTAVAIL','Belwest Kangaroos','Belwest Emus','U8D',NULL,NULL,9,'LATHAM',NULL,NULL,9,NULL),('U8D044',44,'2015-07-25','09:40 AM','NOTAVAIL','Belwest Kangaroos','Belwest Blue tongues','U8D',NULL,NULL,10,'LATHAM',NULL,NULL,10,NULL),('U8D045',45,'2015-07-25','09:40 AM','NOTAVAIL','Belsouth Daredevils','Belsouth Ironmen','U8D',NULL,NULL,10,'HAWKER',NULL,NULL,10,NULL),('U8D046',46,'2015-07-25','09:40 AM','NOTAVAIL','Gungahlin Guards','Gungahlin Emus','U8D',NULL,NULL,10,'HARRISON',NULL,NULL,10,NULL),('U8D047',47,'2015-07-25','09:40 AM','NOTAVAIL','Belsouth Phantoms','Belsouth Avengers','U8D',NULL,NULL,10,'HAWKER',NULL,NULL,10,NULL),('U8D048',48,'2015-07-25','09:40 AM','NOTAVAIL','Belwest Emus','Gungahlin Kangaroos','U8D',NULL,NULL,10,'LATHAM',NULL,NULL,10,NULL),('U8D049',49,'2015-08-01','09:40 AM','NOTAVAIL','Belwest Blue tongues','Belsouth Daredevils','U8D',NULL,NULL,11,'LATHAM',NULL,NULL,11,NULL),('U8D050',50,'2015-08-01','09:40 AM','NOTAVAIL','Belsouth Ironmen','Gungahlin Guards','U8D',NULL,NULL,11,'HAWKER',NULL,NULL,11,NULL),('U8D051',51,'2015-08-01','09:40 AM','NOTAVAIL','Gungahlin Emus','Belsouth Phantoms','U8D',NULL,NULL,11,'HARRISON',NULL,NULL,11,NULL),('U8D052',52,'2015-08-01','09:40 AM','NOTAVAIL','Belsouth Avengers','Belwest Emus','U8D',NULL,NULL,11,'HAWKER',NULL,NULL,11,NULL),('U8D053',53,'2015-08-01','09:40 AM','NOTAVAIL','Gungahlin Kangaroos','Belwest Kangaroos','U8D',NULL,NULL,11,'HARRISON',NULL,NULL,11,NULL),('U8D054',54,'2015-08-08','09:40 AM','NOTAVAIL','Gungahlin Guards','Belwest Blue tongues','U8D',NULL,NULL,12,'HARRISON',NULL,NULL,12,NULL),('U8D055',55,'2015-08-08','09:40 AM','NOTAVAIL','Belsouth Phantoms','Belsouth Ironmen','U8D',NULL,NULL,12,'HAWKER',NULL,NULL,12,NULL),('U8D056',56,'2015-08-08','09:40 AM','NOTAVAIL','Belwest Emus','Gungahlin Emus','U8D',NULL,NULL,12,'LATHAM',NULL,NULL,12,NULL),('U8D057',57,'2015-08-08','09:40 AM','NOTAVAIL','Belsouth Avengers','Gungahlin Kangaroos','U8D',NULL,NULL,12,'HAWKER',NULL,NULL,12,NULL),('U8D058',58,'2015-08-08','09:40 AM','NOTAVAIL','Belwest Kangaroos','Belsouth Daredevils','U8D',NULL,NULL,12,'LATHAM',NULL,NULL,12,NULL),('U8D059',59,'2015-08-15','09:40 AM','NOTAVAIL','Belwest Blue tongues','Belsouth Phantoms','U8D',NULL,NULL,13,'LATHAM',NULL,NULL,13,NULL),('U8D060',60,'2015-08-15','09:40 AM','NOTAVAIL','Belsouth Ironmen','Belwest Emus','U8D',NULL,NULL,13,'HAWKER',NULL,NULL,13,NULL),('U8D061',61,'2015-08-15','09:40 AM','NOTAVAIL','Gungahlin Emus','Gungahlin Kangaroos','U8D',NULL,NULL,13,'HARRISON',NULL,NULL,13,NULL),('U8D062',62,'2015-08-15','09:40 AM','NOTAVAIL','Belsouth Avengers','Belwest Kangaroos','U8D',NULL,NULL,13,'HAWKER',NULL,NULL,13,NULL),('U8D063',63,'2015-08-15','09:40 AM','NOTAVAIL','Belsouth Daredevils','Gungahlin Guards','U8D',NULL,NULL,13,'HAWKER',NULL,NULL,13,NULL),('U8D064',64,'2015-08-22','09:40 AM','NOTAVAIL','Belwest Emus','Belwest Blue tongues','U8D',NULL,NULL,14,'LATHAM',NULL,NULL,14,NULL),('U8D065',65,'2015-08-22','09:40 AM','NOTAVAIL','Gungahlin Kangaroos','Belsouth Ironmen','U8D',NULL,NULL,14,'HARRISON',NULL,NULL,14,NULL),('U8D066',66,'2015-08-22','09:40 AM','NOTAVAIL','Belsouth Avengers','Gungahlin Emus','U8D',NULL,NULL,14,'HAWKER',NULL,NULL,14,NULL),('U8D067',67,'2015-08-22','09:40 AM','NOTAVAIL','Belsouth Phantoms','Belsouth Daredevils','U8D',NULL,NULL,14,'HAWKER',NULL,NULL,14,NULL),('U8D068',68,'2015-08-22','09:40 AM','NOTAVAIL','Gungahlin Guards','Belwest Kangaroos','U8D',NULL,NULL,14,'HARRISON',NULL,NULL,14,NULL),('U8D069',69,'2015-08-29','09:40 AM','NOTAVAIL','Belwest Blue tongues','Gungahlin Kangaroos','U8D',NULL,NULL,15,'LATHAM',NULL,NULL,15,NULL),('U8D070',70,'2015-08-29','09:40 AM','NOTAVAIL','Belsouth Ironmen','Belsouth Avengers','U8D',NULL,NULL,15,'HAWKER',NULL,NULL,15,NULL),('U8D071',71,'2015-08-29','09:40 AM','NOTAVAIL','Belwest Kangaroos','Gungahlin Emus','U8D',NULL,NULL,15,'LATHAM',NULL,NULL,15,NULL),('U8D072',72,'2015-08-29','09:40 AM','NOTAVAIL','Belsouth Daredevils','Belwest Emus','U8D',NULL,NULL,15,'HAWKER',NULL,NULL,15,NULL),('U8D073',73,'2015-08-29','09:40 AM','NOTAVAIL','Gungahlin Guards','Belsouth Phantoms','U8D',NULL,NULL,15,'HARRISON',NULL,NULL,15,NULL),('U9001',1,'2015-05-02','10:35 AM','3A','Gungahlin All Stars','Gungahlin Warriors','U9','Packup crossbars','O. SZEP',1,'HARRISON',NULL,NULL,1,NULL),('U9002',2,'2015-05-02','10:35 AM','3B','Gungahlin Force','Gungahlin Octopus','U9','Packup crossbars','B.ADAM\n',1,'HARRISON',NULL,NULL,1,NULL),('U9003',3,'2015-05-02','10:35 AM','3C','Gungahlin Hurricanes','Gungahlin Whales','U9','Packup crossbars','J. BARTLETT\n',1,'HARRISON',NULL,NULL,1,NULL),('U9004',4,'2015-05-02','10:35 AM','3D','Gungahlin Lightning','Gungahlin Turtles','U9','Packup crossbars','C. PRESTON\n',1,'HARRISON',NULL,NULL,1,NULL),('U9005',5,'2015-05-02','10:35 AM','4A','Gungahlin Redbacks','Gungahlin Tornadoes','U9','Packup crossbars','J. GUNWARDENA\n',1,'HARRISON',NULL,NULL,1,NULL),('U9006',6,'2015-05-02','10:35 AM','4B','Gungahlin Sea Lions','Gungahlin Thunder','U9','Packup crossbars','F.WHITE\n',1,'HARRISON',NULL,NULL,1,NULL),('U9007',7,'2015-05-02','10:35 AM','BYE','Gungahlin Strikers','Bye','U9','N/A',NULL,1,'HARRISON',NULL,NULL,1,NULL),('U9008',8,'2015-05-09','10:35 AM','3A','Gungahlin All Stars','Gungahlin Force','U9','Packup crossbars','E. WHITE',2,'HARRISON',NULL,NULL,2,NULL),('U9009',9,'2015-05-09','10:35 AM','BYE','Gungahlin Warriors','Bye','U9','','N/A',2,'HARRISON',NULL,NULL,2,NULL),('U9010',10,'2015-05-09','10:35 AM','3B','Gungahlin Hurricanes','Gungahlin Octopus','U9','Packup crossbars','D. VAN PUTTEN',2,'HARRISON',NULL,NULL,2,NULL),('U9011',11,'2015-05-09','10:35 AM','3C','Gungahlin Lightning','Gungahlin Whales','U9','Packup crossbars','J. BARLETT',2,'HARRISON',NULL,NULL,2,NULL),('U9012',12,'2015-05-09','10:35 AM','3D','Gungahlin Redbacks','Gungahlin Turtles','U9','Packup crossbars','K. WALKER',2,'HARRISON',NULL,NULL,2,NULL),('U9013',13,'2015-05-09','10:35 AM','4A','Gungahlin Sea Lions','Gungahlin Tornadoes','U9','Packup crossbars','F. WHITE',2,'HARRISON',NULL,NULL,2,NULL),('U9014',14,'2015-05-09','10:35 AM','4B','Gungahlin Strikers','Gungahlin Thunder','U9','Packup crossbars','B. KEOMANIVONG',2,'HARRISON',NULL,NULL,2,NULL),('U9015',15,'2015-05-16','10:35 AM','NOTAVAIL','Yass Redbacks ','BurgmannThunderbolts ','U9A',NULL,NULL,3,'YASS',NULL,NULL,3,NULL),('U9016',16,'2015-05-16','10:35 AM','NOTAVAIL','Belwest Leopards','Belsouth Crows','U9A',NULL,NULL,3,'LATHAM',NULL,NULL,3,NULL),('U9017',17,'2015-05-16','10:35 AM','3A','Gungahlin Warriors','Gungahlin Lightning','U9A','Packup crossbars','D. VAN PUTTEN',3,'HARRISON',NULL,NULL,3,NULL),('U9018',18,'2015-05-16','10:35 AM','3B','Gungahlin All Stars ','Gungahlin Redbacks','U9A','Packup','E. WHITE',3,'HARRISON',NULL,NULL,3,NULL),('U9019',19,'2015-05-23','10:35 AM','NOTAVAIL','Belsouth Crows','Yass Redbacks','U9A',NULL,NULL,4,'HAWKER',NULL,NULL,4,NULL),('U9020',20,'2015-05-23','10:35 AM','3A','Gungahlin Lightning ','Belwest Leopards','U9A','Packup crossbars','J. GUNAWARDENA',4,'HARRISON',NULL,NULL,4,1),('U9021',21,'2015-05-23','10:35 AM','3B','Gungahlin Redbacks','BurgmannThunderbolts','U9A','Packup','B. KEOMANIVONG',4,'HARRISON',NULL,NULL,4,2),('U9022',22,'2015-05-23','10:35 AM','3C','Gungahlin Warriors','Gungahlin All Stars','U9A','Packup crossbars','K. WALKER',4,'HARRISON',NULL,NULL,4,3),('U9023',23,'2015-05-30','10:35 AM','NOTAVAIL','Yass Redbacks ','Gungahlin Lightning','U9A',NULL,NULL,5,'YASS',NULL,NULL,5,NULL),('U9024',24,'2015-05-30','10:35 AM','NOTAVAIL','Belwest Leopards ','Gungahlin Warriors','U9A',NULL,NULL,5,'LATHAM',NULL,NULL,5,NULL),('U9025',25,'2015-05-30','10:35 AM','NOTAVAIL','BurgmannThunderbolts','Gungahlin Redbacks','U9A',NULL,NULL,5,'BURGMANN',NULL,NULL,5,NULL),('U9026',26,'2015-05-30','10:35 AM','3A','Gungahlin All Stars ','Belsouth Crows','U9A','Packup crossbars','B. KEOMANIVONG',5,'HARRISON',NULL,NULL,5,37),('U9027',27,'2015-06-13','10:35 AM','3A','Gungahlin Warriors','Yass Redbacks ','U9A','Packup crossbars','E. WHITE',6,'HARRISON',NULL,NULL,6,NULL),('U9028',28,'2015-06-13','10:35 AM','NOTAVAIL','Belwest Leopards ','Gungahlin Redbacks','U9A',NULL,NULL,6,'LATHAM',NULL,NULL,6,NULL),('U9029',29,'2015-06-13','10:35 AM','3B','Gungahlin Lightning ','Gungahlin All Stars','U9A','Packup','F. WHITE',6,'HARRISON',NULL,NULL,6,NULL),('U9030',30,'2015-06-13','10:35 AM','NOTAVAIL','BurgmannThunderbolts','Belsouth Crows','U9A',NULL,NULL,6,'BURGMANN',NULL,NULL,6,NULL),('U9031',31,'2015-06-20','10:35 AM','NOTAVAIL','Yass Redbacks ','Belwest Leopards','U9A',NULL,NULL,7,'YASS',NULL,NULL,7,NULL),('U9032',32,'2015-06-20','10:35 AM','3A','Gungahlin All Stars ','Gungahlin Warriors','U9A','Packup crossbars','J. GUNAWARDENA',7,'HARRISON',NULL,NULL,7,200),('U9033',33,'2015-06-20','10:35 AM','3B','Gungahlin Redbacks','Gungahlin Lightning','U9A','Packup','B. KEOMANIVONG',7,'HARRISON',NULL,NULL,7,205),('U9034',34,'2015-06-20','10:35 AM','NOTAVAIL','Belsouth Crows','BurgmannThunderbolts','U9A',NULL,NULL,7,'HAWKER',NULL,NULL,7,NULL),('U9035',35,'2015-06-27','10:35 AM','3A','Gungahlin Redbacks','Yass Redbacks ','U9A','Packup crossbars','J. LEE',8,'HARRISON',NULL,NULL,8,205),('U9036',36,'2015-06-27','10:35 AM','3B','Gungahlin All Stars ','Belwest Leopards','U9A','Packup','M. VAREY',8,'HARRISON',NULL,NULL,8,210),('U9037',37,'2015-06-27','10:35 AM','3C','Gungahlin Warriors','BurgmannThunderbolts','U9A','Packup crossbars','D. VAN PUTTEN',8,'HARRISON',NULL,NULL,8,215),('U9038',38,'2015-06-27','10:35 AM','NOTAVAIL','Belsouth Crows','Gungahlin Lightning','U9A',NULL,NULL,8,'HAWKER',NULL,NULL,8,NULL),('U9039',39,'2015-07-18','10:35 AM','NOTAVAIL','Yass Redbacks ','Gungahlin All Stars','U9A',NULL,NULL,9,'YASS',NULL,NULL,9,NULL),('U9040',40,'2015-07-18','10:35 AM','NOTAVAIL','BurgmannThunderbolts ','Belwest Leopards ','U9A',NULL,NULL,9,'BURGMANN',NULL,NULL,9,NULL),('U9041',41,'2015-07-18','10:35 AM','3A','Gungahlin Warriors','Belsouth Crows','U9A','Packup crossbars','',9,'HARRISON',NULL,NULL,9,190),('U9042',42,'2015-07-18','10:35 AM','3C','Gungahlin Lightning ','Gungahlin Redbacks','U9A','Packup crossbars','',9,'HARRISON',NULL,NULL,9,200),('U9043',43,'2015-07-25','10:35 AM','NOTAVAIL','Yass Redbacks','BurgmannThunderbolts','U9A',NULL,NULL,10,'YASS',NULL,NULL,10,NULL),('U9044',44,'2015-07-25','10:35 AM','NOTAVAIL','Belsouth Crows','Belwest Leopards','U9A',NULL,NULL,10,'HAWKER',NULL,NULL,10,NULL),('U9045',45,'2015-07-25','10:35 AM','NOTAVAIL','Gungahlin Lightning ','Gungahlin Warriors','U9A',NULL,NULL,10,'HARRISON',NULL,NULL,10,NULL),('U9046',46,'2015-07-25','10:35 AM','NOTAVAIL','Gungahlin Redbacks','Gungahlin All Stars','U9A',NULL,NULL,10,'HARRISON',NULL,NULL,10,NULL),('U9047',47,'2015-08-01','10:35 AM','NOTAVAIL','Belsouth Crows','Yass Redbacks','U9A',NULL,NULL,11,'HAWKER',NULL,NULL,11,NULL),('U9048',48,'2015-08-01','10:35 AM','NOTAVAIL','Belwest Leopards ','Gungahlin Lightning','U9A',NULL,NULL,11,'LATHAM',NULL,NULL,11,NULL),('U9049',49,'2015-08-01','10:35 AM','NOTAVAIL','Gungahlin Warriors','Gungahlin Redbacks','U9A',NULL,NULL,11,'HARRISON',NULL,NULL,11,NULL),('U9050',50,'2015-08-01','10:35 AM','NOTAVAIL','BurgmannThunderbolts','Gungahlin All Stars ','U9A',NULL,NULL,11,'BURGMANN',NULL,NULL,11,NULL),('U9051',51,'2015-08-08','10:35 AM','NOTAVAIL','Gungahlin Lightning ','Yass Redbacks','U9A',NULL,NULL,12,'HARRISON',NULL,NULL,12,NULL),('U9052',52,'2015-08-08','10:35 AM','NOTAVAIL','Belwest Leopards','Gungahlin Warriors','U9A',NULL,NULL,12,'LATHAM',NULL,NULL,12,NULL),('U9053',53,'2015-08-08','10:35 AM','NOTAVAIL','Gungahlin Redbacks','BurgmannThunderbolts','U9A',NULL,NULL,12,'HARRISON',NULL,NULL,12,NULL),('U9054',54,'2015-08-08','10:35 AM','NOTAVAIL','Belsouth Crows','Gungahlin All Stars','U9A',NULL,NULL,12,'HAWKER',NULL,NULL,12,NULL),('U9055',55,'2015-08-15','10:35 AM','NOTAVAIL','Yass Redbacks ','Gungahlin Warriors','U9A',NULL,NULL,13,'YASS',NULL,NULL,13,NULL),('U9056',56,'2015-08-15','10:35 AM','NOTAVAIL','Gungahlin Redbacks','Belwest Leopards','U9A',NULL,NULL,13,'HARRISON',NULL,NULL,13,NULL),('U9057',57,'2015-08-15','10:35 AM','NOTAVAIL','Gungahlin All Stars','Gungahlin Lightning','U9A',NULL,NULL,13,'HARRISON',NULL,NULL,13,NULL),('U9058',58,'2015-08-15','10:35 AM','NOTAVAIL','Belsouth Crows','BurgmannThunderbolts','U9A',NULL,NULL,13,'HAWKER',NULL,NULL,13,NULL),('U9059',59,'2015-08-22','10:35 AM','NOTAVAIL','Belwest Leopards ','Yass Redbacks','U9A',NULL,NULL,14,'LATHAM',NULL,NULL,14,NULL),('U9060',60,'2015-08-22','10:35 AM','NOTAVAIL','Gungahlin Warriors','Gungahlin All Stars','U9A',NULL,NULL,14,'HARRISON',NULL,NULL,14,NULL),('U9061',61,'2015-08-22','10:35 AM','NOTAVAIL','BurgmannThunderbolts','Gungahlin Lightning ','U9A',NULL,NULL,14,'BURGMANN',NULL,NULL,14,NULL),('U9062',62,'2015-08-22','10:35 AM','NOTAVAIL','Belsouth Crows','Gungahlin Redbacks','U9A',NULL,NULL,14,'HAWKER',NULL,NULL,14,NULL),('U9063',63,'2015-08-29','10:35 AM','NOTAVAIL','Yass Redbacks','Gungahlin Redbacks','U9A',NULL,NULL,15,'YASS',NULL,NULL,15,NULL),('U9064',64,'2015-08-29','10:35 AM','NOTAVAIL','Belwest Leopards ','Gungahlin All Stars','U9A',NULL,NULL,15,'LATHAM',NULL,NULL,15,NULL),('U9065',65,'2015-08-29','10:35 AM','NOTAVAIL','BurgmannThunderbolts','Gungahlin Warriors','U9A',NULL,NULL,15,'BURGMANN',NULL,NULL,15,NULL),('U9066',66,'2015-08-29','10:35 AM','NOTAVAIL','Belsouth Crows','Gungahlin Lightning ','U9A',NULL,NULL,15,'HAWKER',NULL,NULL,15,NULL),('U9B067',67,'2015-05-16','10:35 AM','NOTAVAIL','Yass Spiders ','Radford Wolves ','U9B',NULL,NULL,3,'YASS',NULL,NULL,3,NULL),('U9B068',68,'2015-05-16','10:35 AM','NOTAVAIL','Belwest Lions','Belsouth Currawongs','U9B',NULL,NULL,3,'LATHAM',NULL,NULL,3,NULL),('U9B069',69,'2015-05-16','10:35 AM','3C','Gungahlin Force','Gungahlin Sea Lions','U9B','Packup crossbars','B. ADAM ',3,'HARRISON',NULL,NULL,3,NULL),('U9B070',70,'2015-05-16','10:35 AM','3D','Gungahlin Hurricanes ','Gungahlin Strikers','U9B','Packup','J. LEE',3,'HARRISON',NULL,NULL,3,NULL),('U9B071',71,'2015-05-23','10:35 AM','NOTAVAIL','Belsouth Currawongs','Yass Spiders','U9B',NULL,NULL,4,'HAWKER',NULL,NULL,4,NULL),('U9B072',72,'2015-05-23','10:35 AM','3D','Gungahlin Sea Lions ','Belwest Lions','U9B','Packup','F. WHITE',4,'HARRISON',NULL,NULL,4,4),('U9B073',73,'2015-05-23','10:35 AM','4A','Gungahlin Strikers','Radford Wolves','U9B','Packup crossbars','E. WHITE',4,'HARRISON',NULL,NULL,4,5),('U9B074',74,'2015-05-23','10:35 AM','4B','Gungahlin Force','Gungahlin Hurricanes','U9B','Packup ','C. PRESTON',4,'HARRISON',NULL,NULL,4,6),('U9B075',75,'2015-05-30','10:35 AM','NOTAVAIL','Yass Spiders ','Gungahlin Sea Lions','U9B',NULL,NULL,5,'YASS',NULL,NULL,5,NULL),('U9B076',76,'2015-05-30','10:35 AM','NOTAVAIL','Belwest Lions ','Gungahlin Force','U9B',NULL,NULL,5,'LATHAM',NULL,NULL,5,NULL),('U9B077',77,'2015-05-30','10:35 AM','NOTAVAIL','Radford Wolves','Gungahlin Strikers','U9B',NULL,NULL,5,'RADFORD',NULL,NULL,5,NULL),('U9B078',78,'2015-05-30','10:35 AM','3B','Gungahlin Hurricanes ','Belsouth Currawongs','U9B','Packup','J. LEE',5,'HARRISON',NULL,NULL,5,38),('U9B079',79,'2015-06-13','10:35 AM','3C','Gungahlin Force','Yass Spiders ','U9B','Packup crossbars','C. PRESTON',6,'HARRISON',NULL,NULL,6,NULL),('U9B080',80,'2015-06-13','10:35 AM','NOTAVAIL','Belwest Lions ','Gungahlin Strikers','U9B',NULL,NULL,6,'LATHAM',NULL,NULL,6,NULL),('U9B081',81,'2015-06-13','10:35 AM','4B','Gungahlin Sea Lions ','Gungahlin Hurricanes','U9B','Packup crossbars','J. LEE',6,'HARRISON',NULL,NULL,6,NULL),('U9B082',82,'2015-06-13','10:35 AM','NOTAVAIL','Radford Wolves','Belsouth Currawongs','U9B',NULL,NULL,6,'RADFORD',NULL,NULL,6,NULL),('U9B083',83,'2015-06-20','10:35 AM','NOTAVAIL','Yass Spiders ','Belwest Lions','U9B',NULL,NULL,7,'YASS',NULL,NULL,7,NULL),('U9B084',84,'2015-06-20','10:35 AM','3C','Gungahlin Hurricanes ','Gungahlin Force','U9B','Packup crossbars','E. WHITE',7,'HARRISON',NULL,NULL,7,210),('U9B085',85,'2015-06-20','10:35 AM','4B','Gungahlin Strikers','Gungahlin Sea Lions','U9B','Packup crossbars','F. WHITE',7,'HARRISON',NULL,NULL,7,215),('U9B086',86,'2015-06-20','10:35 AM','NOTAVAIL','Belsouth Currawongs','Radford Wolves','U9B',NULL,NULL,7,'HAWKER',NULL,NULL,7,NULL),('U9B087',87,'2015-06-27','10:35 AM','3D','Gungahlin Strikers','Yass Spiders ','U9B','Packup','A. BANGAHAM',8,'HARRISON',NULL,NULL,8,220),('U9B088',88,'2015-06-27','10:35 AM','4A','Gungahlin Hurricanes ','Belwest Lions','U9B','Packup crossbars','J. FINCH',8,'HARRISON',NULL,NULL,8,225),('U9B089',89,'2015-06-27','10:35 AM','4B','Gungahlin Force','Radford Wolves','U9B','Packup','J. GUNAWARDENA',8,'HARRISON',NULL,NULL,8,230),('U9B090',90,'2015-06-27','10:35 AM','NOTAVAIL','Belsouth Currawongs','Gungahlin Sea Lions','U9B',NULL,NULL,8,'HAWKER',NULL,NULL,8,NULL),('U9B091',91,'2015-07-18','10:35 AM','NOTAVAIL','Yass Spiders ','Gungahlin Hurricanes','U9B',NULL,NULL,9,'YASS',NULL,NULL,9,NULL),('U9B092',92,'2015-07-18','10:35 AM','NOTAVAIL','Radford Wolves ','Belwest Lions ','U9B',NULL,NULL,9,'RADFORD',NULL,NULL,9,NULL),('U9B093',93,'2015-07-18','10:35 AM','3B','Gungahlin Force','Belsouth Currawongs','U9B','Packup','',9,'HARRISON',NULL,NULL,9,195),('U9B094',94,'2015-07-18','10:35 AM','3D','Gungahlin Sea Lions ','Gungahlin Strikers','U9B','Packup','',9,'HARRISON',NULL,NULL,9,205),('U9B095',95,'2015-07-25','10:35 AM','NOTAVAIL','Yass Spiders','Radford Wolves','U9B',NULL,NULL,10,'YASS',NULL,NULL,10,NULL),('U9B096',96,'2015-07-25','10:35 AM','NOTAVAIL','Belsouth Currawongs','Belwest Lions','U9B',NULL,NULL,10,'HAWKER',NULL,NULL,10,NULL),('U9B097',97,'2015-07-25','10:35 AM','NOTAVAIL','Gungahlin Sea Lions ','Gungahlin Force','U9B',NULL,NULL,10,'HARRISON',NULL,NULL,10,NULL),('U9B098',98,'2015-07-25','10:35 AM','NOTAVAIL','Gungahlin Strikers','Gungahlin Hurricanes','U9B',NULL,NULL,10,'HARRISON',NULL,NULL,10,NULL),('U9B099',99,'2015-08-01','10:35 AM','NOTAVAIL','Belsouth Currawongs','Yass Spiders','U9B',NULL,NULL,11,'HAWKER',NULL,NULL,11,NULL),('U9B100',100,'2015-08-01','10:35 AM','NOTAVAIL','Belwest Lions ','Gungahlin Sea Lions','U9B',NULL,NULL,11,'LATHAM',NULL,NULL,11,NULL),('U9B101',101,'2015-08-01','10:35 AM','NOTAVAIL','Gungahlin Force','Gungahlin Strikers','U9B',NULL,NULL,11,'HARRISON',NULL,NULL,11,NULL),('U9B102',102,'2015-08-01','10:35 AM','NOTAVAIL','Radford Wolves','Gungahlin Hurricanes ','U9B',NULL,NULL,11,'RADFORD',NULL,NULL,11,NULL),('U9B103',103,'2015-08-08','10:35 AM','NOTAVAIL','Gungahlin Sea Lions ','Yass Spiders','U9B',NULL,NULL,12,'HARRISON',NULL,NULL,12,NULL),('U9B104',104,'2015-08-08','10:35 AM','NOTAVAIL','Belwest Lions','Gungahlin Force','U9B',NULL,NULL,12,'LATHAM',NULL,NULL,12,NULL),('U9B105',105,'2015-08-08','10:35 AM','NOTAVAIL','Gungahlin Strikers','Radford Wolves','U9B',NULL,NULL,12,'HARRISON',NULL,NULL,12,NULL),('U9B106',106,'2015-08-08','10:35 AM','NOTAVAIL','Belsouth Currawongs','Gungahlin Hurricanes','U9B',NULL,NULL,12,'HAWKER',NULL,NULL,12,NULL),('U9B107',107,'2015-08-15','10:35 AM','NOTAVAIL','Yass Spiders ','Gungahlin Force','U9B',NULL,NULL,13,'YASS',NULL,NULL,13,NULL),('U9B108',108,'2015-08-15','10:35 AM','NOTAVAIL','Gungahlin Strikers','Belwest Lions','U9B',NULL,NULL,13,'HARRISON',NULL,NULL,13,NULL),('U9B109',109,'2015-08-15','10:35 AM','NOTAVAIL','Gungahlin Hurricanes','Gungahlin Sea Lions','U9B',NULL,NULL,13,'HARRISON',NULL,NULL,13,NULL),('U9B110',110,'2015-08-15','10:35 AM','NOTAVAIL','Belsouth Currawongs','Radford Wolves','U9B',NULL,NULL,13,'HAWKER',NULL,NULL,13,NULL),('U9B111',111,'2015-08-22','10:35 AM','NOTAVAIL','Belwest Lions ','Yass Spiders','U9B',NULL,NULL,14,'LATHAM',NULL,NULL,14,NULL),('U9B112',112,'2015-08-22','10:35 AM','NOTAVAIL','Gungahlin Force','Gungahlin Hurricanes','U9B',NULL,NULL,14,'HARRISON',NULL,NULL,14,NULL),('U9B113',113,'2015-08-22','10:35 AM','NOTAVAIL','Radford Wolves','Gungahlin Sea Lions ','U9B',NULL,NULL,14,'RADFORD',NULL,NULL,14,NULL),('U9B114',114,'2015-08-22','10:35 AM','NOTAVAIL','Belsouth Currawongs','Gungahlin Strikers','U9B',NULL,NULL,14,'HAWKER',NULL,NULL,14,NULL),('U9B115',115,'2015-08-29','10:35 AM','NOTAVAIL','Yass Spiders','Gungahlin Strikers','U9B',NULL,NULL,15,'YASS',NULL,NULL,15,NULL),('U9B116',116,'2015-08-29','10:35 AM','NOTAVAIL','Belwest Lions ','Gungahlin Hurricanes','U9B',NULL,NULL,15,'LATHAM',NULL,NULL,15,NULL),('U9B117',117,'2015-08-29','10:35 AM','NOTAVAIL','Radford Wolves','Gungahlin Force','U9B',NULL,NULL,15,'RADFORD',NULL,NULL,15,NULL),('U9B118',118,'2015-08-29','10:35 AM','NOTAVAIL','Belsouth Currawongs','Gungahlin Sea Lions ','U9B',NULL,NULL,15,'HAWKER',NULL,NULL,15,NULL),('U9C119',119,'2015-05-16','10:35 AM','NOTAVAIL','Belwest Cougars               ','Gungahlin Tornadoes','U9C',NULL,NULL,3,'LATHAM',NULL,NULL,3,NULL),('U9C120',120,'2015-05-16','10:35 AM','NOTAVAIL','Belsouth Emus ','Belsouth Kingfishers','U9C',NULL,NULL,3,'HAWKER',NULL,NULL,3,NULL),('U9C121',121,'2015-05-16','10:35 AM','4B','Gungahlin Thunder ','Belwest Tigers','U9C','Packup crossbars','C. PRESTON',3,'HARRISON',NULL,NULL,3,NULL),('U9C122',122,'2015-05-16','10:35 AM','NOTAVAIL','Belsouth Kookaburras ','Gungahlin Octopus','U9C',NULL,NULL,3,'HAWKER',NULL,NULL,3,NULL),('U9C123',123,'2015-05-16','10:35 AM','NOTAVAIL','Belsouth Ravens ','Belsouth Falcons','U9C',NULL,NULL,3,'HAWKER',NULL,NULL,3,NULL),('U9C124',124,'2015-05-23','10:35 AM','NOTAVAIL','Belsouth Kingfishers','Belwest Cougars               ','U9C',NULL,NULL,4,'HAWKER',NULL,NULL,4,NULL),('U9C125',125,'2015-05-23','10:35 AM','NOTAVAIL','Belwest Tigers ','Belsouth Emus','U9C',NULL,NULL,4,'LATHAM',NULL,NULL,4,NULL),('U9C126',126,'2015-05-23','10:35 AM','4C','Gungahlin Octopus ','Gungahlin Thunder','U9C','Packup crossbars','O. SZEP',4,'HARRISON',NULL,NULL,4,7),('U9C127',127,'2015-05-23','10:35 AM','NOTAVAIL','Belsouth Kookaburras','Belsouth Seagulls','U9C',NULL,NULL,4,'HAWKER',NULL,NULL,4,NULL),('U9C128',128,'2015-05-23','10:35 AM','6C','Gungahlin Tornadoes ','Belsouth Ravens','U9C','Packup crossbars','D. VAN PUTTEN',4,'HARRISON',NULL,NULL,4,8),('U9C129',129,'2015-05-30','10:35 AM','NOTAVAIL','Belwest Cougars               ','Belwest Tigers','U9C',NULL,NULL,5,'LATHAM',NULL,NULL,5,NULL),('U9C130',130,'2015-05-30','10:35 AM','NOTAVAIL','Belsouth Emus ','Gungahlin Octopus','U9C',NULL,NULL,5,'HAWKER',NULL,NULL,5,NULL),('U9C131',131,'2015-05-30','10:35 AM','3C','Gungahlin Thunder ','Belsouth Kookaburras','U9C','Packup crossbars','F. WHITE',5,'HARRISON',NULL,NULL,5,39),('U9C132',132,'2015-05-30','10:35 AM','NOTAVAIL','Belsouth Ravens ','Belsouth Kingfishers','U9C',NULL,NULL,5,'HAWKER',NULL,NULL,5,NULL),('U9C133',133,'2015-05-30','10:35 AM','4C','Gungahlin Tornadoes','Belwest Pumas','U9C','Packup crossbars','J. BARTLETT',5,'HARRISON',NULL,NULL,5,42),('U9C134',134,'2015-06-13','10:35 AM','4D','Gungahlin Octopus ','Belwest Cougars               ','U9C','Packup crossbars','J. BARTLETT',6,'HARRISON',NULL,NULL,6,NULL),('U9C135',135,'2015-06-13','10:35 AM','NOTAVAIL','Belsouth Kookaburras ','Belsouth Emus','U9C',NULL,NULL,6,'HAWKER',NULL,NULL,6,NULL),('U9C136',136,'2015-06-13','10:35 AM','6A','Gungahlin Thunder ','Gungahlin Turtles','U9C','Packup crossbars','M. VAREY',6,'HARRISON',NULL,NULL,6,NULL),('U9C137',137,'2015-06-13','10:35 AM','NOTAVAIL','Belwest Tigers ','Belsouth Ravens','U9C',NULL,NULL,6,'LATHAM',NULL,NULL,6,NULL),('U9C138',138,'2015-06-13','10:35 AM','NOTAVAIL','Belsouth Kingfishers ','Gungahlin Tornadoes','U9C',NULL,NULL,6,'HAWKER',NULL,NULL,6,NULL),('U9C139',139,'2015-06-20','10:35 AM','NOTAVAIL','Belwest Cougars               ','Belsouth Kookaburras','U9C',NULL,NULL,7,'LATHAM',NULL,NULL,7,NULL),('U9C140',140,'2015-06-20','10:35 AM','NOTAVAIL','Belsouth Emus ','Gungahlin Thunder','U9C',NULL,NULL,7,'HAWKER',NULL,NULL,7,NULL),('U9C141',141,'2015-06-20','10:35 AM','NOTAVAIL','Belsouth Ravens ','Gungahlin Octopus','U9C',NULL,NULL,7,'HAWKER',NULL,NULL,7,NULL),('U9C142',142,'2015-06-20','10:35 AM','4D','Gungahlin Tornadoes ','Belwest Tigers','U9C','Packup crossbars','J. BARTLETT',7,'HARRISON',NULL,NULL,7,220),('U9C143',143,'2015-06-20','10:35 AM','NOTAVAIL','Belwest Panthers','Belsouth Kingfishers','U9C',NULL,NULL,7,'LATHAM',NULL,NULL,7,NULL),('U9C144',144,'2015-06-27','10:35 AM','4C','Gungahlin Thunder ','Belwest Cougars               ','U9C','Packup crossbars','B. KEOMANIVONG',8,'HARRISON',NULL,NULL,8,235),('U9C145',145,'2015-06-27','10:35 AM','NOTAVAIL','Belsouth Emus ','Belsouth Vultures','U9C',NULL,NULL,8,'HAWKER',NULL,NULL,8,NULL),('U9C146',146,'2015-06-27','10:35 AM','NOTAVAIL','Belsouth Kookaburras ','Belsouth Ravens','U9C',NULL,NULL,8,'HAWKER',NULL,NULL,8,NULL),('U9C147',147,'2015-06-27','10:35 AM','4D','Gungahlin Octopus ','Gungahlin Tornadoes','U9C','Packup','F. WHITE',8,'HARRISON',NULL,NULL,8,240),('U9C148',148,'2015-06-27','10:35 AM','NOTAVAIL','Belwest Tigers ','Belsouth Kingfishers','U9C',NULL,NULL,8,'LATHAM',NULL,NULL,8,NULL),('U9C149',149,'2015-07-18','10:35 AM','NOTAVAIL','Belwest Cougars               ','Belsouth Emus','U9C',NULL,NULL,9,'LATHAM',NULL,NULL,9,NULL),('U9C150',150,'2015-07-18','10:35 AM','NOTAVAIL','Belsouth Ravens ','Gungahlin Thunder','U9C',NULL,NULL,9,'HAWKER',NULL,NULL,9,NULL),('U9C151',151,'2015-07-18','10:35 AM','4A','Gungahlin Tornadoes ','Belsouth Kookaburras','U9C','Packup crossbars','',9,'HARRISON',NULL,NULL,9,210),('U9C152',152,'2015-07-18','10:35 AM','NOTAVAIL','Belsouth Kingfishers ','Gungahlin Octopus','U9C',NULL,NULL,9,'HAWKER',NULL,NULL,9,NULL),('U9C153',153,'2015-07-18','10:35 AM','NOTAVAIL','Belwest Cheetahs','Belwest Tigers','U9C',NULL,NULL,9,'LATHAM',NULL,NULL,9,NULL),('U9C154',154,'2015-07-25','10:35 AM','NOTAVAIL','Gungahlin Whales','Belwest Cougars               ','U9C',NULL,NULL,10,'HARRISON',NULL,NULL,10,NULL),('U9C155',155,'2015-07-25','10:35 AM','NOTAVAIL','Belsouth Ravens ','Belsouth Emus','U9C',NULL,NULL,10,'HAWKER',NULL,NULL,10,NULL),('U9C156',156,'2015-07-25','10:35 AM','NOTAVAIL','Gungahlin Tornadoes ','Gungahlin Thunder','U9C',NULL,NULL,10,'HARRISON',NULL,NULL,10,NULL),('U9C157',157,'2015-07-25','10:35 AM','NOTAVAIL','Belsouth Kingfishers ','Belsouth Kookaburras','U9C',NULL,NULL,10,'HAWKER',NULL,NULL,10,NULL),('U9C158',158,'2015-07-25','10:35 AM','NOTAVAIL','Belwest Tigers ','Gungahlin Octopus','U9C',NULL,NULL,10,'LATHAM',NULL,NULL,10,NULL),('U9C159',159,'2015-08-01','10:35 AM','NOTAVAIL','Belwest Cougars               ','Belsouth Ravens','U9C',NULL,NULL,11,'LATHAM',NULL,NULL,11,NULL),('U9C160',160,'2015-08-01','10:35 AM','NOTAVAIL','Belsouth Emus ','Gungahlin Tornadoes','U9C',NULL,NULL,11,'HAWKER',NULL,NULL,11,NULL),('U9C161',161,'2015-08-01','10:35 AM','NOTAVAIL','Gungahlin Thunder ','Belsouth Kingfishers','U9C',NULL,NULL,11,'HARRISON',NULL,NULL,11,NULL),('U9C162',162,'2015-08-01','10:35 AM','NOTAVAIL','Belsouth Kookaburras ','Belwest Tigers','U9C',NULL,NULL,11,'HAWKER',NULL,NULL,11,NULL),('U9C163',163,'2015-08-01','10:35 AM','NOTAVAIL','Gungahlin Octopus ','Radford Warriors','U9C',NULL,NULL,11,'HARRISON',NULL,NULL,11,NULL),('U9C164',164,'2015-08-08','10:35 AM','NOTAVAIL','Gungahlin Tornadoes ','Belwest Cougars               ','U9C',NULL,NULL,12,'HARRISON',NULL,NULL,12,NULL),('U9C165',165,'2015-08-08','10:35 AM','NOTAVAIL','Belsouth Kingfishers ','Belsouth Emus','U9C',NULL,NULL,12,'HAWKER',NULL,NULL,12,NULL),('U9C166',166,'2015-08-08','10:35 AM','NOTAVAIL','Belwest Tigers ','Gungahlin Thunder','U9C',NULL,NULL,12,'LATHAM',NULL,NULL,12,NULL),('U9C167',167,'2015-08-08','10:35 AM','NOTAVAIL','Belsouth Kookaburras','Gungahlin Octopus ','U9C',NULL,NULL,12,'HAWKER',NULL,NULL,12,NULL),('U9C168',168,'2015-08-08','10:35 AM','NOTAVAIL','Belsouth Falcons','Belsouth Ravens','U9C',NULL,NULL,12,'HAWKER',NULL,NULL,12,NULL),('U9C169',169,'2015-08-15','10:35 AM','NOTAVAIL','Belwest Cougars               ','Belsouth Kingfishers','U9C',NULL,NULL,13,'LATHAM',NULL,NULL,13,NULL),('U9C170',170,'2015-08-15','10:35 AM','NOTAVAIL','Belsouth Emus ','Belwest Tigers','U9C',NULL,NULL,13,'HAWKER',NULL,NULL,13,NULL),('U9C171',171,'2015-08-15','10:35 AM','NOTAVAIL','Gungahlin Thunder ','Gungahlin Octopus','U9C',NULL,NULL,13,'HARRISON',NULL,NULL,13,NULL),('U9C172',172,'2015-08-15','10:35 AM','NOTAVAIL','Belsouth Kookaburras ','Belsouth Seagulls','U9C',NULL,NULL,13,'HAWKER',NULL,NULL,13,NULL),('U9C173',173,'2015-08-15','10:35 AM','NOTAVAIL','Belsouth Ravens ','Gungahlin Tornadoes','U9C',NULL,NULL,13,'HAWKER',NULL,NULL,13,NULL),('U9C174',174,'2015-08-22','10:35 AM','NOTAVAIL','Belwest Tigers ','Belwest Cougars               ','U9C',NULL,NULL,14,'LATHAM',NULL,NULL,14,NULL),('U9C175',175,'2015-08-22','10:35 AM','NOTAVAIL','Gungahlin Octopus ','Belsouth Emus','U9C',NULL,NULL,14,'HARRISON',NULL,NULL,14,NULL),('U9C176',176,'2015-08-22','10:35 AM','NOTAVAIL','Belsouth Kookaburras ','Gungahlin Thunder','U9C',NULL,NULL,14,'HAWKER',NULL,NULL,14,NULL),('U9C177',177,'2015-08-22','10:35 AM','NOTAVAIL','Belsouth Kingfishers ','Belsouth Ravens','U9C',NULL,NULL,14,'HAWKER',NULL,NULL,14,NULL),('U9C178',178,'2015-08-22','10:35 AM','NOTAVAIL','Gungahlin Tornadoes ','Belwest Pumas','U9C',NULL,NULL,14,'HARRISON',NULL,NULL,14,NULL),('U9C179',179,'2015-08-29','10:35 AM','NOTAVAIL','Belwest Cougars               ','Gungahlin Octopus','U9C',NULL,NULL,15,'LATHAM',NULL,NULL,15,NULL),('U9C180',180,'2015-08-29','10:35 AM','NOTAVAIL','Belsouth Emus ','Belsouth Kookaburras','U9C',NULL,NULL,15,'HAWKER',NULL,NULL,15,NULL),('U9C181',181,'2015-08-29','10:35 AM','NOTAVAIL','Gungahlin Turtles','Gungahlin Thunder','U9C',NULL,NULL,15,'HARRISON',NULL,NULL,15,NULL),('U9C182',182,'2015-08-29','10:35 AM','NOTAVAIL','Belsouth Ravens ','Belwest Tigers','U9C',NULL,NULL,15,'HAWKER',NULL,NULL,15,NULL),('U9C183',183,'2015-08-29','10:35 AM','NOTAVAIL','Gungahlin Tornadoes ','Belsouth Kingfishers','U9C',NULL,NULL,15,'HARRISON',NULL,NULL,15,NULL),('U9D184',184,'2015-05-16','10:35 AM','4D','Gungahlin Turtles             ','Belsouth Vultures','U9D','Packup crossbars','K. WALKER',3,'HARRISON',NULL,NULL,3,NULL),('U9D185',185,'2015-05-16','10:35 AM','NOTAVAIL','Belwest Pumas ','Belwest Cheetahs','U9D',NULL,NULL,3,'LATHAM',NULL,NULL,3,NULL),('U9D186',186,'2015-05-16','10:35 AM','NOTAVAIL','Belsouth Seagulls ','Gungahlin Whales','U9D',NULL,NULL,3,'HAWKER',NULL,NULL,3,NULL),('U9D187',187,'2015-05-16','10:35 AM','NOTAVAIL','Belsouth Falcons ','Belsouth Ravens','U9D',NULL,NULL,3,'HAWKER',NULL,NULL,3,NULL),('U9D188',188,'2015-05-16','10:35 AM','NOTAVAIL','Belwest Panthers ','Radford Warriors','U9D',NULL,NULL,3,'LATHAM',NULL,NULL,3,NULL),('U9D189',189,'2015-05-23','10:35 AM','NOTAVAIL','Belwest Cheetahs','Gungahlin Turtles             ','U9D',NULL,NULL,4,'LATHAM',NULL,NULL,4,NULL),('U9D190',190,'2015-05-23','10:35 AM','6D','Gungahlin Whales ','Belwest Pumas','U9D','Packup crossbars','Y. JEELALL',4,'HARRISON',NULL,NULL,4,9),('U9D191',191,'2015-05-23','10:35 AM','NOTAVAIL','Belsouth Kookaburras','Belsouth Seagulls','U9D',NULL,NULL,4,'HAWKER',NULL,NULL,4,NULL),('U9D192',192,'2015-05-23','10:35 AM','NOTAVAIL','Belsouth Falcons','Radford Warriors','U9D',NULL,NULL,4,'HAWKER',NULL,NULL,4,NULL),('U9D193',193,'2015-05-23','10:35 AM','NOTAVAIL','Belsouth Vultures ','Belwest Panthers','U9D',NULL,NULL,4,'HAWKER',NULL,NULL,4,NULL),('U9D194',194,'2015-05-30','10:35 AM','4A','Gungahlin Turtles             ','Gungahlin Whales','U9D','Packup crossbars','E. WHITE',5,'HARRISON',NULL,NULL,5,41),('U9D195',195,'2015-05-30','N/A','DELETED','Gungahlin Tornadoes','Belwest Pumas ','U9D','DELETED',NULL,5,'HARRISON',NULL,NULL,5,6),('U9D196',196,'2015-05-30','10:35 AM','NOTAVAIL','Belsouth Seagulls ','Belsouth Falcons','U9D',NULL,NULL,5,'HAWKER',NULL,NULL,5,NULL),('U9D197',197,'2015-05-30','10:35 AM','NOTAVAIL','Belwest Panthers ','Belwest Cheetahs','U9D',NULL,NULL,5,'LATHAM',NULL,NULL,5,NULL),('U9D198',198,'2015-05-30','10:35 AM','NOTAVAIL','Radford Warriors','Belsouth Vultures','U9D',NULL,NULL,5,'RADFORD',NULL,NULL,5,NULL),('U9D199',199,'2015-06-13','10:35 AM','TBD','Gungahlin Thunder','Gungahlin Turtles             ','U9D',NULL,NULL,6,'HARRISON',NULL,NULL,6,NULL),('U9D200',200,'2015-06-13','10:35 AM','NOTAVAIL','Belsouth Falcons ','Belwest Pumas','U9D',NULL,NULL,6,'HAWKER',NULL,NULL,6,NULL),('U9D201',201,'2015-06-13','10:35 AM','NOTAVAIL','Belsouth Seagulls ','Radford Warriors','U9D',NULL,NULL,6,'HAWKER',NULL,NULL,6,NULL),('U9D202',202,'2015-06-13','10:35 AM','6C','Gungahlin Whales ','Belwest Panthers','U9D','Packup crossbars','K. WALKER',6,'HARRISON',NULL,NULL,6,NULL),('U9D203',203,'2015-06-13','10:35 AM','NOTAVAIL','Belwest Cheetahs ','Belsouth Vultures','U9D',NULL,NULL,6,'LATHAM',NULL,NULL,6,NULL),('U9D204',204,'2015-06-20','10:35 AM','6A','Gungahlin Turtles             ','Belsouth Falcons','U9D','Packup crossbars','D. VAN PUTTEN',7,'HARRISON',NULL,NULL,7,225),('U9D205',205,'2015-06-20','10:35 AM','NOTAVAIL','Belwest Pumas ','Belsouth Seagulls','U9D',NULL,NULL,7,'LATHAM',NULL,NULL,7,NULL),('U9D206',206,'2015-06-20','10:35 AM','NOTAVAIL','Belwest Panthers ','Belsouth Kingfishers','U9D',NULL,NULL,7,'LATHAM',NULL,NULL,7,NULL),('U9D207',207,'2015-06-20','10:35 AM','NOTAVAIL','Belsouth Vultures ','Gungahlin Whales','U9D',NULL,NULL,7,'HAWKER',NULL,NULL,7,NULL),('U9D208',208,'2015-06-20','10:35 AM','NOTAVAIL','Radford Warriors ','Belwest Cheetahs','U9D',NULL,NULL,7,'RADFORD',NULL,NULL,7,NULL),('U9D209',209,'2015-06-27','10:35 AM','NOTAVAIL','Belsouth Seagulls ','Gungahlin Turtles             ','U9D',NULL,NULL,8,'HAWKER',NULL,NULL,8,NULL),('U9D210',210,'2015-06-27','10:35 AM','NOTAVAIL','Belwest Pumas ','Radford Warriors','U9D',NULL,NULL,8,'LATHAM',NULL,NULL,8,NULL),('U9D211',211,'2015-06-27','10:35 AM','NOTAVAIL','Belsouth Falcons ','Belwest Panthers','U9D',NULL,NULL,8,'HAWKER',NULL,NULL,8,NULL),('U9D212',212,'2015-06-27','10:35 AM','NOTAVAIL','Belsouth Emus','Belsouth Vultures','U9D',NULL,NULL,8,'HAWKER',NULL,NULL,8,NULL),('U9D213',213,'2015-06-27','10:35 AM','6A','Gungahlin Whales ','Belwest Cheetahs','U9D','Packup crossbars','E. WHITE',8,'HARRISON',NULL,NULL,8,245),('U9D214',214,'2015-07-18','10:35 AM','4C','Gungahlin Turtles             ','Belwest Pumas','U9D','Packup crossbars','',9,'HARRISON',NULL,NULL,9,215),('U9D215',215,'2015-07-18','10:35 AM','NOTAVAIL','Belwest Panthers ','Belsouth Seagulls','U9D',NULL,NULL,9,'LATHAM',NULL,NULL,9,NULL),('U9D216',216,'2015-07-18','10:35 AM','NOTAVAIL','Belsouth Vultures ','Belsouth Falcons','U9D',NULL,NULL,9,'HAWKER',NULL,NULL,9,NULL),('U9D217',217,'2015-07-18','10:35 AM','NOTAVAIL','Belwest Cheetahs ','Belwest Tigers','U9D',NULL,NULL,9,'LATHAM',NULL,NULL,9,NULL),('U9D218',218,'2015-07-18','10:35 AM','NOTAVAIL','Radford Warriors ','Gungahlin Whales','U9D',NULL,NULL,9,'RADFORD',NULL,NULL,9,NULL),('U9D219',219,'2015-07-25','10:35 AM','NOTAVAIL','Radford Warriors ','Gungahlin Turtles             ','U9D',NULL,NULL,10,'RADFORD',NULL,NULL,10,NULL),('U9D220',220,'2015-07-25','10:35 AM','NOTAVAIL','Belwest Panthers ','Belwest Pumas','U9D',NULL,NULL,10,'LATHAM',NULL,NULL,10,NULL),('U9D221',221,'2015-07-25','10:35 AM','NOTAVAIL','Belsouth Vultures ','Belsouth Seagulls','U9D',NULL,NULL,10,'HAWKER',NULL,NULL,10,NULL),('U9D222',222,'2015-07-25','10:35 AM','NOTAVAIL','Belwest Cheetahs ','Belsouth Falcons','U9D',NULL,NULL,10,'LATHAM',NULL,NULL,10,NULL),('U9D223',223,'2015-07-25','10:35 AM','NOTAVAIL','Gungahlin Whales ','Belwest Cougars','U9D',NULL,NULL,10,'HARRISON',NULL,NULL,10,NULL),('U9D224',224,'2015-08-01','10:35 AM','NOTAVAIL','Gungahlin Turtles             ','Belwest Panthers','U9D',NULL,NULL,11,'HARRISON',NULL,NULL,11,NULL),('U9D225',225,'2015-08-01','10:35 AM','NOTAVAIL','Belwest Pumas ','Belsouth Vultures','U9D',NULL,NULL,11,'LATHAM',NULL,NULL,11,NULL),('U9D226',226,'2015-08-01','10:35 AM','NOTAVAIL','Belsouth Seagulls ','Belwest Cheetahs','U9D',NULL,NULL,11,'HAWKER',NULL,NULL,11,NULL),('U9D227',227,'2015-08-01','10:35 AM','NOTAVAIL','Belsouth Falcons ','Gungahlin Whales','U9D',NULL,NULL,11,'HAWKER',NULL,NULL,11,NULL),('U9D228',228,'2015-08-01','10:35 AM','NOTAVAIL','Gungahlin Octopus','Radford Warriors','U9D',NULL,NULL,11,'HARRISON',NULL,NULL,11,NULL),('U9D229',229,'2015-08-08','10:35 AM','NOTAVAIL','Belsouth Vultures ','Gungahlin Turtles             ','U9D',NULL,NULL,12,'HAWKER',NULL,NULL,12,NULL),('U9D230',230,'2015-08-08','10:35 AM','NOTAVAIL','Belwest Cheetahs ','Belwest Pumas','U9D',NULL,NULL,12,'LATHAM',NULL,NULL,12,NULL),('U9D231',231,'2015-08-08','10:35 AM','NOTAVAIL','Gungahlin Whales ','Belsouth Seagulls','U9D',NULL,NULL,12,'HARRISON',NULL,NULL,12,NULL),('U9D232',232,'2015-08-08','10:35 AM','NOTAVAIL','Belsouth Falcons','Belsouth Ravens','U9D',NULL,NULL,12,'HAWKER',NULL,NULL,12,NULL),('U9D233',233,'2015-08-08','10:35 AM','NOTAVAIL','Radford Warriors ','Belwest Panthers','U9D',NULL,NULL,12,'RADFORD',NULL,NULL,12,NULL),('U9D234',234,'2015-08-15','10:35 AM','NOTAVAIL','Gungahlin Turtles             ','Belwest Cheetahs','U9D',NULL,NULL,13,'HARRISON',NULL,NULL,13,NULL),('U9D235',235,'2015-08-15','10:35 AM','NOTAVAIL','Belwest Pumas ','Gungahlin Whales','U9D',NULL,NULL,13,'LATHAM',NULL,NULL,13,NULL),('U9D236',236,'2015-08-15','10:35 AM','NOTAVAIL','Belsouth Seagulls ','Belsouth Kookaburras','U9D',NULL,NULL,13,'HAWKER',NULL,NULL,13,NULL),('U9D237',237,'2015-08-15','10:35 AM','NOTAVAIL','Belsouth Falcons ','Radford Warriors','U9D',NULL,NULL,13,'HAWKER',NULL,NULL,13,NULL),('U9D238',238,'2015-08-15','10:35 AM','NOTAVAIL','Belwest Panthers ','Belsouth Vultures','U9D',NULL,NULL,13,'LATHAM',NULL,NULL,13,NULL),('U9D239',239,'2015-08-22','10:35 AM','NOTAVAIL','Gungahlin Whales ','Gungahlin Turtles             ','U9D',NULL,NULL,14,'HARRISON',NULL,NULL,14,NULL),('U9D240',240,'2015-08-22','10:35 AM','NOTAVAIL','Gungahlin Tornadoes','Belwest Pumas','U9D',NULL,NULL,14,'HARRISON',NULL,NULL,14,NULL),('U9D241',241,'2015-08-22','10:35 AM','NOTAVAIL','Belsouth Falcons ','Belsouth Seagulls','U9D',NULL,NULL,14,'HAWKER',NULL,NULL,14,NULL),('U9D242',242,'2015-08-22','10:35 AM','NOTAVAIL','Belwest Cheetahs ','Belwest Panthers','U9D',NULL,NULL,14,'LATHAM',NULL,NULL,14,NULL),('U9D243',243,'2015-08-22','10:35 AM','NOTAVAIL','Belsouth Vultures ','Radford Warriors','U9D',NULL,NULL,14,'HAWKER',NULL,NULL,14,NULL),('U9D244',244,'2015-08-29','10:35 AM','NOTAVAIL','Gungahlin Turtles             ','Gungahlin Thunder','U9D',NULL,NULL,15,'HARRISON',NULL,NULL,15,NULL),('U9D245',245,'2015-08-29','10:35 AM','NOTAVAIL','Belsouth Falcons','Belwest Pumas ','U9D',NULL,NULL,15,'HAWKER',NULL,NULL,15,NULL),('U9D246',246,'2015-08-29','10:35 AM','NOTAVAIL','Radford Warriors ','Belsouth Seagulls','U9D',NULL,NULL,15,'RADFORD',NULL,NULL,15,NULL),('U9D247',247,'2015-08-29','10:35 AM','NOTAVAIL','Belwest Panthers ','Gungahlin Whales','U9D',NULL,NULL,15,'LATHAM',NULL,NULL,15,NULL),('U9D248',248,'2015-08-29','10:35 AM','NOTAVAIL','Belsouth Vultures ','Belwest Cheetahs','U9D',NULL,NULL,15,'HAWKER',NULL,NULL,15,NULL);
/*!40000 ALTER TABLE `game` ENABLE KEYS */;
UNLOCK TABLES;

--
-- Table structure for table `gametime`
--

DROP TABLE IF EXISTS `gametime`;
/*!40101 SET @saved_cs_client     = @@character_set_client */;
/*!40101 SET character_set_client = utf8 */;
CREATE TABLE `gametime` (
  `UID` varchar(45) NOT NULL,
  `Description` varchar(100) DEFAULT NULL,
  `StartTime` time DEFAULT NULL,
  `EndTime` time DEFAULT NULL,
  PRIMARY KEY (`UID`)
) ENGINE=InnoDB DEFAULT CHARSET=latin1 COMMENT='this table stores the game times. 08:50, 09:00, 09:30, 10:35 etc';
/*!40101 SET character_set_client = @saved_cs_client */;

--
-- Dumping data for table `gametime`
--

LOCK TABLES `gametime` WRITE;
/*!40000 ALTER TABLE `gametime` DISABLE KEYS */;
INSERT INTO `gametime` VALUES ('0850','08:50 AM','08:50:00','09:00:00'),('0900','09:00 AM','09:00:00','09:40:00'),('0940','09:40 AM','09:40:00','10:20:00'),('1000','10:00 AM','10:00:00','11:00:00'),('1035','10:35 AM','10:35:00','11:20:00'),('1130','11:30 AM','11:30:00','12:30:00'),('1230','12:30 PM','12:30:00','13:30:00'),('1345','01:45 PM','13:45:00','15:00:00'),('1510','03:10 PM','15:10:00','17:00:00');
/*!40000 ALTER TABLE `gametime` ENABLE KEYS */;
UNLOCK TABLES;

--
-- Table structure for table `gamex28`
--

DROP TABLE IF EXISTS `gamex28`;
/*!40101 SET @saved_cs_client     = @@character_set_client */;
/*!40101 SET character_set_client = utf8 */;
CREATE TABLE `gamex28` (
  `gameid` varchar(12) DEFAULT NULL,
  `matchid` int(11) NOT NULL,
  `date` datetime DEFAULT NULL,
  `time` varchar(12) DEFAULT NULL,
  `fkfieldid` varchar(12) DEFAULT NULL,
  `fkhometeamid` varchar(25) DEFAULT NULL,
  `fkawayteamid` varchar(25) DEFAULT NULL,
  `fkagegroupid` varchar(5) DEFAULT NULL,
  `homejob` varchar(255) DEFAULT NULL,
  `referee` varchar(255) DEFAULT NULL,
  `fkroundid` int(11) NOT NULL,
  `fkgroundplaceid` varchar(12) DEFAULT NULL,
  `homescore` varchar(255) DEFAULT NULL,
  `awayscore` varchar(255) DEFAULT NULL,
  `week` int(11) NOT NULL,
  `seqnum` int(11) NOT NULL,
  KEY `matchid_index` (`matchid`),
  KEY `fkroundid_index` (`fkroundid`),
  KEY `week_index` (`week`),
  KEY `seqnum_index` (`seqnum`)
) ENGINE=InnoDB DEFAULT CHARSET=latin1;
/*!40101 SET character_set_client = @saved_cs_client */;

--
-- Dumping data for table `gamex28`
--

LOCK TABLES `gamex28` WRITE;
/*!40000 ALTER TABLE `gamex28` DISABLE KEYS */;
INSERT INTO `gamex28` VALUES ('U9FIXR001000',1000,'2016-05-28 00:00:00','10:35 AM','NOTAVAIL','Yass Redbacks','Gungahlin Tornadoes','U9',NULL,NULL,5,'YASS',NULL,NULL,5,1000),('U9FIXR001001',1001,'2016-05-28 00:00:00','10:35 AM','NOTAVAIL','Belsouth Avengers','Gungahlin Whales','U9',NULL,NULL,5,'HAWKER',NULL,NULL,5,1001),('U9FIXR001002',1002,'2016-05-28 00:00:00','10:35 AM','NOTAVAIL','Belsouth Daredevils','Gungahlin Strikers','U9',NULL,NULL,5,'HAWKER',NULL,NULL,5,1002),('U9FIXR001004',1004,'2016-05-28 00:00:00','10:35 AM','NOTAVAIL','Belwest Goannas','Belwest Tassie Devils','U9',NULL,NULL,5,'LATHAM',NULL,NULL,5,1004),('U9FIXR001005',1005,'2016-05-28 00:00:00','10:35 AM','NOTAVAIL','Belsouth Titans','Gungahlin Roar','U9',NULL,NULL,5,'HAWKER',NULL,NULL,5,1005),('U9FIXR001007',1007,'2016-05-28 00:00:00','10:35 AM','NOTAVAIL','Burgmann','Belsouth X-Men','U9',NULL,NULL,5,'BURGMANN',NULL,NULL,5,1007),('U9FIXR001008',1008,'2016-05-28 00:00:00','10:35 AM','NOTAVAIL','BYE','Gungahlin Redbacks','U9',NULL,NULL,5,'BYE',NULL,NULL,5,1008),('U9FIXR001009',1009,'2016-05-28 00:00:00','10:35 AM','NOTAVAIL','Yass Spiders','Belwest Bilbys','U9',NULL,NULL,5,'YASS',NULL,NULL,5,1009),('U9FIXR001010',1010,'2016-05-28 00:00:00','10:35 AM','NOTAVAIL','Belsouth Ironmen','Gungahlin Dinosours','U9',NULL,NULL,5,'HAWKER',NULL,NULL,5,1010),('U9FIXR001012',1012,'2016-05-28 00:00:00','10:35 AM','NOTAVAIL','Belwest Crocodiles','Belsouth Supermen','U9',NULL,NULL,5,'LATHAM',NULL,NULL,5,1012),('U9FIXR001015',1015,'2016-05-28 00:00:00','10:35 AM','NOTAVAIL','Belwest Joeys','Radford Wolves','U9',NULL,NULL,5,'LATHAM',NULL,NULL,5,1015),('U9FIXR001016',1016,'2016-05-28 00:00:00','10:35 AM','NOTAVAIL','Belsouth Transformers','Gungahlin Lightning','U9',NULL,NULL,5,'HAWKER',NULL,NULL,5,1016),('U9FIXR001017',1017,'2016-05-28 00:00:00','10:35 AM','NOTAVAIL','Belwest Emus','Gungahlin Force','U9',NULL,NULL,5,'LATHAM',NULL,NULL,5,1017),('U9FIXR001018',1018,'2016-05-28 00:00:00','10:35 AM','NOTAVAIL','Radford Warriors','Belsouth Phantoms','U9',NULL,NULL,5,'RADFORD',NULL,NULL,5,1018);
/*!40000 ALTER TABLE `gamex28` ENABLE KEYS */;
UNLOCK TABLES;

--
-- Table structure for table `groundplace`
--

DROP TABLE IF EXISTS `groundplace`;
/*!40101 SET @saved_cs_client     = @@character_set_client */;
/*!40101 SET character_set_client = utf8 */;
CREATE TABLE `groundplace` (
  `idgroundplace` varchar(45) NOT NULL,
  `description` varchar(100) DEFAULT NULL,
  `address` varchar(100) DEFAULT NULL,
  `location` varchar(45) DEFAULT NULL,
  `club` varchar(45) DEFAULT NULL,
  `navigate` varchar(500) DEFAULT NULL,
  PRIMARY KEY (`idgroundplace`)
) ENGINE=InnoDB DEFAULT CHARSET=latin1 COMMENT='grounds';
/*!40101 SET character_set_client = @saved_cs_client */;

--
-- Dumping data for table `groundplace`
--

LOCK TABLES `groundplace` WRITE;
/*!40000 ALTER TABLE `groundplace` DISABLE KEYS */;
INSERT INTO `groundplace` VALUES ('BURGMANN','Burgmann School','Francis Forde Boulevard, Forde','FORDE','BURGMANN','https://www.google.com.au/maps/place/Burgmann+Anglican+School/@-35.1697477,149.1433528,242m/data=!3m1!1e3!4m2!3m1!1s0x0:0x9be1c95dc1e468a1'),('FORDE','Burgmann School','Francis Forde Boulevard, Forde','GUNGAHLIN','BURGMANN','https://www.google.com.au/maps/place/Burgmann+Anglican+School/@-35.1697477,149.1433528,242m/data=!3m1!1e3!4m2!3m1!1s0x0:0x9be1c95dc1e468a1'),('HARRISON','Gungahlin - Harrison','Katoomba St, Harrison','HARRISON','GUFC','https://www.google.com.au/maps/place/Katoomba+St/@-35.1982866,149.156324,17z/data=!3m1!4b1!4m2!3m1!1s0x6b1653872c36af03:0x9a3117910982f2da'),('HAWKER','Belsouth - Hawker','Murranji St, Hawker','HAWKER','BELSOUTH','https://www.google.com.au/maps/place/Hawker+District+Playing+Fields/@-35.2456146,149.0365072,17z/data=!4m2!3m1!1s0x0:0xf00ea6f8b572c80'),('LATHAM','Belwest','Macrossan Cr, Latham','BELCONNEN','BELWEST','https://www.google.com.au/maps/place/LOT+4+Macrossan+Crescent/@-35.2170749,149.0333822,18z/data=!4m2!3m1!1s0x6b17adc0bbfd904f:0x170028ecc240fdac'),('RADFORD','Radford College','College Street, Bruce','BRUCE','RADFORD','https://www.google.com.au/maps/place/College+St/@-35.2423953,149.0820352,17z/data=!3m1!4b1!4m2!3m1!1s0x6b17ad6892d5afef:0x593f3f6fa8b04bc8'),('YASS','YASS Walker Pk','Blvd & Hurrell St Yass; Walker Pk Merriman Drive','YASS','YASS','https://www.google.com.au/maps/place/Walker+Park/@-34.8528329,148.9085306,17z/data=!3m1!4b1!4m6!1m3!3m2!1s0x6b171064af47ae65:0xf0609b573fe8f20!2sWalker+Park!3m1!1s0x6b171064af47ae65:0xf0609b573fe8f20');
/*!40000 ALTER TABLE `groundplace` ENABLE KEYS */;
UNLOCK TABLES;

--
-- Table structure for table `harrisonsfieldschema`
--

DROP TABLE IF EXISTS `harrisonsfieldschema`;
/*!40101 SET @saved_cs_client     = @@character_set_client */;
/*!40101 SET character_set_client = utf8 */;
CREATE TABLE `harrisonsfieldschema` (
  `fieldid` varchar(10) NOT NULL,
  `imagelocation` varchar(200) DEFAULT NULL,
  PRIMARY KEY (`fieldid`)
) ENGINE=InnoDB DEFAULT CHARSET=utf8;
/*!40101 SET character_set_client = @saved_cs_client */;

--
-- Dumping data for table `harrisonsfieldschema`
--

LOCK TABLES `harrisonsfieldschema` WRITE;
/*!40000 ALTER TABLE `harrisonsfieldschema` DISABLE KEYS */;
INSERT INTO `harrisonsfieldschema` VALUES ('1','TBA.png'),('10','field10.jpg'),('11','field11.jpg'),('12','field12.jpg'),('13','field13.jpg'),('14','field14.jpg'),('15','field15.jpg'),('16','field16.jpg'),('17','field17.jpg'),('18','field18.jpg'),('19','field19.jpg'),('1AB','TBA.png'),('1CD','TBA.png'),('2','TBA.png'),('20','field20.jpg'),('21','field21.jpg'),('22','field22.jpg'),('23','field23.jpg'),('24','field24.jpg'),('25','field25.jpg'),('26','field26.jpg'),('27','field27.jpg'),('28','field28.jpg'),('2AB','TBA.png'),('2CD','TBA.png'),('3','TBA.png'),('31','field31.jpg'),('32','field32.jpg'),('3A','field3A_1.jpg'),('3AB','TBA.png'),('3B','field3B_1.jpg'),('3C','field3C_1.jpg'),('3CD','TBA.png'),('3D','field3D_1.jpg'),('4','TBA.png'),('4A','field4A_1.jpg'),('4AB','TBA.png'),('4B','field4B_1.jpg'),('4C','field4C_1.jpg'),('4CD','TBA.png'),('4D','field4D_1.jpg'),('5','TBA.png'),('5AB','TBA.png'),('5CD','TBA.png'),('6','TBA.png'),('61','field61.jpg'),('62','field62.jpg'),('63','field63.jpg'),('64','field64.jpg'),('6A','field6A.png'),('6AB','TBA.png'),('6B','field6B.png'),('6C','field6C.png'),('6CD','TBA.png'),('6D','field6D.png'),('BYE','bye.png'),('NOTAVAIL','NotAvailable.png');
/*!40000 ALTER TABLE `harrisonsfieldschema` ENABLE KEYS */;
UNLOCK TABLES;

--
-- Table structure for table `player`
--

DROP TABLE IF EXISTS `player`;
/*!40101 SET @saved_cs_client     = @@character_set_client */;
/*!40101 SET character_set_client = utf8 */;
CREATE TABLE `player` (
  `FFANumber` bigint(20) NOT NULL,
  `FirstName` varchar(45) DEFAULT NULL,
  `LastName` varchar(45) DEFAULT NULL,
  `DOB` date NOT NULL,
  `Gender` varchar(1) NOT NULL,
  `Display` varchar(1) NOT NULL,
  `fkagegroupid` varchar(45) DEFAULT NULL,
  `fkteamID` varchar(45) DEFAULT NULL,
  PRIMARY KEY (`FFANumber`),
  KEY `fkn_agegroup_idx` (`fkagegroupid`),
  KEY `fkn_teamid_idx` (`fkteamID`),
  CONSTRAINT `fkn_agegroup` FOREIGN KEY (`fkagegroupid`) REFERENCES `agegroup` (`idagegroup`) ON DELETE NO ACTION ON UPDATE NO ACTION,
  CONSTRAINT `fkn_teamid2` FOREIGN KEY (`fkteamID`) REFERENCES `team` (`idteam`) ON DELETE NO ACTION ON UPDATE NO ACTION
) ENGINE=InnoDB DEFAULT CHARSET=latin1;
/*!40101 SET character_set_client = @saved_cs_client */;

--
-- Dumping data for table `player`
--

LOCK TABLES `player` WRITE;
/*!40000 ALTER TABLE `player` DISABLE KEYS */;
INSERT INTO `player` VALUES (28069631,'Jacey','Chilmaid','1999-10-15','M','Y','U16','U16 Div 2 Boys'),(28128403,'Jonathan','Terlich','1983-08-17','M','Y','SEN','Seniors'),(28186021,'dominic','siow','2006-11-24','M','Y','U9','U9 Lightning'),(28369908,'Mason','Stafford','2006-02-28','M','Y','U9','U9 Whales'),(28404044,'Curtis','Barriga','2006-08-17','M','Y','U9','U9 Sea Lions'),(28404168,'Tyler','Barriga','2008-07-24','M','Y','U7','U7 Chicken Little'),(28428258,'Seth','McDermott','2008-05-25','M','Y','U7','U7 Dinosaurs'),(28581007,'Leo','Chen','2004-04-05','M','Y','U11','U11 White Gungahlin Gunners'),(28642809,'Gabriele','Taurasi','2007-09-28','M','Y','U8','U8 Spiders'),(28695377,'Brendan','Ryan','2005-10-11','M','Y','U10','U10 White Gungahlin Cyclones'),(28705200,'Samuel','Tweedie','2004-05-20','M','Y','U11','U11 White Gungahlin Galaxy'),(28708543,'Andrew','Chen','2000-11-09','M','Y','U15','U15 Div 1 Boys'),(43337039,'Noah','Smith','2005-02-19','M','Y','U10','U10 Red Gungahlin Blizzard'),(43629666,'Angus','Nelson','2005-03-18','M','Y','U10','U10 Green Gungahlin Roar'),(43956226,'Mickias','Aderajew','2004-08-11','M','Y','U12','U12 Div 1 Lightning'),(43958503,'Hassan','Kamara','1992-06-05','M','Y','SEN','Seniors'),(50831171,'Matthew','Boak','1995-01-18','M','Y','SEN','Seniors'),(50831262,'Natassia','Yeoman-Dale','1992-01-12','F','Y','SEN','Seniors'),(50831296,'Hiwot','Johnstone','1997-07-07','F','Y','WPL','WPL First Grade'),(50832641,'Benjamin','Walker','1993-11-17','M','Y','SEN','Seniors'),(50832823,'Nikita','Moullakis','2002-07-31','M','Y','U14','U14 Div 3 Boys'),(50833482,'Felix','Edwards','1993-03-26','M','Y','SEN','Seniors'),(50833722,'Daniel','Barac','1993-04-22','M','Y','NPL','NPL First Grade'),(50835073,'Olivia','Kerr','2000-01-03','F','Y','U17','U17 WPL'),(50836741,'Emma','Bestek','1997-02-15','F','Y','WPL','WPL First Grade'),(50837053,'Ben','Marshall','1993-12-15','M','Y','SEN','Seniors'),(50837160,'Simon','Mulvaney','1993-03-25','M','Y','SEN','Seniors'),(50837947,'Lucy','Chilver','1999-03-08','F','Y','U17','U17 WPL'),(50838515,'Zachariah','Navarro-Bustos','2002-07-24','M','Y','U13','U13 Div 3 Boys'),(50839703,'Sam','Boak','1993-01-02','M','Y','SEN','Seniors'),(50842624,'Nathan','Tidmarsh','1995-06-22','M','Y','NPL','NPL First Grade'),(50845304,'Nicole','White','1993-07-06','F','Y','SEN','Seniors'),(50856996,'Finn','Hammond','2001-10-26','M','Y','U14','U14 Div 2 Boys'),(50864214,'Clare','Mitchell','1978-11-19','F','Y','SEN','Seniors'),(50867852,'Lachlan','Morgan-Fraser','2001-01-08','M','Y','U15','U15 Div 3 Boys Blue'),(50885417,'Elliot','Toole','1991-12-25','M','Y','SEN','Seniors'),(50886381,'Mikey','Katsoulis','2001-03-01','M','Y','U16','U16 Boys Premier League'),(50887140,'Billy-Jack','Briggs','1999-01-12','M','Y','U16','U16 Div 1 Boys'),(50887751,'Dennis','Misic','2002-02-08','M','Y','U14','U14 Premier League'),(50887769,'Dion','Misic','2000-01-10','M','Y','U16','U16 Boys Premier League'),(50888833,'Alex','Paterson','1996-11-01','F','Y','U19','U19 WPL'),(50889153,'Sarah','Murcutt','1993-02-18','F','Y','SEN','Seniors'),(50889880,'Melanie','Lynch','2000-11-16','F','Y','U16','U16 Div 2 Girls'),(50890326,'William','Bielenberg','2000-09-24','M','Y','U15','U15 Div 2 Boys'),(50891431,'Barry','Dugdale','1974-05-30','M','Y','SEN','Seniors'),(50894393,'Tyron','Demczyszyn','1998-05-26','M','Y','U18','U18 Boys Premier League'),(50895754,'Declan','Jackson','2002-08-10','M','Y','U14','U14 Premier League'),(50898469,'Peter','Nguyen','1998-03-18','M','Y','U18','U18 Boys Premier League'),(50898634,'Daniel','Wang','2000-01-27','M','Y','U15','U15 Div 1 Boys'),(50900281,'Mark','Zovak','2000-07-24','M','Y','U15','U15 Div 2 Boys'),(50900653,'Josh','Ratnam-Johnson','1995-01-12','M','Y','U20','U20 Boys Premier League'),(50900919,'Tara','Gilfillan','1999-05-31','F','Y','U17','U17 WPL'),(50900984,'Daniel','Cooke','1993-01-29','M','Y','SEN','Seniors'),(50902477,'Victoria','Jamieson','1996-06-25','F','Y','U19','U19 WPL'),(50903475,'Keeley','Gilfillan','1998-05-21','F','Y','U17','U17 WPL'),(50904234,'Renee','Mastrolembo','1995-10-11','F','Y','U19','U19 WPL'),(50905223,'Krissa','Neou','1993-07-16','F','Y','SEN','Seniors'),(50913185,'Linda','Hill','1996-10-19','F','Y','U19','U19 WPL'),(50925478,'Brittany','Palombi','1995-11-24','F','Y','WPL','WPL First Grade'),(50926542,'Ashleigh','Palombi','1993-01-12','F','Y','WPL','WPL First Grade'),(50927482,'Grace','Field','1994-03-28','F','Y','WPL','WPL First Grade'),(50932151,'Bruce','Egan','1967-07-18','M','Y','SEN','Seniors'),(50932227,'Mark','Stewart','1983-05-08','M','Y','SEN','Seniors'),(50932243,'Brendan','Templeton','1984-01-01','M','Y','SEN','Seniors'),(50932268,'Adrian','Watts','1980-07-06','M','Y','SEN','Seniors'),(50932854,'Robert','Scott','1983-10-10','M','Y','SEN','Seniors'),(50932995,'Peter','Cook','1975-01-22','M','Y','SEN','Seniors'),(50937143,'David','Thomson','1970-05-25','M','Y','SEN','Seniors'),(50937200,'Phil','Smith','1986-01-15','M','Y','SEN','Seniors'),(50937317,'Thomas','Percival','1980-02-15','M','Y','SEN','Seniors'),(50937606,'Luke','Williams','1984-11-20','M','Y','SEN','Seniors'),(50937663,'Ben','Mcnicol','1979-05-06','M','Y','SEN','Seniors'),(50937713,'James','Manwaring','1985-09-10','M','Y','SEN','Seniors'),(50937762,'Jonathon','Holmes','1974-04-09','M','Y','SEN','Seniors'),(50937952,'Alexander','Mironov','1984-03-08','M','Y','SEN','Seniors'),(50940014,'Nicholas','Vecchi','1995-09-26','M','Y','U20','U20 Boys Premier League'),(50940568,'Sophie','Rolfe','1998-04-20','F','Y','U19','U19 WPL'),(50940915,'Tarana','Anand','1994-04-17','F','Y','SEN','Seniors'),(50941160,'Celina','Vecchi','1998-08-25','F','Y','U19','U19 WPL'),(50941178,'Luke','Vecchi','1995-11-24','M','Y','U20','U20 Boys Premier League'),(50941202,'Adam','Holgate','1990-10-24','M','Y','SEN','Seniors'),(50941301,'Joseph','Deighton','2000-10-17','M','Y','U15','U15 Div 3 Boys Gold'),(50941905,'Sophie','Rodda','2002-03-19','F','Y','U13','U13 Div 1 Girls'),(50942002,'Liam','Wilson','1998-05-21','M','Y','U18','U18 Div 1 Boys'),(50942010,'Alexander','Gelonesi','1996-04-24','M','Y','U20','U20 Boys Premier League'),(50942119,'Chloe','Page','1999-02-27','F','Y','U17','U17 WPL'),(50942127,'Joshua','Page','2001-12-22','M','Y','U14','U14 Div 1 Boys'),(50942135,'Harrison','Cooke','2000-11-05','M','Y','U15','U15 Div 3 Boys Gold'),(50942143,'Lachlan','Keller','2000-12-22','M','Y','U15','U15 Div 3 Boys Blue'),(50942168,'Alicia','Czaplinski','1999-07-29','F','Y','U18','U18 Div 2 Girls'),(50942259,'Alessandro','Costanzo','2002-01-02','M','Y','U13','U13 Div 1 Boys'),(50942556,'Heath','Leung','2000-12-28','M','Y','U15','U15 Div 1 Boys'),(50942580,'Thomas','Johnstone','2001-01-11','M','Y','U14','U14 Div 2 Boys'),(50942697,'Ryan','Kelly','2001-11-14','M','Y','U14','U14 Div 1 Boys'),(50942754,'Olivia','Szep','1999-08-01','F','Y','U18','U18 Div 2 Girls'),(50942796,'April','Ruby','1998-01-27','F','Y','U18','U18 Div 2 Girls'),(50942911,'Alexander','Vecchi','2001-06-15','M','Y','U14','U14 Premier League'),(50942986,'Callum','Johnstone','2003-01-21','M','Y','U12','U12 NPL'),(50943109,'Lachlan','Caldwell','1999-09-01','M','Y','U16','U16 Boys Premier League'),(50943158,'Elijah','Howe','1999-11-11','M','Y','U16','U16 Boys Premier League'),(50943422,'Brooklynne','Portelli','1999-07-03','F','Y','U17','U17 WPL'),(50943729,'Marco','Bianchi','1989-08-25','M','Y','SEN','Seniors'),(50943760,'Petro','Kapantais','2003-10-23','M','Y','U12','U12 NPL'),(50943828,'Daniela','Bianchi','1998-01-10','F','Y','SEN','Seniors'),(50944008,'Reece','Sweeting','1997-04-28','M','Y','U18','U18 Boys Premier League'),(50944297,'Alex','Thompson','1999-12-27','M','Y','U16','U16 Div 2 Boys'),(50944602,'Michael','Pelle','2001-01-08','M','Y','U14','U14 Div 1 Boys'),(50944867,'Ruth','Telfer','1999-01-28','F','Y','U17','U17 WPL'),(50944941,'Jake','Spencer','1999-04-20','M','Y','U16','U16 Div 1 Boys'),(50945237,'Laura','Granger','1989-03-23','F','Y','SEN','Seniors'),(50945252,'Katherine','Pearce','1990-02-28','F','Y','SEN','Seniors'),(50945617,'Khaled','Wazir','1974-07-20','M','Y','SEN','Seniors'),(50945658,'Benjamin','Uphill','1980-09-03','M','Y','MDIV9','Mens Div 9'),(50945732,'Andrew','Forster','1967-12-04','M','Y','SEN','Seniors'),(50945856,'Tiahn','Rukavina','1973-01-15','F','Y','SEN','Seniors'),(50945914,'Jason','Denham','1990-01-03','M','Y','NPL','NPL First Grade'),(50946110,'Malcolm','Murta','2001-04-28','M','Y','U14','U14 Premier League'),(50946151,'Kayla','Margiotta','2000-02-25','F','Y','U19','U19 WPL'),(50946169,'Javier','Madrid','2000-04-22','M','Y','U16','U16 Boys Premier League'),(50946276,'Tamara','Luck','2000-12-20','F','Y','U16','U16 Div 2 Girls'),(50946284,'Jarred','Luck','1998-12-28','M','Y','U18','U18 Div 1 Boys'),(50946326,'Marija','Rathouski','2000-12-29','F','Y','U16','U16 Div 2 Girls'),(50946334,'Marko','Rathouski','2003-09-23','M','Y','U12','U12 Div 1 Lightning'),(50946342,'Jakob','Rathouski','1998-09-21','M','Y','U18','U18 Boys Premier League'),(50946508,'Anthony','Voudouris','2001-03-17','M','Y','U15','U15 Div 1 Boys'),(50946953,'Antonio','Guarino','2001-12-17','M','Y','U14','U14 Premier League'),(50947209,'Jessica','Preston','2003-04-01','F','Y','U12','U12 Div 2 Girls'),(50947217,'Christopher','Preston','2000-05-18','M','Y','U15','U15 Div 3 Boys Gold'),(50947225,'Nicholas','Tosic','1991-09-25','M','Y','SEN','Seniors'),(50947381,'Joel','Bartlett','2000-06-14','M','Y','U15','U15 Div 3 Boys Gold'),(50947472,'Max','Blair','2002-11-02','M','Y','U13','U13 Div 1 Boys'),(50947613,'Marcus','Galinec','1999-01-10','M','Y','U16','U16 Div 2 Boys'),(50947696,'Jordan','Finch','2000-02-04','M','Y','U15','U15 Div 1 Boys'),(50947746,'Isabella','Rees','2001-04-17','F','Y','U14','U14 Div 1 Girls'),(50947910,'Alex','Blazevski','1999-12-01','M','Y','U16','U16 Boys Premier League'),(50948009,'Lochlan','Iannelli','2002-06-27','M','Y','U13','U13 Div 2 Boys'),(50948017,'John','Gattuso','1998-06-07','M','Y','U18','U18 Div 1 Boys'),(50948066,'Brodie','Simsons','1998-01-18','M','Y','U20','U20 Boys Premier League'),(50948124,'Daniel','Sculac','2003-06-26','M','Y','U12','U12 Div 1 Thunder'),(50948199,'Deyan','Vukovic','1998-08-19','M','Y','U18','U18 Boys Premier League'),(50948405,'Jonathan','Granger','1993-06-27','M','Y','SEN','Seniors'),(50948470,'Jake','Ruming','2000-04-27','M','Y','U15','U15 Div 3 Boys Blue'),(50948660,'Joshua','Hampson','1999-12-22','M','Y','U16','U16 Div 1 Boys'),(50948736,'Mitchell','Fahy','1999-06-07','M','Y','U16','U16 Div 2 Boys'),(50948850,'Joseph','Ilheo','1998-05-26','M','Y','U18','U18 Boys Premier League'),(50948926,'Sam','Pighin','1998-08-03','M','Y','U18','U18 Div 1 Boys'),(50948983,'Jack','Weeden','2001-06-05','M','Y','U14','U14 Div 1 Boys'),(50949064,'Rebekah','Outteridge','1998-06-01','F','Y','U18','U18 Div 2 Girls'),(50949098,'Jackson','Palombi','2002-06-01','M','Y','U13','U13 Div 1 Boys'),(50949114,'Connor','Howland','2001-04-26','M','Y','U14','U14 Div 2 Boys'),(50949171,'Christian','Gaspari','2000-10-08','M','Y','U15','U15 Div 1 Boys'),(50949320,'Luca','Giampaolo','2000-07-11','M','Y','U16','U16 Boys Premier League'),(50949395,'Cassandra','Raco','1999-10-24','F','Y','U17','U17 WPL'),(50949460,'Ethan','Small','2002-04-20','M','Y','U13','U13 Div 1 Boys'),(50949478,'Callum','Caughey','2002-05-08','M','Y','U14','U14 Div 3 Boys'),(50949551,'Fergus','White','2000-02-01','M','Y','U15','U15 Div 2 Boys'),(50949569,'Eamon','White','1998-12-06','M','Y','U18','U18 Div 1 Boys'),(50949619,'Amish','Gounder','1999-11-25','M','Y','U16','U16 Div 2 Boys'),(50949833,'Dahlia','Cerro','1999-04-23','F','Y','SEN','Seniors'),(50949841,'Monica','Cerro','1996-02-04','F','Y','SEN','Seniors'),(50949882,'Alex','Pizzano','1998-01-12','M','Y','U20','U20 Boys Premier League'),(50949932,'Sarah','Hohnke','1998-09-10','F','Y','U18','U18 Div 2 Girls'),(50949940,'Shaun','Tokley','1998-09-01','M','Y','U18','U18 Boys Premier League'),(50949957,'Michael','Tokley','1999-09-19','M','Y','U16','U16 Div 1 Boys'),(50949965,'Daniel','Tokley','2002-06-07','M','Y','U13','U13 Div 1 Boys'),(50955095,'Becky','Roche','1985-05-27','F','Y','WPL','WPL First Grade'),(50957646,'Samuel','Lang','1986-05-30','M','Y','MDIV9','Mens Div 9'),(50958198,'Kirsten','Hurt','1994-06-14','F','Y','U19','U19 WPL'),(50961960,'Lorna','Arkell','1998-08-04','F','Y','U19','U19 WPL'),(50966100,'Robert','Granger','1991-11-29','M','Y','SEN','Seniors'),(50966134,'Dylan','Singh','1991-04-08','M','Y','SEN','Seniors'),(50966159,'Andelo-Ante','Juric','2001-05-10','M','Y','U16','U16 Div 2 Boys'),(50966316,'Kiara','Gaspari','1998-12-15','F','Y','U19','U19 WPL'),(50966951,'Ashneel','Chand','1986-08-22','M','Y','SEN','Seniors'),(50966985,'Andrew','Preston','1971-06-07','M','Y','SEN','Seniors'),(50969088,'Ilahna','Aitchison','1990-05-23','F','Y','WPL','WPL First Grade'),(50971019,'Sally','Rojahn','1994-07-25','F','Y','WPL','WPL First Grade'),(50971266,'Gillian','Raymond','1992-12-14','F','Y','WPL','WPL First Grade'),(50971274,'Erin','Clout','1992-11-20','F','Y','WPL','WPL First Grade'),(50984202,'Jordan','Savy','2000-01-12','M','N','U15','U15 Div 2 Boys'),(50985761,'Maddison','Holloway','2000-11-20','F','Y','TBA','TBA'),(50986736,'Braheem','Harajli','2000-03-15','M','Y','U15','U15 Div 1 Boys'),(50986868,'Jack','Green','1994-10-07','M','Y','NPL','NPL First Grade'),(50987791,'Justin','Rankine','1995-09-26','M','Y','U20','U20 Boys Premier League'),(50987809,'Mitchell','Rankine','1998-03-09','M','Y','U18','U18 Boys Premier League'),(50992551,'John','Pye','1976-06-25','M','Y','SEN','Seniors'),(50995018,'Alex','Martens','1998-02-07','F','Y','U19','U19 WPL'),(50997311,'Rosa','Newton-Walters','1993-01-05','F','Y','SEN','Seniors'),(50998012,'Bradley','Lomas','1999-02-25','M','Y','U16','U16 Div 1 Boys'),(50998020,'Daniel','Lomas','2002-05-19','M','Y','U14','U14 Div 3 Boys'),(50998087,'Sonia','Pasquariello','2000-01-30','F','Y','U19','U19 WPL'),(50998301,'Grant','Barlow','1998-10-08','M','Y','U20','U20 Boys Premier League'),(50999192,'Tony','Madaffari','1998-06-24','M','Y','U20','U20 Boys Premier League'),(51501039,'Caitlyn','Bell','1994-09-14','F','Y','SEN','Seniors'),(51621951,'Megan','Stirrat','1993-01-30','F','Y','SEN','Seniors'),(51981330,'Thomas','Wooster','1999-06-07','M','Y','U16','U16 Div 2 Boys'),(52057668,'Daniella','Tokic','2001-02-13','F','Y','U16','U16 Div 2 Girls'),(52245925,'Rohan','Mckerrow','2002-01-30','M','Y','U14','U14 Div 3 Boys'),(52353968,'Damon','Van Putten','2000-06-17','M','Y','U15','U15 Div 3 Boys Gold'),(52682622,'Massimo','Piccirillo','1999-03-26','M','Y','U16','U16 Boys Premier League'),(52682630,'Konrad','Piccirillo','1999-03-26','M','Y','U16','U16 Boys Premier League'),(52739133,'Joshua','Beale','2000-09-20','M','Y','U15','U15 Div 1 Boys'),(52834868,'Amy','Halford','2000-01-02','F','Y','U16','U16 Div 2 Girls'),(52909462,'David','Field','1989-09-27','M','Y','SEN','Seniors'),(53576492,'Jaxon','Tennent','1999-07-06','M','Y','U16','U16 Div 1 Boys'),(54762877,'Ryan','Perry','1998-01-16','M','Y','U18','U18 Div 1 Boys'),(54866264,'Samuel','Taylor','2000-08-31','M','Y','U15','U15 Div 3 Boys Gold'),(55149181,'Connor','Bill','2001-01-30','M','Y','U14','U14 Premier League'),(55182752,'wendy','kelliher','1992-11-08','F','Y','SEN','Seniors'),(55183636,'kali','gatehouse','1993-01-13','F','Y','SEN','Seniors'),(55184659,'Rowan','Blake','1997-01-23','M','Y','U20','U20 Boys Premier League'),(55235378,'Tayla','Griffiths','1993-06-24','F','Y','SEN','Seniors'),(55235725,'Killian','Mackay','1998-09-30','M','Y','U18','U18 Div 1 Boys'),(55331680,'Roy','Kimmel','1990-05-03','M','Y','SEN','Seniors'),(55564686,'Charmaine','Hass','1981-12-02','F','Y','SEN','Seniors'),(55729404,'Rebecca','Cesnik','1990-03-22','F','Y','SEN','Seniors'),(56290794,'Rebecca','Watts','1991-07-07','F','Y','WPL','WPL First Grade'),(56290802,'Rebecca','Kiting','1991-05-08','F','Y','WPL','WPL First Grade'),(56342884,'Louise','Hill','2000-12-26','F','Y','U17','U17 WPL'),(56346026,'Savan','Brankovic','2000-09-05','M','Y','U16','U16 Boys Premier League'),(56346141,'Kurtis','Zapasnik','1989-07-18','M','Y','SEN','Seniors'),(56346422,'Ali','Karim','1998-03-12','M','Y','U18','U18 Boys Premier League'),(56346430,'Ameer','Karim','1999-02-12','M','Y','U16','U16 Boys Premier League'),(56346513,'Troy','Norenbergs','2003-04-04','M','Y','U12','U12 Div 3 Typhoons'),(56346596,'Dale','Sergent','2003-04-17','M','Y','U13','U13 Div 1 Boys'),(56346778,'Kieran','Savery','2003-01-28','M','Y','U12','U12 Div 3 Typhoons'),(56346802,'Alec','Brinkman','1998-07-06','M','Y','U18','U18 Boys Premier League'),(56349541,'Thomas','Stewart','1987-03-16','M','Y','SEN','Seniors'),(56840127,'Michelle','Aurousseau','1986-04-01','F','Y','WPL','WPL First Grade'),(57320459,'Corrine','Denton','2001-12-15','F','Y','U14','U14 Div 1 Girls'),(59110510,'BHAVTEJ','BHULLAR','2001-10-14','M','Y','U14','U14 Div 2 Boys'),(59168286,'makaela','moore','1994-06-28','F','Y','SEN','Seniors'),(59245191,'Clare','Whittingham','1981-11-03','F','Y','SEN','Seniors'),(59254227,'Leonard','Oei','1973-04-30','M','Y','SEN','Seniors'),(59925289,'Tirrn','Gunawardana','2001-04-08','M','Y','U15','U15 Div 3 Boys Blue'),(59925388,'Lachlan','Doohan','1999-07-21','M','Y','U16','U16 Boys Premier League'),(59925602,'Elliot','Alberto','2004-05-11','M','Y','U12','U12 Div 1 Lightning'),(59925610,'Isabel','Alberto','2002-09-19','F','Y','U13','U13 Div 1 Girls'),(59925651,'Royce','Rabanal','2001-12-03','M','Y','U14','U14 Div 3 Boys'),(59925727,'Aaron','Burr','2003-06-20','M','Y','U12','U12 Div 3 Hurricanes'),(59925750,'Rashaan','Kumar','2003-05-22','M','Y','U12','U12 Div 2 Cyclones'),(59925800,'Ryan','Edwards','2001-07-17','M','Y','U14','U14 Premier League'),(59926089,'Cate','Bakker','2001-02-02','F','Y','U14','U14 Div 1 Girls'),(59930198,'Nicholas','Katsoulis','2003-12-31','M','Y','U12','U12 NPL'),(59956854,'Deepa','Herft','2002-01-21','F','Y','U14','U14 Div 1 Girls'),(59956870,'Ethan','James','2004-01-09','M','Y','U11','U11 Green Gungahlin Strikers'),(59958066,'Sebastian','Di Iulio','2002-06-03','M','Y','U13','U13 Div 2 Boys'),(59958074,'Casey','Singh','2002-11-17','M','Y','U13','U13 Div 2 Boys'),(59958249,'Athina','Katsibiris','2001-12-12','F','Y','U14','U14 Div 3 Girls'),(59958280,'Nathan','Twomey','2003-05-05','M','Y','U12','U12 NPL'),(59958306,'Lachlan','Lawrence','2001-03-09','M','Y','U14','U14 Div 1 Boys'),(59958405,'Stephanie','Galic','2001-04-09','F','Y','U14','U14 Div 1 Girls'),(59958769,'Justin','Antioch','2000-10-29','M','Y','U15','U15 Div 3 Boys Blue'),(59958777,'Jere','Cobanov','2002-10-23','M','Y','U13','U13 Div 1 Boys'),(59958975,'Tahlia','Gaspari','2002-09-21','F','Y','U14','U14 Div 3 Girls'),(59959056,'Dot','Lwin','1984-07-12','M','Y','SEN','Seniors'),(59959312,'Sam','Hewitt','2003-04-28','M','Y','U12','U12 NPL'),(59959353,'Joanna','Murray','1972-05-02','F','Y','SEN','Seniors'),(59959379,'Hayden','Furlan','2004-08-05','M','Y','U11','U11 Black Gungahlin Force'),(59959452,'Adam','Haidar','2002-03-21','M','Y','U14','U14 Div 3 Boys'),(59977256,'David','Percival','1973-02-03','M','Y','SEN','Seniors'),(59978528,'Stephen','Ikoro','2003-03-12','M','Y','U12','U12 NPL'),(59981134,'Harrison','Cheney','2003-06-11','M','Y','U12','U12 Div 3 Typhoons'),(59981480,'Nicholas','Dawe','2003-07-14','M','Y','U12','U12 Div 3 Hurricanes'),(59982488,'Lily','Martens','2002-02-15','F','Y','U14','U14 Div 1 Girls'),(59983700,'Veronica','Molloy','1978-04-18','F','Y','SEN','Seniors'),(59989988,'Joshua','Demczyszyn','2000-06-20','M','Y','U15','U15 Div 2 Boys'),(59991414,'Alexandra','Serras','1999-08-16','F','Y','U17','U17 WPL'),(59991752,'Andrew','Palm','1995-06-10','M','Y','SEN','Seniors'),(59992412,'Abby','Iglesias','2001-08-12','F','Y','U14','U14 Div 1 Girls'),(59992479,'Daniel','Leevers','2003-09-14','M','Y','U12','U12 Div 1 Thunder'),(59995258,'Ilias','Qael','2002-02-08','M','Y','U14','U14 Div 2 Boys'),(61475513,'Anthony','Burr','1964-04-25','M','Y','SEN','Seniors'),(61750634,'Alex','Engel','1984-10-25','M','Y','SEN','Seniors'),(61752077,'Hamed','Jadeer','2001-06-14','M','Y','U14','U14 Div 2 Boys'),(61754768,'Brian','Eun','2002-12-01','M','Y','U13','U13 Div 3 Boys'),(61759007,'Kelvin','Defranciscis','1988-03-25','M','Y','SEN','Seniors'),(61852018,'Sarah','Keetman','1987-04-28','F','Y','SEN','Seniors'),(61853693,'Cindy','Chalker','1999-06-16','F','Y','U17','U17 WPL'),(63312292,'Rhys','Newberry','2005-05-01','M','Y','U10','U10 Black Gungahlin Eagles'),(63717854,'Natasha','Howard','1986-02-05','F','Y','SEN','Seniors'),(63750301,'Cayden','Wellsmore','2003-05-18','M','Y','U12','U12 Div 1 Thunder'),(63950976,'William','Roberts','2001-09-20','M','Y','U14','U14 Div 1 Boys'),(64221203,'Jarod','Ross','1986-03-04','M','Y','SEN','Seniors'),(64231558,'Tanatswa','Dzvaka','2002-08-12','M','Y','U13','U13 Div 3 Boys'),(64317886,'MATTHEW','TEW','1984-07-22','M','Y','MDIV9','Mens Div 9'),(64505266,'Jamie Norman','Busby','2004-04-13','M','Y','U12','U12 Div 1 Lightning'),(64638059,'Katrina','Mason','1995-07-31','F','Y','U19','U19 WPL'),(64829559,'Ryan','DOWZARD','1986-02-09','M','Y','MDIV9','Mens Div 9'),(64902901,'Ruairi','Fleming','1997-10-09','M','Y','U18','U18 Boys Premier League'),(64957715,'Malachi','Ward','2003-08-27','M','Y','U12','U12 Div 2 Cyclones'),(64996333,'Kristian Oliver','Tokic','2003-12-14','M','Y','U12','U12 NPL'),(65158925,'Arav','Saini','2005-04-30','M','Y','U10','U10 Black Gungahlin Eagles'),(65170540,'Blaze','Prebble','2002-03-15','M','Y','U14','U14 Premier League'),(65465262,'Riley','Williams','2005-02-21','M','Y','U10','U10 Black Gungahlin Falcons'),(66301953,'Phil','Connor','1973-11-12','M','Y','SEN','Seniors'),(66301979,'Oliver','Connor','2005-06-10','M','Y','U10','U10 Blue Gungahlin Whitetails'),(66422494,'Mikaeli','Carmichael','1999-03-29','F','Y','U18','U18 Div 2 Girls'),(70015177,'Aidan','McGarty','1999-03-03','M','Y','U18','U18 Boys Premier League'),(70033634,'Caleb','Bolton','2004-03-30','M','Y','U11','U11 White Gungahlin Gunners'),(70034699,'Travis','Bainbridge','2003-10-15','M','Y','U12','U12 Div 3 Typhoons'),(70035217,'Daniella','Gaspari','2002-06-04','F','Y','U14','U14 Div 1 Girls'),(70035332,'Cameron','McCluskey','2004-04-04','M','Y','U12','U12 NPL'),(70035779,'Ben','Antioch','2002-12-05','M','Y','U13','U13 Div 2 Boys'),(70042247,'Ryan','Sergent','2005-01-18','M','Y','U10','U10 White Gungahlin Cyclones'),(70042668,'Amber','Telford','2002-07-16','F','Y','U14','U14 Div 3 Girls'),(70043286,'Drishya','Shrestha','2005-09-30','M','Y','U10','U10 White Gungahlin Storm'),(70043591,'Antonio','Giorgi','2000-01-27','M','Y','U16','U16 Div 1 Boys'),(70044508,'Felicity','Paterson','2002-05-22','F','Y','U14','U14 Div 3 Girls'),(70044854,'ETHAN','STAMATIS','2003-04-30','M','Y','U12','U12 NPL'),(70046131,'Jacob','Booker','2003-07-27','M','Y','U12','U12 NPL'),(70047519,'William','McCarthy','2005-08-11','M','Y','U11','U11 Red Gungahlin Guards'),(70049242,'Hamish','Driver-Rae','1997-08-20','M','Y','U18','U18 Boys Premier League'),(70053194,'Caitlin','Cantrill','1997-04-20','F','Y','WPL','WPL First Grade'),(70057146,'Ravinith','Prasad','1985-09-14','M','Y','SEN','Seniors'),(70062989,'Dusan','Radonjic','2002-05-02','M','Y','U13','U13 Div 2 Boys'),(70063045,'Aaron','Crowe','2002-09-22','M','Y','U13','U13 Div 1 Boys'),(70063052,'Matthew','Gategood','2004-03-22','M','Y','U12','U12 Div 1 Lightning'),(70063060,'Michael','Roso','2000-11-28','M','Y','U15','U15 Div 2 Boys'),(70063268,'Lachlan','Gibb','2005-01-25','M','Y','U11','U11 Red Gungahlin Guards'),(70063383,'William','McKell','2004-10-22','M','Y','U12','U12 Div 1 Lightning'),(70066204,'Connor','Richards','2003-09-10','M','Y','U12','U12 Div 1 Thunder'),(70068077,'Alex','Taurasi','2003-08-06','M','Y','U12','U12 NPL'),(70069406,'Bradley','Malone','2004-07-24','M','Y','U12','U12 Div 1 Lightning'),(70069919,'Haris','Amidzic','2003-05-19','M','Y','U12','U12 Div 3 Hurricanes'),(70069927,'Armin','Amidzic','2005-06-24','M','Y','U10','U10 Red Gungahlin Blizzard'),(70070594,'Raylene','Foster','1967-11-08','F','Y','SEN','Seniors'),(70070958,'Bradley','Martens','2001-11-17','M','Y','U14','U14 Div 1 Boys'),(70071188,'Jackson','Hippit','2003-08-07','M','Y','U12','U12 Div 3 Storm'),(70073390,'Xavier','D\'Ambrosio','2004-02-10','M','Y','U12','U12 Div 1 Thunder'),(70074539,'Simon','Thompson','1973-06-25','M','Y','SEN','Seniors'),(70074752,'Prashanth','Balachandran','1999-11-30','M','Y','U16','U16 Div 2 Boys'),(70076245,'Nikolas','Onorato','2004-11-04','M','Y','U11','U11 White Gungahlin Gunners'),(70076278,'Noah','Marcantonio','2005-04-17','M','Y','U12','U12 Div 1 Lightning'),(70076385,'Laurens','Mellink','2001-02-14','M','Y','U15','U15 Div 3 Boys Gold'),(70076435,'Laura','Cantlie','2001-11-13','F','Y','U13','U13 Div 1 Girls'),(70076500,'Riley','Harte','2003-02-01','M','Y','U12','U12 Div 2 Cyclones'),(70078688,'Brodie','Cvitanovic','2002-07-21','F','Y','U14','U14 Div 3 Girls'),(70079025,'Rachel','Murphy','2000-05-18','F','Y','U16','U16 Div 2 Girls'),(70082771,'Alexi','Haridemos','2002-06-23','F','Y','U13','U13 Div 1 Girls'),(70083803,'Najwa','Allen','1994-06-25','F','Y','WPL','WPL First Grade'),(70084629,'Deacon','Palombi','2004-02-08','M','Y','U12','U12 Div 1 Lightning'),(70085162,'Campbell','Lewis','2005-02-16','M','Y','U10','U10 White Gungahlin Cyclones'),(70097043,'Lalit','Prasad','1975-08-27','M','Y','SEN','Seniors'),(70099338,'Michele','Guarino','2004-10-03','M','Y','U11','U11 White Gungahlin Gunners'),(70099593,'Nitol','Kazi','2000-11-24','F','Y','U16','U16 Div 2 Girls'),(70099650,'Nicolas','Nascimento','2003-10-10','M','Y','U12','U12 Div 2 Cyclones'),(70099775,'Jason','Wright','2004-11-11','M','Y','U11','U11 White Gungahlin Galaxy'),(70100110,'Anthony','Despotoski','2001-05-16','M','Y','U14','U14 Div 2 Boys'),(70100243,'Mitchell','Welsh','2000-07-25','M','Y','U15','U15 Div 2 Boys'),(70109939,'Hayden','Brosnan','2005-05-30','M','Y','U11','U11 Red Gungahlin Guards'),(70110010,'Jacob','Murta','2005-03-31','M','Y','U11','U11 Red Gungahlin Guards'),(70112933,'Bryson','Thomas','1988-06-16','M','Y','SEN','Seniors'),(70119219,'Anton','Barisic','2001-07-08','M','Y','U16','U16 Boys Premier League'),(70134937,'Anthony','Camilleri','1970-01-20','M','Y','SEN','Seniors'),(70165824,'Jeremy','Habtemariam','1995-10-12','M','Y','SEN','Seniors'),(70189121,'Stefan','Rebel','2000-10-20','M','Y','U15','U15 Div 1 Boys'),(70195573,'Lee','Ekin-Smyth','1982-08-17','F','Y','SEN','Seniors'),(70208855,'Mitchell','Forster','2003-07-06','M','Y','U12','U12 Div 1 Thunder'),(70219639,'Tahlia','Nash','1996-08-15','F','Y','SEN','Seniors'),(70261342,'Om','Chand','1970-06-05','M','Y','SEN','Seniors'),(70276514,'Vineet','Prasad','1982-09-23','M','Y','MDIV9','Mens Div 9'),(70317797,'Rebecca','Keetman','1985-08-12','F','Y','SEN','Seniors'),(70329594,'kim','kumar','1965-07-30','M','Y','SEN','Seniors'),(70343827,'James','Molloy','1976-09-02','M','Y','SEN','Seniors'),(70363650,'Sarah','Wolf','1990-02-11','F','Y','SEN','Seniors'),(70389564,'Joseph','Cox','2002-09-28','M','Y','U13','U13 Div 1 Boys'),(70391636,'Harry','Talbot','2005-11-01','M','Y','U10','U10 Green Gungahlin Roar'),(70391669,'Cody','Norenbergs','2005-04-26','M','Y','U10','U10 White Gungahlin Cyclones'),(70391859,'Georgie','Leayr','1999-07-07','F','Y','U18','U18 Div 2 Girls'),(70393186,'Finn','Rodda','2005-04-10','M','Y','U10','U10 White Gungahlin Cyclones'),(70393384,'Joshua','Porter','2004-08-09','M','Y','U12','U12 Div 1 Lightning'),(70393418,'Bruno','Herrera','2005-04-15','M','Y','U10','U10 Red Gungahlin Blizzard'),(70393459,'Taj','Stefanac','2004-06-07','M','Y','U11','U11 White Gungahlin Galaxy'),(70396379,'Matthew','Armstrong','2002-10-17','M','Y','U13','U13 Div 1 Boys'),(70415435,'Antonio','Chang','2003-02-27','M','Y','U13','U13 Div 1 Boys'),(70415450,'Harry','Robbins','2003-04-02','M','Y','U12','U12 Div 1 Thunder'),(70415500,'Marco','Nitz','2003-01-09','M','Y','U12','U12 NPL'),(70421136,'Jayden','Watt','2001-05-14','M','Y','U14','U14 Div 2 Boys'),(70462536,'Coby','White','2004-11-15','M','Y','U11','U11 White Gungahlin Galaxy'),(70477583,'Tristan','Bray','2000-03-01','M','Y','U16','U16 Div 2 Boys'),(70479837,'Michael','Hynes','2004-06-09','M','Y','U12','U12 Div 1 Lightning'),(70480207,'Madison','Cox','2000-10-26','F','Y','U16','U16 Div 2 Girls'),(70483821,'Amy','Hennessy','2005-08-10','F','Y','U10','U10 White Gungahlin Gazelles'),(70483862,'Mackenzie','Weir','2002-08-16','F','Y','U14','U14 Div 3 Girls'),(70484142,'Madison','Eppelstun','1999-02-28','F','Y','U18','U18 Div 2 Girls'),(70512595,'Joshua','Thompson','2003-06-12','M','Y','U12','U12 Div 3 Typhoons'),(70515499,'Jonte','Giorgi','2003-09-08','M','Y','U12','U12 Div 1 Thunder'),(70521521,'Jack','Rowley','2003-12-17','M','Y','U12','U12 Div 3 Storm'),(70521547,'Geordie','Thinius','2003-09-18','M','Y','U12','U12 Div 2 Cyclones'),(70521638,'Luke','Hewitt','2005-04-20','M','Y','U10','U10 Red Gungahlin Blizzard'),(70521646,'Danielle','Howse','2003-06-16','F','Y','U12','U12 Div 2 Girls'),(70525704,'Jack','Bolton','2001-04-05','M','Y','U14','U14 Div 2 Boys'),(70527106,'Maximilian','Hoy','2004-11-01','M','Y','U11','U11 Black Gungahlin Power'),(70537592,'Alex','Fielding','2001-11-15','M','Y','U14','U14 Div 2 Boys'),(70581970,'Gabriel','Zolli','2002-06-21','M','Y','U13','U13 Div 2 Boys'),(70583190,'Hakeem','Rasheed','2004-11-13','M','Y','U11','U11 White Gungahlin Gunners'),(70595319,'Jodie','Kirkness','1998-05-22','F','Y','U17','U17 WPL'),(70602636,'Will','Dyer','2001-06-11','M','Y','U14','U14 Premier League'),(70624309,'Kiara','Meza','2005-03-10','F','Y','U10','U10 White Gungahlin Gazelles'),(70650635,'Vincent','Costa','2001-05-21','M','Y','U14','U14 Div 1 Boys'),(70727359,'Sean','Mcgee','1985-07-12','M','Y','SEN','Seniors'),(70727706,'Michael','Seldon','1972-05-26','M','Y','SEN','Seniors'),(70727714,'Bianca','Francis','1998-06-23','F','Y','U19','U19 WPL'),(70805031,'Luka','Brozinic','2004-02-05','M','Y','U11','U11 White Gungahlin Gunners'),(70805056,'Marc','Brozinic','2005-05-31','M','Y','U10','U10 White Gungahlin Cyclones'),(70805833,'Cameron','Jackson','1999-05-13','F','Y','U17','U17 WPL'),(70810353,'Tristan','Jiang','2005-01-10','M','Y','U11','U11 Red Gungahlin Guards'),(70810379,'Madeleine','Jiang','2003-07-02','F','Y','U12','U12 Div 2 Girls'),(70814876,'Evan','Fortis','2003-12-27','M','Y','U12','U12 Div 2 Cyclones'),(70816061,'Yahya','Afwandi','2003-05-28','M','Y','U12','U12 Div 3 Hurricanes'),(70816152,'Julia','Afwandi','2004-07-23','F','Y','U11','U11 White Gungahlin Whirlwinds'),(70816525,'Jose','Martinez','2000-10-24','M','Y','U15','U15 Div 2 Boys'),(70818786,'Alex','Somsouk','2000-04-16','M','Y','U15','U15 Div 1 Boys'),(70818844,'Haylee','Stacey','2000-06-30','F','Y','U16','U16 Div 2 Girls'),(70818869,'Hayden','Thai','2000-05-14','M','Y','U16','U16 Boys Premier League'),(70818950,'Jacob','Moseley','1999-07-15','M','Y','U16','U16 Div 1 Boys'),(70818976,'Millicent','Cameron','1999-02-13','F','Y','U17','U17 WPL'),(70819073,'Matthew','Salvador','1999-04-05','M','Y','U16','U16 Div 1 Boys'),(70820162,'Rashad','Farid','1996-04-22','M','Y','U20','U20 Boys Premier League'),(70820865,'Lilli','Thomas','2003-03-07','F','Y','U12','U12 Div 1 Thunder'),(70820907,'Alyssa','Marin','2002-08-03','F','Y','U14','U14 Div 1 Girls'),(70821418,'Renee','Junna','2002-11-21','F','Y','U14','U14 Div 1 Girls'),(70821434,'Stefan','Banjac','2004-05-13','M','Y','U11','U11 Blue Gungahlin Glory'),(70827845,'William','Lumb','2005-07-07','M','Y','U11','U11 Red Gungahlin Guards'),(70828835,'Izaac','Ujdur','2006-01-16','M','Y','U10','U10 Red Gungahlin Tornadoes'),(70828843,'Cooper','Elsom','2006-04-20','M','Y','U10','U10 Blue Gungahlin Whitetails'),(70828850,'Marzuq','Rasheed','2006-03-17','M','Y','U9','U9 Redbacks'),(70828868,'Joshua','Milicevic','2006-04-15','M','Y','U10','U10 Red Gungahlin Tornadoes'),(70828918,'Brayden','Verran','2006-12-01','M','Y','U9','U9 Strikers'),(70828934,'William','Ness','2006-06-22','M','Y','U9','U9 Redbacks'),(70828983,'Ariana','Rathouski','2006-02-17','F','Y','U11','U11 White Gungahlin Whirlwinds'),(70829056,'Ali','Osman','2006-02-17','M','Y','U10','U10 Red Gungahlin Tornadoes'),(70829148,'Nathan','Richards','2006-07-17','M','Y','U9','U9 Redbacks'),(70829171,'Ryan','Richards','2006-07-17','M','Y','U9','U9 Redbacks'),(70829338,'Matteo','Vardanega','2005-08-26','M','Y','U10','U10 Red Gungahlin Blizzard'),(70829387,'Zachary','O\'Rourke','2005-01-09','M','Y','U10','U10 Blue Gungahlin Whitetails'),(70829395,'Felix','Icasate','2005-04-28','M','Y','U10','U10 Green Gungahlin Griffins'),(70829478,'Braydon','Dunbar','2005-07-27','M','Y','U10','U10 Green Gungahlin Phoenix'),(70829601,'Rishabh','Bahl','2005-05-21','M','Y','U11','U11 Blue Gungahlin Fury'),(70829916,'Isabella','Macor','2005-01-01','F','Y','U11','U11 White Gungahlin Whirlwinds'),(70835095,'Alex','Melton','2001-08-11','M','Y','U14','U14 Div 1 Boys'),(70835202,'Harrison','Elsom','2004-01-30','M','Y','U12','U12 Div 3 Storm'),(70835251,'Jack','Wunsch','2004-11-12','M','Y','U11','U11 White Gungahlin Gunners'),(70835426,'Omar','Salavert','2004-06-07','M','Y','U11','U11 Red Gungahlin Gladiators'),(70835434,'Tayla','Hampson','2004-09-27','F','Y','U13','U13 Div 1 Girls'),(70835863,'Caleb','Frost','2004-05-22','M','Y','U12','U12 Div 1 Lightning'),(70835905,'Thomas','Hammond','2004-03-15','M','Y','U11','U11 Blue Gungahlin Fury'),(70835962,'Billy','O\'Hanlon','2004-02-20','M','Y','U11','U11 Green Gungahlin Strikers'),(70836077,'Dylan','Skrtic','2004-02-26','M','Y','U11','U11 Red Gungahlin Gladiators'),(70836135,'Thomas','Cook','2004-01-26','M','Y','U11','U11 Green Gungahlin Strikers'),(70838412,'Alara','Salvage','2005-06-14','F','Y','U11','U11 White Gungahlin Whirlwinds'),(70853403,'Adam','Davies','2000-10-02','M','Y','U15','U15 Div 3 Boys Gold'),(70854799,'Kieran','Doyle','2005-07-02','M','Y','U10','U10 Green Gungahlin Roar'),(70859723,'Zachary','ilijoski','2005-04-08','M','Y','U11','U11 Red Gungahlin Guards'),(70859756,'William','Robinson','2001-05-19','M','Y','U14','U14 Div 2 Boys'),(70878210,'Maanav','Saggu','2003-04-09','M','Y','U12','U12 Div 2 Cyclones'),(70878269,'Michael','Daniele','2003-05-14','M','Y','U12','U12 Div 3 Storm'),(70884671,'Bethany','Windsor','1999-09-21','F','Y','U18','U18 Div 2 Girls'),(70884887,'Natalie','Scougall','1998-03-06','F','Y','U18','U18 Div 2 Girls'),(70884945,'Boyan','Noveski','1998-10-01','M','Y','TBA','TBA'),(70885652,'Jamie','Vearncombe','1997-06-23','M','Y','U18','U18 Boys Premier League'),(70885660,'Danielle','Foster','1997-07-20','F','Y','SEN','Seniors'),(70885801,'Mia','Nazor','2002-08-08','F','Y','U14','U14 Div 3 Girls'),(70885835,'Lara','Ryan','2002-09-21','F','Y','U13','U13 Div 1 Girls'),(70885975,'Jaiden','McArthur','2005-12-10','M','Y','U10','U10 Blue Gungahlin Whitetails'),(70887377,'Aran','Albrecht','2002-09-12','M','Y','U13','U13 Div 1 Boys'),(70887823,'Bangaham','Adam','2001-07-06','M','Y','U14','U14 Div 2 Boys'),(70889530,'Joshua','Malone','2006-08-03','M','Y','U9','U9 Whales'),(70889746,'Heath','Eggerton','2006-08-10','M','Y','U9','U9 Whales'),(70889837,'Nicholas','Colquhoun','2006-01-25','M','Y','U10','U10 Green Gungahlin Phoenix'),(70889886,'Layla','Bettiol','2006-04-04','F','Y','U9','U9 All Stars'),(70889936,'Owen','Hemsworth','2005-09-01','M','Y','U10','U10 Green Gungahlin Phoenix'),(70890074,'Cooper','Pfeiffer','2005-12-12','M','Y','U10','U10 Green Gungahlin Phoenix'),(70890090,'Cameron','Potter','2005-09-27','M','Y','U10','U10 Green Gungahlin Roar'),(70898499,'Antony','Gannis','2004-10-29','M','Y','U12','U12 Div 1 Lightning'),(70898614,'Lachlan','Barrett','2004-01-06','M','Y','U12','U12 Div 2 Cyclones'),(70898705,'Deklan','Bagic','2004-01-25','M','Y','U12','U12 NPL'),(70898747,'Alexandra','Hinson','2004-08-01','F','Y','U13','U13 Div 1 Girls'),(70898796,'Lily','Iglesias','2004-12-03','F','Y','U13','U13 Div 1 Girls'),(70898853,'Yelimali','Adam','2004-10-04','M','Y','U11','U11 White Gungahlin Gunners'),(70899026,'Danilo','Radonjic','2005-07-18','M','Y','U10','U10 White Gungahlin Cyclones'),(70900568,'Felipe','Castillo','1998-10-01','M','Y','U18','U18 Div 1 Boys'),(70972146,'Mustafa','Malik','2003-02-15','M','Y','U12','U12 Div 2 Cyclones'),(70988332,'Adam Bey','Elhassan','2002-06-07','M','Y','U14','U14 Div 3 Boys'),(70988472,'Jack','Thompson','2003-12-19','M','Y','U12','U12 Div 3 Typhoons'),(70988746,'Cameron','Middleton','2003-10-08','M','Y','U12','U12 Div 3 Hurricanes'),(71028559,'Benjamin','Parkes','2005-12-20','M','Y','U10','U10 Blue Gungahlin Whitetails'),(71030647,'Rylan','Semenas','2005-07-19','M','Y','U10','U10 Red Gungahlin Blizzard'),(71030670,'Angus','Biggs','2005-11-23','M','Y','U10','U10 Green Gungahlin Phoenix'),(71031637,'Marcus','Smith','2005-12-30','M','Y','U10','U10 Green Gungahlin Phoenix'),(71031710,'Tobias','Bosworth','2005-09-30','M','Y','U10','U10 Green Gungahlin Griffins'),(71032692,'Cooper','Antonio-Tran','2005-04-03','M','Y','U10','U10 Green Gungahlin Griffins'),(71035760,'Cruze','Campisi','2003-02-10','M','Y','U13','U13 Div 3 Boys'),(71035968,'Timothy','Farrance','2001-12-02','M','Y','U15','U15 Div 3 Boys Blue'),(71042212,'Brandon','Chow','2002-09-23','M','Y','U13','U13 Div 2 Boys'),(71064265,'Joshua','Jacobs','2005-03-20','M','Y','U11','U11 Black Gungahlin Force'),(71064273,'Olivia','Green','2004-06-12','F','Y','U12','U12 Div 2 Girls'),(71064505,'Bradley','Doohan','1971-03-12','M','Y','SEN','Seniors'),(71064513,'William','Doohan','2005-02-07','M','Y','U10','U10 Red Gungahlin Blizzard'),(71066344,'Dakota','O\'Brien','2004-07-02','M','Y','U11','U11 Black Gungahlin Power'),(71066625,'Binesh','Dutt','1962-10-01','M','Y','MDIV9','Mens Div 9'),(71066666,'Sharneel','Shankar','1986-04-26','M','Y','MDIV9','Mens Div 9'),(71066716,'Dinesh','Kumar','1978-04-03','M','Y','SEN','Seniors'),(71131007,'Sophie','Dawe','2005-10-10','F','Y','U11','U11 White Great Whites'),(71198964,'Jasveer','Benny','1997-05-17','M','Y','U18','U18 Div 1 Boys'),(71263735,'Stan','Callaghan','1962-08-04','M','Y','SEN','Seniors'),(71267181,'Camden','Hoglin','2003-10-16','M','Y','U12','U12 Div 3 Hurricanes'),(71267215,'Eligh','Exposito','2004-05-27','M','Y','U11','U11 Black Gungahlin Power'),(71268577,'Kushal','Kotagal','2003-09-19','M','Y','U12','U12 Div 3 Typhoons'),(71281380,'Nicolas Diego','Schneider','1999-10-13','M','Y','U16','U16 Div 1 Boys'),(71287999,'Maya','Hopman','2002-05-03','F','Y','U13','U13 Div 1 Girls'),(71311674,'Ahmadullah','Jadeer','1972-12-20','M','Y','SEN','Seniors'),(71546030,'Naasir','Shaikh','2004-11-03','M','Y','U11','U11 White Gungahlin Gunners'),(71568471,'Samuel','Strong','2004-12-28','M','Y','U11','U11 White Gungahlin Gunners'),(71586085,'Anisa','Ali','2002-12-31','F','Y','U14','U14 Div 3 Girls'),(71651384,'Cameron','Bushell','2005-08-07','M','Y','U10','U10 White Gungahlin Cyclones'),(71661383,'amaar','mohamed','2005-04-06','M','Y','U11','U11 Blue Gungahlin Glory'),(71681431,'William','McCloskey','2006-08-29','M','Y','U9','U9 Sea Lions'),(71729255,'Daniel','Stainthorpe','2001-01-04','M','Y','U14','U14 Div 2 Boys'),(71757785,'Egan','O\'Sullivan','2004-09-14','M','Y','U11','U11 Red Gungahlin Gladiators'),(71773634,'Danny','Krajacic','1989-05-20','M','Y','NPL','NPL First Grade'),(71780043,'Sebastian','Corney','2004-01-14','M','Y','U12','U12 Div 1 Lightning'),(71787626,'Aaron','Lal','1982-05-08','M','Y','MDIV9','Mens Div 9'),(71787667,'Omar','Ghanem','2002-10-12','M','Y','U13','U13 Div 3 Boys'),(71974109,'Vincent','Matas','2006-04-24','M','Y','U9','U9 Tornadoes'),(71978464,'Dillon','Hathiramani','2001-06-25','M','Y','U14','U14 Div 1 Boys'),(71980577,'Kavilesh','Adhar','1981-10-07','M','Y','MDIV9','Mens Div 9'),(72051568,'Mahee','Kazi','2005-01-17','M','Y','U11','U11 Red Gungahlin Guards'),(72208804,'Noah','Hewitt','2007-05-07','M','Y','U8','U8 Cheetahs'),(72236664,'Hayden','Gardiner','2006-03-24','M','Y','U10','U10 White Gungahlin Storm'),(72244460,'Callan ','Amey','2004-03-20','M','Y','U11','U11 Red Gungahlin Gladiators'),(72378300,'William','Argyrakis','2004-04-16','M','Y','U11','U11 Black Gungahlin Force'),(72378961,'Antony','Argyrakis','2006-04-04','M','Y','U9','U9 Sea Lions'),(72430200,'Kate','Princehorn','2001-01-25','F','Y','U14','U14 Div 1 Girls'),(72449663,'Domenico','Pelle','2006-02-27','M','Y','U10','U10 Red Gungahlin Blizzard'),(72455090,'Zachary','Milczarek','2005-08-08','M','Y','U11','U11 Red Gungahlin Guards'),(72455124,'Noah','Milczarek','2006-12-14','M','Y','U10','U10 Red Gungahlin Tornadoes'),(72464464,'Sarah','Hennessy','2004-06-11','F','Y','U11','U11 White Great Whites'),(72466782,'Louis','Chaldi','2004-10-01','M','Y','U12','U12 NPL'),(72474968,'Campbell','Reid','2006-08-01','M','Y','U10','U10 Red Gungahlin Tornadoes'),(72475056,'Amy','Preston','2006-04-05','F','Y','U9','U9 Swifts'),(72477615,'Oscar','Bouma','2006-02-07','M','Y','U9','U9 Turtles'),(72478241,'Jack','Dugdale','2007-07-18','M','Y','U8','U8 All Stars'),(72486079,'Joshua','Cougar','2005-12-07','M','Y','U10','U10 Blue Gungahlin Warriors'),(72486772,'Monica','Cougar','2003-03-13','F','Y','U12','U12 Div 2 Girls'),(72504715,'Dominic','Pelle','2005-09-30','M','Y','U10','U10 Red Gungahlin Blizzard'),(72506686,'Dominik','Marek','2004-05-15','M','Y','U11','U11 Red Gungahlin Gladiators'),(72516255,'Ethan','Reakes','2006-03-09','M','Y','U9','U9 Tornadoes'),(72518053,'Lachlan','Floro','2006-02-16','M','Y','U9','U9 Force'),(72534217,'Will','Schier','2006-09-06','M','Y','U9','U9 Sea Lions'),(72535891,'Edan','Pfeiffer','2007-12-08','M','Y','U8','U8 Stingrays'),(72543408,'Kai','Wright','2004-12-02','M','Y','U11','U11 Red Gungahlin Gladiators'),(72544620,'Marcus','Dwyer','2005-07-21','M','Y','U10','U10 White Gungahlin Storm'),(72555303,'Michael','Paragalli','2006-03-23','M','Y','U10','U10 Red Gungahlin Tornadoes'),(72562275,'Allama','Idris','1976-06-07','M','Y','SEN','Seniors'),(72563463,'Christopher','Tokley','2006-05-04','M','Y','U9','U9 Hurricanes'),(72565641,'Eddy','Palmer','2006-11-01','M','Y','U9','U9 Strikers'),(72567514,'Ross ','Bardsley','1968-09-24','M','Y','SEN','Seniors'),(72568199,'Suraya','Farid','2003-06-01','F','Y','U13','U13 Div 1 Girls'),(72595523,'Kyle','Scarcella','2001-09-08','M','Y','U14','U14 Div 1 Boys'),(72601081,'tristan','HUANG','2006-02-01','M','Y','U9','U9 Redbacks'),(72601503,'ethan','HUANG','2007-10-12','M','Y','U8','U8 All Stars'),(72603525,'Jacob','Molloy','2007-04-17','M','Y','U8','U8 All Stars'),(72603541,'Noah','Molloy','2007-04-17','M','Y','U8','U8 All Stars'),(72604341,'LEO','FOLEY','2003-10-16','M','Y','U12','U12 Div 3 Hurricanes'),(72614183,'Thomas','Robinson','2008-01-21','M','Y','U8','U8 Bandicoots'),(72622640,'Josip','Ujdur','2006-06-08','M','Y','U10','U10 Red Gungahlin Tornadoes'),(72625106,'Luke','Grieves','2005-11-09','M','Y','U10','U10 Black Gungahlin Falcons'),(72625619,'JOSHUA','NIKOLOV','2007-03-05','M','Y','U8','U8 All Stars'),(72641475,'Danny','Briggs','2007-09-06','M','Y','U8','U8 All Stars'),(72658073,'Joshua','Belleza','2003-07-28','M','Y','U12','U12 Div 3 Typhoons'),(72702855,'Sam','Russell','1983-11-10','M','Y','SEN','Seniors'),(72731136,'Cristian','Barresi','2006-01-20','M','Y','U10','U10 Red Gungahlin Tornadoes'),(72758139,'Daniel','PINO','2002-10-26','M','Y','U13','U13 Div 3 Boys'),(72760945,'Abyan','Sobhan','2006-01-23','M','Y','U10','U10 Green Gungahlin Roar'),(72761075,'Darby','Langdown','2004-01-12','M','Y','U11','U11 Blue Gungahlin Glory'),(72761182,'liam','jandi','2004-09-24','M','Y','U11','U11 Blue Gungahlin Glory'),(72761414,'Marco','D\'Ambrosio','2007-05-16','M','Y','U8','U8 Emus'),(72761760,'Param','Gahlawat','2005-08-09','M','Y','U10','U10 Blue Gungahlin Warriors'),(72761869,'Tyler','Kyle-Oppelaar','2005-05-29','M','Y','U10','U10 Blue Gungahlin Warriors'),(72762081,'Jonathan','Olivares','2004-02-29','M','Y','U11','U11 Red Gungahlin Gladiators'),(72762727,'Luciano','Ruberto','2007-12-12','M','Y','U8','U8 Thunder'),(72762958,'Solon','Haridemos','2003-05-21','M','Y','U12','U12 Div 2 Cyclones'),(72763543,'Alec','Haridemos','2005-10-14','M','Y','U10','U10 Black Gungahlin Falcons'),(72763675,'Ashton','Antioch','2005-10-11','M','Y','U11','U11 Red Gungahlin Guards'),(72767478,'Olivia','Lemezina','2003-06-24','F','Y','U13','U13 Div 1 Girls'),(72768609,'Connor','Norman','2006-11-16','M','Y','U9','U9 Force'),(72771611,'Benjamin','Keomanivong','2001-03-08','M','Y','U14','U14 Div 1 Boys'),(72778947,'Krish','Mudaliar','2006-08-11','M','Y','U10','U10 White Gungahlin Storm'),(72780042,'Jessica','Hynes','2005-12-29','F','Y','U11','U11 White Gungahlin Whirlwinds'),(72780240,'Ben','Archbold','2006-12-11','M','Y','U9','U9 Sea Lions'),(72782931,'Ari','Northey','2006-07-07','M','Y','U9','U9 Hurricanes'),(72799232,'Harry','Rowley','2006-06-07','M','Y','U9','U9 Thunder'),(72799356,'Patrick','Rowley','2006-06-07','M','Y','U9','U9 Thunder'),(72804578,'Bradley','Karlov','2004-05-12','M','Y','U11','U11 Green Gungahlin Strikers'),(72804669,'Cameron','Karlov','2004-05-12','M','Y','U11','U11 Green Gungahlin Strikers'),(72805351,'Cooper','Williams','2007-03-07','M','Y','U9','U9 Redbacks'),(72814957,'Shaafin','Rob','2004-08-22','M','Y','U11','U11 Blue Gungahlin Glory'),(72860695,'Maximilian','Hartley','2003-06-03','M','Y','U12','U12 Div 3 Storm'),(72860919,'Xavier','Hartley','2006-08-13','M','Y','U9','U9 Thunder'),(72876501,'Ashley David Benjamin jay','singh','2005-07-14','M','Y','U10','U10 White Gungahlin Storm'),(72883531,'Katie','Green','2006-01-18','F','Y','U9','U9 Swifts'),(72923592,'Joshua','Young','2004-12-07','M','Y','U11','U11 Red Gungahlin Gladiators'),(72940786,'Pahnkhit','Channaibanya','2004-11-08','M','Y','U11','U11 White Gungahlin Galaxy'),(72946114,'Adam','Aly','2007-04-11','M','Y','U9','U9 Hurricanes'),(72958820,'Luke','Barlow','2006-02-21','M','Y','U9','U9 Redbacks'),(72958945,'Liam','Barlow','2007-07-19','M','Y','U8','U8 All Stars'),(73006603,'Iesha','de Andrade','1998-03-01','F','Y','U19','U19 WPL'),(73066169,'Louis','Pennifold','2001-11-05','M','Y','U14','U14 Div 3 Boys'),(73169716,'Thomas','Hardy','2006-04-03','M','Y','U9','U9 Redbacks'),(73233280,'Yahye','Ali','2004-10-18','M','Y','U11','U11 Blue Gungahlin Fury'),(73244808,'Jonathan','Nelapati','2001-09-25','M','Y','U14','U14 Div 1 Boys'),(73250946,'Alyssa','Johnston','2005-02-22','F','Y','U11','U11 White Gungahlin Whirlwinds'),(73287559,'Luke','Potter','2007-11-13','M','Y','U8','U8 Monkeys'),(73335051,'Kelly','Hargadon','1978-04-13','M','Y','SEN','Seniors'),(73355943,'Rhys','Llanwarne','1998-10-25','M','Y','U18','U18 Div 1 Boys'),(73356263,'Peter J','Duggan','1987-03-28','M','Y','SEN','Seniors'),(73387516,'Bailley','Corazza','2007-08-14','M','Y','U8','U8 All Stars'),(73408957,'Daniel','Kenning','2006-10-11','M','Y','U10','U10 Red Gungahlin Tornadoes'),(73424855,'Kye','McAuslan','2002-10-01','M','Y','U13','U13 Div 3 Boys'),(73481764,'derek','oconnor','1957-03-28','M','Y','SEN','Seniors'),(73504276,'Jordan','Jonathan','2005-11-09','M','Y','U11','U11 Red Gungahlin Guards'),(73568735,'Roko','Miletic','2007-03-23','M','Y','U8','U8 Spiders'),(73623449,'Madhu','Rollings','1986-07-31','M','Y','SEN','Seniors'),(73685919,'Damien','Ruan','2006-10-28','M','Y','U9','U9 Strikers'),(73688319,'Lachlan','Trevascus','2006-12-11','M','Y','U9','U9 Sea Lions'),(73749491,'Mason','Palombi','2007-03-11','M','Y','U8','U8 Emus'),(73749723,'Jayla','Murphy','2004-12-29','F','Y','U11','U11 White Great Whites'),(73749814,'Conor','Moir','2007-05-30','M','Y','U8','U8 Emus'),(73785958,'nicholas','Sherd','1987-06-20','M','Y','SEN','Seniors'),(73848889,'Zac','Hudson','2004-06-27','M','Y','U11','U11 Blue Gungahlin Fury'),(73849309,'James','Cunliffe','2004-12-15','M','Y','U11','U11 Black Gungahlin Power'),(73937583,'Ben','Webster','1983-10-17','M','Y','SEN','Seniors'),(73977415,'Luke','Mahony','1986-11-14','M','Y','MDIV9','Mens Div 9'),(74024035,'Harrison','willett','2001-08-30','M','Y','U14','U14 Div 2 Boys'),(74030867,'Kellan','McCarthy','2008-01-26','M','Y','U7','U7 Rockets'),(74134172,'Joseph','Laria','1985-10-16','M','Y','SEN','Seniors'),(74143975,'Alois','Huetter','2006-04-07','M','Y','U10','U10 White Gungahlin Storm'),(74184466,'Khai','Hargadon','2004-10-24','M','Y','U11','U11 Green Gungahlin Strikers'),(74217357,'Solbee','Eun','2000-12-24','F','Y','U16','U16 Div 2 Girls'),(74275249,'Aimee','Green','2000-03-14','F','Y','U17','U17 WPL'),(74286949,'Benjamin','Wharton','2003-05-22','M','Y','U12','U12 Div 3 Typhoons'),(74302183,'Nicholas','Jordan','2004-01-14','M','Y','U11','U11 White Gungahlin Gunners'),(74308842,'Alex','Foenander-Watts','2001-08-18','M','Y','U15','U15 Div 3 Boys Blue'),(74336413,'Kaelen','Sorensen','2004-08-06','M','Y','U11','U11 Blue Gungahlin Glory'),(74386624,'Matthew','Tarnawskyj','2000-07-29','M','Y','U16','U16 Boys Premier League'),(74448762,'Emily','Corker','1998-12-16','F','Y','U18','U18 Div 2 Girls'),(74478694,'Htoo','Htoo','1997-07-14','M','Y','U18','U18 Boys Premier League'),(74759341,'Taj','Dando','2005-01-17','M','Y','U10','U10 Green Gungahlin Griffins'),(74885781,'Quinten','Van Rooy','2000-12-21','M','Y','U15','U15 Div 3 Boys Gold'),(74905241,'William','Cooper','2006-09-30','M','Y','U9','U9 All Stars'),(74975822,'Kaleb','James','2006-02-20','M','Y','U9','U9 Thunder'),(74977422,'Georgia','McDermott','2005-09-03','F','Y','U10','U10 White Gungahlin Gazelles'),(74979857,'Sean','Gobbitt','2005-10-12','M','Y','U10','U10 Red Gungahlin Blizzard'),(74984741,'Leo','McGill','2004-11-09','M','Y','U12','U12 Div 1 Lightning'),(74984949,'Vince','McGill','2006-04-30','M','Y','U11','U11 Red Gungahlin Guards'),(74989724,'Ashley','Smith','2008-02-29','F','Y','U7','U7 Sharks'),(74990219,'Finnlay','McKenzie','2004-11-18','M','Y','U11','U11 White Gungahlin Galaxy'),(74994948,'Mark','Burger','2005-06-14','M','Y','U10','U10 Red Gungahlin Blizzard'),(74997511,'Grace','Ganchov','2003-11-28','F','Y','U12','U12 Div 2 Girls'),(75008896,'imogen','rayner','2002-03-19','F','Y','U14','U14 Div 3 Girls'),(75015123,'Yajnesh','Jeelall','1999-06-28','M','Y','U16','U16 Div 2 Boys'),(75029546,'Bradley','Kaufhold','2007-02-02','M','Y','U9','U9 Force'),(75031070,'Ryan','Williams','2008-03-25','M','Y','U8','U8 All Stars'),(75043422,'Marcus','Lustri','2008-01-04','M','Y','U7','U7 Rockets'),(75045625,'Sebastian','Munoz','2008-08-13','M','Y','U7','U7 Rockets'),(75046359,'Brody','McMahon Griffin','2000-07-13','M','Y','U15','U15 Div 3 Boys Gold'),(75063123,'Riley','Borthwick','2007-02-22','M','Y','U8','U8 Bears'),(75074211,'Bailey','Floro','2007-09-17','M','Y','U9','U9 Force'),(75081554,'Hayden','Ahern','2008-05-19','M','Y','U7','U7 Galaxy'),(75093799,'Thomas','Connolly','2009-02-20','M','Y','U7','U7 Alladins'),(75095745,'Anton','Katavic','2006-10-26','M','Y','U9','U9 Turtles'),(75098822,'Xavier','Bonnett','2008-07-15','M','Y','U7','U7 Strikers'),(75098848,'Seth','Bonnett','2008-07-15','M','Y','U7','U7 Strikers'),(75100529,'Matteo','Pastrello','2007-10-19','M','Y','U8','U8 Kangaroos'),(75104414,'Preetish','Thirumalai','2003-11-26','M','Y','U12','U12 Div 2 Cyclones'),(75105221,'Tim','Nguyen','2004-08-10','M','Y','U11','U11 Red Gungahlin Gladiators'),(75105395,'Dan','Nguyen','2004-08-10','M','Y','U11','U11 Red Gungahlin Gladiators'),(75111047,'Nataliya','Ciampa','2006-12-28','F','Y','U9','U9 All Stars'),(75113209,'Samuel','Prucha','2003-09-12','M','Y','U12','U12 Div 3 Storm'),(75135459,'Olivia','Stuart','2004-02-06','F','Y','U11','U11 White Great Whites'),(75139444,'Max','Flynn','2007-05-08','M','Y','U8','U8 Emus'),(75149278,'Ibrahim','Zahid','2003-12-12','M','Y','U12','U12 Div 3 Storm'),(75150227,'Raghu','Choudhary','2006-10-12','M','Y','U9','U9 Hurricanes'),(75150649,'Connor','Size','2005-04-20','M','Y','U11','U11 Black Gungahlin Power'),(75156364,'Matthew','Ikoro','2005-11-21','M','Y','U11','U11 Red Gungahlin Gladiators'),(75159384,'Declan','Napier','2004-06-24','M','Y','U11','U11 Red Gungahlin Gladiators'),(75167981,'Samuel','Jordan','2005-03-22','M','Y','U10','U10 Green Gungahlin Roar'),(75171421,'Joseuf','Watson','2005-03-30','M','Y','U11','U11 White Gungahlin Galaxy'),(75185207,'Guntas','Sidhu','2007-04-10','F','Y','U9','U9 Swifts'),(75190322,'Haydn','Force','1998-03-05','M','Y','U18','U18 Div 1 Boys'),(75196295,'Lachlan','Copeland','2006-12-22','M','Y','U9','U9 Hurricanes'),(75200360,'Alexia','Inglis-Stevens','2000-08-03','F','Y','U18','U18 Div 2 Girls'),(75200816,'adriana','skukan','2001-12-10','F','Y','U14','U14 Div 1 Girls'),(75210187,'Milan','Pilipovic','2008-01-23','M','Y','U7','U7 Incredibles'),(75214429,'Daniel','Eun','2007-01-14','M','Y','U8','U8 Bandicoots'),(75219394,'Lochie','Talbot','2008-01-21','M','Y','U8','U8 Strikers'),(75221598,'Julie','Kuorence','1988-10-20','F','Y','SEN','Seniors'),(75253740,'Alexander','Mugridge','2006-08-09','M','Y','U9','U9 All Stars'),(75255224,'Alani','Meza','2008-06-23','F','Y','U7','U7 Rockets'),(75262998,'Caleb','Doan','2007-01-18','M','Y','U8','U8 Spiders'),(75264507,'Yoonho','OH','2000-12-27','M','Y','U15','U15 Div 2 Boys'),(75272237,'Jure','Lemezina','2006-11-03','M','Y','U10','U10 Red Gungahlin Tornadoes'),(75273144,'Will','Harrison','2008-02-19','M','Y','U7','U7 Rockets'),(75285817,'Nicholas','Johnson','2004-05-23','M','Y','U11','U11 White Gungahlin Galaxy'),(75286047,'Mitchell','Johnson','2007-05-10','M','Y','U8','U8 Spiders'),(75293530,'Charlie','Triggs','2005-09-08','M','Y','U10','U10 White Gungahlin Cyclones'),(75318329,'Connor','Davis','2006-04-30','M','Y','U9','U9 Crabs'),(75320853,'Hayden','Greenwood','2007-05-05','M','Y','U8','U8 Guards'),(75323063,'Vinnie','Onorato','2008-08-03','M','Y','U7','U7 Spirits'),(75328211,'Sandara','Murphy','2004-03-31','F','Y','U11','U11 White Great Whites'),(75330084,'Jack','Shelley','2006-04-11','M','Y','U9','U9 All Stars'),(75338160,'Arusha','Chew','2006-01-20','F','Y','U11','U11 White Gungahlin Whirlwinds'),(75342352,'Samuel','LARSEN','2003-06-28','M','Y','U12','U12 Div 1 Thunder'),(75344895,'Esther','Huetter','2008-01-13','F','Y','U8','U8 Butterflys'),(75344978,'Jacob','Cooper','2005-10-25','M','Y','U10','U10 Blue Gungahlin Whitetails'),(75345009,'Dexter','Cooper','2007-10-17','M','Y','U8','U8 Monkeys'),(75345462,'Oliver','Alberto','2008-08-20','M','Y','U8','U8 Penguins'),(75347195,'Aaliyah','Rasheed','2007-09-11','F','Y','U8','U8 Pink All Stars'),(75348698,'James','Sheather','2005-07-25','M','Y','U10','U10 Green Gungahlin Griffins'),(75351106,'Parris','Bangweni','2006-05-27','M','Y','U10','U10 Red Gungahlin Tornadoes'),(75352948,'Abbie','Bailey','2004-07-26','F','Y','U11','U11 White Great Whites'),(75353169,'Samantha ','Bailey','2004-07-26','F','Y','U11','U11 White Great Whites'),(75356501,'Thomas','Kuminek','2006-08-13','M','Y','U9','U9 All Stars'),(75357392,'Mario','Tinelli','2008-04-09','M','Y','U8','U8 Kangaroos'),(75361287,'Zoe','Caddaye','2007-06-10','F','Y','U8','U8 Pink All Stars'),(75364810,'Maung','Yo','1997-01-01','M','Y','U18','U18 Div 1 Boys'),(75382275,'Hamish','Ihle','2008-08-20','M','Y','U7','U7 Bugs Life'),(75411363,'Alistair','Linden','2003-09-23','M','Y','U12','U12 Div 1 Thunder'),(75413351,'Charlotte','Edwards','2006-02-06','F','Y','U9','U9 Butterflys'),(75416263,'Shaan','O\'Brien','2003-06-02','M','Y','U12','U12 Div 3 Typhoons'),(75420877,'John','Byrne','1974-09-04','M','Y','SEN','Seniors'),(75517003,'Aakash','Senthil','2006-05-15','M','Y','U9','U9 Whales'),(75517540,'ANANTH','RAVI','2007-11-18','M','Y','U8','U8 Vipers'),(75521641,'Cohen','Smith','2006-05-29','M','Y','U9','U9 Redbacks'),(75522300,'Jemma','Obst','2006-08-21','F','Y','U9','U9 Butterflys'),(75528638,'Sean','Spencer','2007-01-26','M','Y','U8','U8 Spiders'),(75537340,'Bailey','Jonas','2007-01-15','M','Y','U8','U8 Spiders'),(75543926,'Max','McFadden','2005-06-08','M','Y','U10','U10 Green Gungahlin Roar'),(75571323,'Thevin','Mahaarachchi','2003-08-06','M','Y','U12','U12 Div 3 Hurricanes'),(75595322,'Sean','Bennett','2002-11-15','M','Y','U13','U13 Div 2 Boys'),(75605147,'Chris','Opi','2003-12-24','M','Y','U12','U12 Div 2 Cyclones'),(75620096,'Shazil','Rana','2004-10-06','M','Y','U11','U11 Blue Gungahlin Glory'),(75628305,'Kamil','Bah','2007-04-11','M','Y','U9','U9 Sea Lions'),(75632000,'Brodie','Atkins','2006-12-23','M','Y','U8','U8 Sharks'),(75632448,'Joseph','Boccuzzo','2006-10-08','M','Y','U9','U9 Hurricanes'),(75635052,'Xavier','Winkler','2006-11-03','M','Y','U9','U9 Sea Lions'),(75683953,'Ross','Cain','2004-01-18','M','Y','U11','U11 White Gungahlin Galaxy'),(75694406,'Antony','Simovski','2006-12-07','M','Y','U9','U9 Tornadoes'),(75695692,'Filip','Blazevic','1991-05-27','M','Y','SEN','Seniors'),(75696088,'Simon','Hill','1988-07-24','M','Y','MDIV9','Mens Div 9'),(75705517,'Francis','Abakah','2003-11-19','M','Y','U12','U12 Div 3 Hurricanes'),(75726281,'Andrew','Turner','1984-04-12','M','Y','SEN','Seniors'),(75729210,'Archer','Tomlinson','2007-09-17','M','Y','U8','U8 Monkeys'),(75749085,'Lachlan','Vincent','2007-04-24','M','Y','U8','U8 Thunder'),(75753467,'Dylan','Samios','2006-06-22','M','Y','U9','U9 All Stars'),(75761247,'Rakesh','Sewak','1976-01-01','M','Y','SEN','Seniors'),(75765859,'Zeerak','Ahmed','1998-01-29','M','Y','U18','U18 Div 1 Boys'),(75771022,'Ricky','Luo','2003-09-25','M','Y','U12','U12 Div 1 Thunder'),(75772533,'Jawad','AL-SAMADI','2007-04-14','M','Y','U8','U8 Sharks'),(75788513,'Miguel','Tshibindi','2006-09-25','M','Y','U9','U9 Lightning'),(75795310,'Hayden','Mortimer','2005-09-16','M','Y','U10','U10 White Gungahlin Storm'),(75800748,'Deen','Misic','2002-02-08','M','Y','U14','U14 Premier League'),(75804096,'RAYYAN','SIAL','2006-07-20','M','Y','U9','U9 Strikers'),(75812958,'Andreas','Niesen','2008-04-03','M','Y','U7','U7 Galaxy'),(75817056,'Robbie','Cobanov','2006-07-22','M','Y','U9','U9 Strikers'),(75820852,'Ronaldo','Olivares','2007-10-17','M','Y','U8','U8 Dinosaurs'),(75825885,'Filimone','Olivetti','2000-12-26','M','Y','U15','U15 Div 3 Boys Blue'),(75825901,'TATYANA','OLIVETTI','2002-02-13','F','Y','U14','U14 Div 3 Girls'),(75825935,'DECLAN','OLIVETTI','2003-06-27','M','Y','U12','U12 Div 3 Storm'),(75862110,'Georgia','Arndell','2002-04-01','F','Y','U16','U16 Div 2 Girls'),(75863662,'Alexi','Mardiyants','2006-09-04','M','Y','U9','U9 Whales'),(75902114,'Oliver','Stewart','2005-09-23','M','Y','U10','U10 Black Gungahlin Eagles'),(75902171,'Abigail','Mangin','2003-06-06','F','Y','U12','U12 Div 2 Girls'),(75907899,'Joel','Bird','2005-12-11','M','Y','U10','U10 Green Gungahlin Roar'),(75909796,'Dreik','Blyton','2007-04-23','M','Y','U8','U8 Spiders'),(75916387,'Michaela','Knight','2006-10-29','F','Y','U9','U9 Swifts'),(75918540,'Ryan','Fernandez','2006-12-19','M','Y','U9','U9 Turtles'),(75925537,'Nicholas','Aleksandrovsky','2005-03-01','M','Y','U11','U11 Blue Gungahlin Fury'),(75926576,'Raafi','Kazi','2007-04-23','M','Y','U9','U9 Hurricanes'),(75984062,'Rayeed','Johan','2007-07-23','M','Y','U8','U8 Monkeys'),(75994350,'Mitchell','Bashfield','2005-02-22','M','Y','U10','U10 Green Gungahlin Griffins'),(76014125,'Riley','Gilbey','2007-12-16','M','Y','U8','U8 Spiders'),(76014679,'Harrison','Gosper','2007-10-31','M','Y','U8','U8 Stingrays'),(76015841,'Thomas','Tran','2000-03-18','M','Y','U15','U15 Div 3 Boys Gold'),(76022243,'Kilian','Kilbourn','2007-01-08','M','Y','U9','U9 Octopus'),(76025782,'Lexi','Orange','2004-07-31','F','Y','U12','U12 Div 2 Girls'),(76041938,'Jayden','O\'Loughlin','2001-05-29','M','Y','U14','U14 Div 3 Boys'),(76067511,'Daniel','Dean','1989-12-24','M','Y','SEN','Seniors'),(76096031,'Ayman','Shams','2003-10-30','M','Y','U12','U12 Div 2 Cyclones'),(76137009,'Arsh','Chawla','2004-08-12','M','Y','U11','U11 Blue Gungahlin Fury'),(76160365,'Harrison','Enright','1993-08-24','M','Y','SEN','Seniors'),(76189844,'SERA','UM','1988-11-27','F','Y','SEN','Seniors'),(76195072,'Adam','Ayad','2008-10-06','M','Y','U7','U7 Tigers'),(76235951,'Daniel','Grant','2002-04-01','M','Y','U13','U13 Div 2 Boys'),(76262179,'Ryan','Mcferran','2003-07-02','M','Y','U12','U12 Div 3 Typhoons'),(76281914,'Darren','Yong','1986-05-01','M','Y','MDIV9','Mens Div 9'),(76304179,'Ishaan','Gupta','2004-02-26','M','Y','U11','U11 Blue Gungahlin Fury'),(76307016,'Cameron','Woods','2007-11-09','M','Y','U8','U8 Dinosaurs'),(76322387,'Luke','Kim','2005-06-04','M','Y','U10','U10 Green Gungahlin Roar'),(76328491,'Karl','Niesen','2010-09-04','M','Y','U7','U7 Galaxy'),(76331024,'Van','Phan','1960-01-22','M','Y','SEN','Seniors'),(76342344,'Aneesh','Akkenapalli','2003-11-07','M','Y','U12','U12 Div 3 Storm'),(76352392,'Benjamin','Thornton','2008-05-16','M','Y','U7','U7 Dinosaurs'),(76366152,'Rhys','Webster','2008-07-13','M','Y','U7','U7 Lightning McQueen'),(76417914,'Kaitlyn','Nugent','2004-06-17','F','Y','U12','U12 Div 2 Girls'),(76421551,'William','Tweedie','2007-05-06','M','Y','U9','U9 Turtles'),(76463702,'Jordan','Ledin','2002-10-21','M','Y','U13','U13 Div 3 Boys'),(76469188,'Callum','Webb','2005-12-21','M','Y','U10','U10 Blue Gungahlin Whitetails'),(76473297,'Henry','Kanis','2008-08-31','M','Y','U7','U7 Strikers'),(76484062,'Yusr','James','2005-04-19','M','Y','U10','U10 Blue Gungahlin Warriors'),(76513977,'Ashlyn','James','2008-05-08','F','Y','U7','U7 Pink Strikers'),(76550870,'Daniel','Harmer','2008-03-17','M','Y','U7','U7 Spiders'),(76554054,'Liam','Rogers','1999-04-01','M','Y','U16','U16 Div 2 Boys'),(76556091,'Matthew','Parkes','2008-04-11','M','Y','U8','U8 Cheetahs'),(76572718,'Oliver','Cheung','2006-01-30','M','Y','U9','U9 Turtles'),(76580745,'Charlie','Beck','2003-06-13','M','Y','U12','U12 Div 3 Storm'),(76580950,'Jackson','Higgins','2006-12-31','M','Y','U8','U8 Spiders'),(76588052,'Marc','Fernandes','2005-04-26','M','Y','U10','U10 Black Gungahlin Falcons'),(76588664,'Kobe','Wood','2008-01-24','M','Y','U8','U8 All Stars'),(76595669,'Myles','Zevenbergen','2006-10-10','M','Y','U9','U9 Whales'),(76597681,'Evan','Ball','2008-08-13','M','Y','U7','U7 Dinosaurs'),(76598846,'Matea','Zec','2005-12-18','M','Y','U10','U10 White Gungahlin Storm'),(76613629,'Jorge','Constantine','2007-08-11','M','Y','U8','U8 Cheetahs'),(76619964,'Samuel','Murray','2007-05-17','M','Y','U8','U8 Cheetahs'),(76620798,'Isabelle ','Groeneveld','2006-02-18','F','Y','U10','U10 White Gungahlin Gazelles'),(76625391,'Jaydon','Ruan','2009-01-22','M','Y','U7','U7 Spirits'),(76628411,'Cadel','Zwangobani','2008-01-13','M','Y','U7','U7 Rockets'),(76637180,'Phoenix','Mitchell','2007-08-17','M','Y','U8','U8 Cheetahs'),(76638097,'Cooper','Greatz','2007-12-18','M','Y','U8','U8 Guards'),(76647510,'Eshan','Rahim','2006-12-14','M','Y','U9','U9 Strikers'),(76651439,'Ikenna','Ofomah','2007-10-25','M','Y','U8','U8 Cheetahs'),(76654607,'Cooper','McMaster','2007-05-09','M','Y','U8','U8 Emus'),(76657360,'Bailey','Snell','1999-01-30','M','Y','U16','U16 Div 1 Boys'),(76665488,'Darcy','Politch','2007-04-22','M','Y','U8','U8 Cheetahs'),(76668730,'Isaak','Rezo','2007-10-08','M','Y','U8','U8 Vipers'),(76672104,'Joshua','Liang','2007-05-29','M','Y','U8','U8 Cheetahs'),(76677368,'Aidan','Barrack','2006-06-16','M','Y','U9','U9 Force'),(76677418,'Bastian','Barrack','2006-06-16','M','Y','U9','U9 Force'),(76688530,'Liam','Shain','2008-10-21','M','Y','U7','U7 Tigers'),(76694199,'Samuel','Worsnop','2004-03-04','M','Y','U11','U11 Black Gungahlin Power'),(76694272,'Thomas','Worsnop','2006-09-09','M','Y','U9','U9 Force'),(76694520,'Cristian','Foxhill','2007-12-26','M','Y','U8','U8 Dinosaurs'),(76697234,'Ella','Braban','2004-05-12','F','Y','U11','U11 White Great Whites'),(76702406,'Mitchell','Cunliffe','2007-08-03','M','Y','U8','U8 Emus'),(76703388,'Nico','COOMBER','2001-01-13','M','Y','U15','U15 Div 1 Boys'),(76720663,'Ryder','Smith','2009-01-15','M','Y','U6','U6 Lion Cubs'),(76747625,'Nicholas','Taurasi','2005-03-09','M','Y','U10','U10 White Gungahlin Cyclones'),(76751536,'Finn','Anderson','2003-07-08','M','Y','U12','U12 Div 1 Thunder'),(76758515,'Aleksandar','Cvetkovski','2008-09-10','M','Y','U7','U7 Mater'),(76764372,'Hugo','Kat','2002-04-07','M','Y','U13','U13 Div 1 Boys'),(76766575,'Armand','Kat','2004-03-12','M','Y','U11','U11 White Gungahlin Galaxy'),(76771203,'Tara','Webster','1988-04-09','F','Y','SEN','Seniors'),(76780865,'Matilda','Semmens','2007-02-27','F','Y','U8','U8 Pink All Stars'),(76782259,'Matthew','Wilding','1985-01-08','M','Y','MDIV9','Mens Div 9'),(76788645,'Sean','Anderson','2000-10-06','M','Y','U15','U15 Div 1 Boys'),(76788827,'Taylor','Lewis','2003-02-17','M','Y','U12','U12 Div 1 Thunder'),(76789726,'Cooper','Power','2008-10-26','M','Y','U7','U7 Alladins'),(76790161,'Alexander','Lawson','2008-01-07','M','Y','U8','U8 Guards'),(76796309,'Rhianon','McDonald','1993-10-27','F','Y','SEN','Seniors'),(76799295,'Anthony','Bebek','2005-08-08','M','Y','U10','U10 Blue Gungahlin Warriors'),(76800275,'RAFAEL','PAREDES','2008-10-20','M','Y','U7','U7 Lightning McQueen'),(76804384,'Oliver','Brotherson','2007-11-10','M','Y','U8','U8 Bears'),(76807585,'Ryley','Perman','2008-07-06','M','Y','U7','U7 Dinosaurs'),(76809219,'Harvey','Bird','2008-05-28','M','Y','U7','U7 Alladins'),(76809698,'Travis','Thurston','1971-08-29','M','Y','SEN','Seniors'),(76810118,'Hannah','Macri','2000-08-24','F','Y','U17','U17 WPL'),(76816891,'Kristian','Zilic','2009-02-09','M','Y','U7','U7 Lightning McQueen'),(76819465,'Sachin','WEERASINGHE','2007-11-01','M','Y','U8','U8 Dinosaurs'),(76825462,'James','Morris','2007-08-29','M','Y','U8','U8 Bears'),(76826486,'Amav','Shrestha','2007-08-16','M','Y','U8','U8 Dinosaurs'),(76831924,'William','Laggner','2007-05-22','M','Y','U8','U8 Thunder'),(76834845,'Elise','Fisher','2003-01-24','F','Y','U12','U12 Div 1 Thunder'),(76835586,'Giuseppe','Di Iulio','2007-09-18','M','Y','U8','U8 Sharks'),(76840966,'Reegan','Sansom','1999-05-28','F','Y','U18','U18 Div 2 Girls'),(76846062,'Hamza','Muhammad','2007-04-12','M','Y','U9','U9 Octopus'),(76848985,'Lachlan','Heycox','2008-05-07','M','Y','U7','U7 Bunnies'),(76850460,'Diego','Risco-Ramirez','2007-03-26','M','Y','U8','U8 Dinosaurs'),(76853357,'Jackson','Semenas','2007-09-10','M','Y','U8','U8 Stingrays'),(76855063,'Charlotte','Hammond','2006-05-22','F','Y','U9','U9 Swifts'),(76855469,'Zackary','Porter','2008-10-10','M','Y','U7','U7 Raptors'),(76856996,'Toby','Scanes','2007-12-13','M','Y','U8','U8 Monkeys'),(76857184,'Andrew','D\'ambrosio','1999-04-29','M','Y','U16','U16 Div 1 Boys'),(76857366,'Jasper','Bouma','2008-12-02','M','Y','U7','U7 Strikers'),(76859818,'Harrison','Freer','2008-07-31','M','Y','U7','U7 Raptors'),(76861871,'Ethan','Pennifold','2004-09-26','M','Y','U11','U11 Blue Gungahlin Fury'),(76861970,'joshua','wickham','2007-01-30','M','Y','U9','U9 All Stars'),(76862010,'Darcy','Neisler Mckeon','2004-11-26','M','Y','U11','U11 Blue Gungahlin Fury'),(76867043,'Charlie','Rae','2008-03-18','M','Y','U8','U8 Bears'),(76871490,'Nicholas','Coffey','1999-12-09','M','Y','U16','U16 Div 1 Boys'),(76873199,'Ryan','Griffin','2008-07-21','M','Y','U7','U7 Lightning McQueen'),(76874387,'Krishna','Gupta','2008-04-21','M','Y','U7','U7 Raptors'),(76874403,'Nicolas','Bell','2002-11-25','M','Y','U13','U13 Div 2 Boys'),(76878933,'Matthew','Styles','1985-12-08','M','Y','SEN','Seniors'),(76879824,'Mark','Simmons','2006-08-30','M','Y','U9','U9 Strikers'),(76879840,'Mathew','Simmons','2007-12-20','M','Y','U8','U8 Stingrays'),(76893213,'MARCUS','LIVANOS','2004-07-04','M','Y','U11','U11 Blue Gungahlin Fury'),(76893585,'Oliver','Palmer','2007-10-08','M','Y','U8','U8 Monkeys'),(76896935,'Aaron','McGivern','2006-01-31','M','Y','U9','U9 Redbacks'),(76912344,'Samuel','Wetherspoon','2006-02-01','M','Y','U10','U10 Black Gungahlin Eagles'),(76924976,'Aidan ','Williams','2007-09-27','M','Y','U8','U8 Bears'),(76963883,'Luke','Zovak','2002-09-03','M','Y','U13','U13 Div 1 Boys'),(76972413,'Toby','Watson','2006-09-16','M','Y','U9','U9 Force'),(76978816,'Riley','Moon','2007-07-23','M','Y','U9','U9 Strikers'),(76979624,'Indygo','Prebble','2004-04-02','F','Y','U11','U11 White Great Whites'),(76998673,'Sebastian','Hannemann','2008-01-26','M','Y','U8','U8 Strikers'),(77037018,'Brandon','Borjeson','2006-05-01','M','Y','U9','U9 Crabs'),(77037430,'Imogen','Morse','2008-01-04','F','Y','U7','U7 Pink Strikers'),(77059632,'Thomas','McCourt','2006-10-07','M','Y','U9','U9 Strikers'),(77076909,'Eh Ta','Mwe','2000-01-17','M','Y','U15','U15 Div 1 Boys'),(77077469,'Ni Doh','Htoo','2000-05-21','M','Y','U15','U15 Div 1 Boys'),(77080299,'Samir','Da Cruz','1994-02-24','M','Y','SEN','Seniors'),(77129518,'Rayan','Alsubaie','2000-08-20','M','Y','U15','U15 Div 2 Boys'),(77144335,'Harrison','Cracknell','2004-06-27','M','Y','U11','U11 Green Gungahlin Strikers'),(77188001,'Ethan','Corby','2007-12-19','M','Y','U8','U8 Dinosaurs'),(77226835,'Devlyn','Colwill','2005-06-21','M','Y','U10','U10 Green Gungahlin Roar'),(77228567,'Ethan','Russell','2006-01-28','M','Y','U10','U10 Red Gungahlin Tornadoes'),(77322915,'Charles','Cannon','2007-05-15','M','Y','U8','U8 Strikers'),(77355774,'Teddy','Peters','1987-09-22','M','Y','SEN','Seniors'),(77358505,'Finn','Brown','2003-01-02','M','Y','U13','U13 Div 2 Boys'),(77431062,'Zachary','Simpson','2007-08-23','M','Y','U8','U8 Emus'),(77445278,'Yianni','Contis','2007-11-09','M','Y','U8','U8 Thunder'),(77460236,'Jordan','Moustakas','2008-01-16','M','Y','U7','U7 Chicken Little'),(77463222,'Oscar','Piper','2008-01-30','M','Y','U7','U7 Galaxy'),(77467058,'Curtis','Medhurst','1998-08-23','M','Y','U18','U18 Div 1 Boys'),(77470466,'Blake','Eggerton','2008-11-24','M','Y','U7','U7 Alladins'),(77473478,'Harvey','Jaques','2008-10-21','M','Y','U7','U7 Sharks'),(77474484,'Liam','Russell','2008-07-18','M','Y','U7','U7 Tarzan'),(77476679,'Thomas','Philpott','2005-12-26','M','Y','U9','U9 Tornadoes'),(77479954,'Sebastian','Kos','2008-02-02','M','Y','U7','U7 Tigers'),(77489128,'Charlie','Kivela','2005-06-17','M','Y','U10','U10 Green Gungahlin Phoenix'),(77531754,'Zac','Peelgrane','2006-08-22','M','Y','U9','U9 Force'),(77533982,'Trivesh','Benny','2003-05-16','M','Y','U13','U13 Div 3 Boys'),(77539138,'James','Nguyen','2008-01-28','M','Y','U7','U7 Rockets'),(77542025,'Kevin','Ying','2007-07-19','M','Y','U8','U8 Penguins'),(77542447,'Leonardo','Levi-Malouf','2006-01-13','M','Y','U10','U10 Red Gungahlin Blizzard'),(77557668,'Riley','Puttock','2004-11-25','M','Y','U11','U11 White Gungahlin Gunners'),(77570943,'Jacob','Ramsay','2007-11-20','M','Y','U8','U8 Strikers'),(77608123,'Kalp','Pandya','2008-02-17','M','Y','U8','U8 Kangaroos'),(77660744,'Callum','Harvey','2009-09-28','M','Y','U6','U6 Scarecrows'),(77692879,'Toby','Miller','2008-11-04','M','Y','U7','U7 Tigers'),(77732584,'Somer','Gellatly','2002-02-02','F','Y','U14','U14 Div 3 Girls'),(77759421,'Benjamin','Cracknell','2007-05-21','M','Y','U8','U8 Dinosaurs'),(77775187,'AARIZ','GIRI','2009-07-23','M','Y','U6','U6 Hulks'),(77794758,'Sally','Kiss','2007-04-01','F','Y','U8','U8 Pink All Stars'),(77811321,'Fawaz','Alsubaie','2003-04-25','M','Y','U12','U12 Div 3 Hurricanes'),(77821072,'Sean','Singh','2009-10-06','M','Y','U6','U6 Goofy'),(77821320,'Jack ','Brown','2009-01-10','M','Y','U7','U7 Bunnies'),(77821791,'Harrison','Labouchardiere','2007-11-22','M','Y','U8','U8 Vipers'),(77823649,'Farhad','Abdi','1999-06-24','M','Y','U16','U16 Div 2 Boys'),(77823722,'Peyman','Abdi','2007-05-06','M','Y','U8','U8 Bandicoots'),(77823755,'Peyam','Abdi','2007-05-06','M','Y','U8','U8 Bandicoots'),(77825115,'Rhys','Hewitt','2009-05-14','M','Y','U6','U6 Mater'),(77825693,'Millar','Wynwood','2008-09-24','M','Y','U7','U7 Dinosaurs'),(77827384,'Vincent ','Trenka','2008-01-26','M','Y','U7','U7 Ninjas'),(77828283,'Abighna','Pyakurel','2004-02-10','M','Y','U12','U12 Div 3 Storm'),(77828622,'Declan','Bardouille Thompson','2005-09-02','M','Y','U10','U10 White Gungahlin Cyclones'),(77831097,'Pinak','Limaye','2002-03-28','M','Y','U13','U13 Div 2 Boys'),(77835940,'Dante','Catanzariti','2006-05-15','M','Y','U9','U9 Crabs'),(77838597,'Alexei','Contis','2009-04-07','M','Y','U7','U7 Lion King'),(77840882,'YUSUF','AL-SAMADI','2009-04-23','M','Y','U6','U6 Skylanders'),(77848240,'Xavier','Fergus','2008-08-28','M','Y','U7','U7 Tarzan'),(77859213,'Jordan','Toth','2007-12-18','M','Y','U8','U8 Vipers'),(77861367,'Clynt','Jarvis','2007-12-27','M','Y','U8','U8 Kangaroos'),(77861383,'Shaun','Jarvis','2009-05-25','M','Y','U6','U6 Buzz Lightyear'),(77870053,'Oliver','Lawrence','2008-12-04','M','Y','U7','U7 Bunnies'),(77875623,'charlie','connor','2003-03-05','M','Y','U12','U12 Div 2 Cyclones'),(77876308,'Jasmine','Chong','2002-03-06','F','Y','U14','U14 Div 3 Girls'),(77878882,'Andrew','Jung','2001-02-15','M','Y','U15','U15 Div 3 Boys Blue'),(77885150,'Isaac','Burns','2008-04-16','M','Y','U7','U7 Spiders'),(77885499,'Juliet ','Burns','2009-08-24','F','Y','U6','U6 Transformers'),(77890960,'Ryan','Zhang','2007-02-03','M','Y','U9','U9 Turtles'),(77892511,'Rahat','Majumder','1992-08-10','M','Y','MDIV9','Mens Div 9'),(77893378,'Zander','Harte','2008-09-25','M','Y','U7','U7 Spirits'),(77943082,'Logan','Palombi','2009-07-01','M','Y','U6','U6 Cobras'),(77951184,'Alex','Ruhfus','2009-03-15','M','Y','U6','U6 Bullseye'),(77973691,'dario','soldo','2009-02-28','M','Y','U6','U6 Toy Story'),(77979250,'Akash','Mishra','2008-09-10','M','Y','U7','U7 Galaxy'),(77981868,'Abel','Kahsay','2005-04-24','M','Y','U10','U10 Blue Gungahlin Warriors'),(77997849,'ALEKSA','STOJANOVIC','2006-03-23','M','Y','U9','U9 Strikers'),(77998003,'Thomas','Wyers','2001-03-06','M','Y','U14','U14 Div 2 Boys'),(78010378,'BAILEY','SULLIVAN','2008-04-10','M','Y','U8','U8 Dinosaurs'),(78012242,'Michael','Bartlett','2007-09-26','M','Y','U8','U8 Bandicoots'),(78012648,'Anthony ','Dean','2009-01-06','M','Y','U6','U6 Scarecrows'),(78014966,'Jack','Marshall','2008-08-13','M','Y','U7','U7 Tigers'),(78017340,'Nicholas','Van Bael','2009-04-16','M','Y','U6','U6 Hulks'),(78020724,'Ariana','Dzaferagic','2006-05-17','F','Y','U9','U9 Swifts'),(78031366,'Chiara','Nunes','2005-10-26','F','Y','U10','U10 White Gungahlin Gazelles'),(78031499,'Siena','Nunes','2007-10-17','F','Y','U8','U8 Pink All Stars'),(78036126,'Mohamed','Bah','2007-04-24','M','Y','U8','U8 Thunder'),(78037280,'Chloe','Fogg','2008-09-03','F','Y','U7','U7 Pink Strikers'),(78037967,'ashika ','kumaR','2003-05-18','F','Y','U12','U12 Div 2 Girls'),(78038122,'Amrita','kumaR','2005-01-28','F','Y','U11','U11 White Gungahlin Whirlwinds'),(78045143,'Brody','Leemhuis','2007-01-30','M','Y','U9','U9 All Stars'),(78048758,'Luke','Zamoyta','2006-08-08','M','Y','U9','U9 All Stars'),(78049244,'Erika','Lollback','1976-09-17','F','Y','SEN','Seniors'),(78051455,'Jayden','Casey','2002-02-09','M','Y','U13','U13 Div 3 Boys'),(78086386,'Cohen','Moir','2009-06-23','M','Y','U6','U6 Cobras'),(78098704,'Sebastian ','Czoban','2008-11-27','M','Y','U7','U7 Dinosaurs'),(78101011,'Harry','Parton','2007-12-05','M','Y','U8','U8 Penguins'),(78115540,'Patrick','McLaughlin','2009-05-09','M','Y','U6','U6 Transformers'),(78119179,'Jordan','Flynn','2009-08-12','M','Y','U6','U6 Cobras'),(78123593,'Zander ','Newman','2007-10-24','M','Y','U8','U8 Strikers'),(78126422,'Anirudh','Akkenapalli','2007-11-09','M','Y','U8','U8 Stingrays'),(78128030,'Mitchell','Hellwig','2006-09-14','M','Y','U9','U9 Hurricanes'),(78140993,'Nathan','Griffiths','2006-07-24','M','Y','U9','U9 Lightning'),(78141611,'Mitchel','Berry','2003-09-15','M','Y','U12','U12 Div 3 Hurricanes'),(78141918,'Imogen','Church','2004-04-16','F','Y','U11','U11 White Great Whites'),(78142759,'Baxter','Goolagong-doerfling','2007-07-19','M','Y','U8','U8 Stingrays'),(78148475,'Alexander','Marek','2007-11-23','M','Y','U8','U8 Guards'),(78157955,'Madelynne','Dettmer','2008-04-30','F','Y','U7','U7 Purple Ponies'),(78158151,'Hunter','Dettmer','2009-10-08','M','Y','U6','U6 Hulks'),(78159811,'Lucas','Jeffrey','2009-10-14','M','Y','U6','U6 Pluto'),(78165065,'Jonn-Pierre','Coetzee','2008-12-02','M','Y','U7','U7 Mater'),(78180361,'Jacob','Ronzano','2005-11-05','M','Y','U10','U10 Red Gungahlin Blizzard'),(78181872,'Emma','Williams','2009-09-15','F','Y','U6','U6 Transformers'),(78184793,'Lachlan','Sartori','2010-01-17','M','Y','U5','U5 Blues Clues'),(78189131,'Ronin','Naumovski','2009-03-18','M','Y','U6','U6 Transformers'),(78197068,'Zaak','Rankine','2004-09-10','M','Y','U11','U11 White Gungahlin Galaxy'),(78228194,'Bradley','McCluskey','2009-06-30','M','Y','U6','U6 Cobras'),(78233400,'Nathan','Spencer','2009-08-01','M','Y','U6','U6 Hulks'),(78245818,'Jacqueline','Michel','2000-07-28','F','Y','U18','U18 Div 2 Girls'),(78258282,'Elijah','Simpson','2009-09-18','M','Y','U6','U6 Cobras'),(78258738,'Eden','Rodda','2009-01-19','F','Y','U7','U7 Raptors'),(78259439,'Zachary','Meade','2004-07-04','M','Y','U11','U11 Blue Gungahlin Glory'),(78265402,'Cooper','George','2009-01-27','M','Y','U7','U7 Alladins'),(78269644,'Hamish','Dwyer','2007-07-27','M','Y','U8','U8 Vipers'),(78272341,'Arran','Cocks','2006-02-09','M','Y','U10','U10 Red Gungahlin Tornadoes'),(78273661,'Massimo','Guarino','2009-09-04','M','Y','U6','U6 Bullseye'),(78276128,'Niraj','Prasad','2009-10-03','M','Y','U6','U6 Lion Cubs'),(78280880,'Maddie','Bindon-Howell','2009-01-08','F','Y','U7','U7 Raptors'),(78286762,'GAUTAM','THRIMURTHY','2007-10-03','M','Y','U8','U8 Bandicoots'),(78286895,'Raymond','Choi','2007-12-27','M','Y','U8','U8 Monkeys'),(78289972,'Antonio','Sergi','2009-02-13','M','Y','U6','U6 Goofy'),(78290277,'Deakan','Knight','2009-12-28','M','Y','U5','U5 Blues Clues'),(78309564,'Kyan','Reggente','2009-05-24','M','Y','U6','U6 Buzz Lightyear'),(78319001,'Monica','Taylor','2002-10-11','F','Y','U14','U14 Div 3 Girls'),(78331428,'Mia','Simunec','2004-09-16','F','Y','U11','U11 White Great Whites'),(78331576,'Shiyamar','Sivapatham','2001-07-08','M','Y','U14','U14 Div 2 Boys'),(78334752,'Luca','Giorgi','2007-12-26','M','Y','U8','U8 Monkeys'),(78336344,'aocheng','liu','2007-11-02','M','Y','U8','U8 Cheetahs'),(78337003,'Theodore','Saunders','2006-03-20','M','Y','U9','U9 Hurricanes'),(78342581,'Cooper','Barker','2010-03-11','M','Y','U5','U5 Blues Clues'),(78346152,'Sebastian','Bardelang','2008-01-31','M','Y','U8','U8 Sharks'),(78346756,'Luka','Jukic','2008-05-22','M','Y','U7','U7 Spirits'),(78347036,'Jason','Semple','2007-09-25','M','Y','U8','U8 Thunder'),(78353588,'Oliver','Kos','2009-10-20','M','Y','U6','U6 Happy Feet'),(78353984,'Lukas','James','2008-04-04','M','Y','U7','U7 Bunnies'),(78358835,'Noah','Kim','2008-02-28','M','Y','U7','U7 Mater'),(78361185,'Thomas','Athiyalil','2005-08-24','M','Y','U10','U10 Blue Gungahlin Warriors'),(78361391,'Thasaangan','Dhevarajah','2002-05-29','M','Y','U13','U13 Div 2 Boys'),(78362647,'Ryley','Power','2010-04-27','M','Y','U5','U5 Blues Clues'),(78365590,'Harry','Schofield','2008-09-10','M','Y','U7','U7 Strikers'),(78368172,'Jackson','Wight','2010-02-15','M','Y','U5','U5 Blues Clues'),(78368842,'Archie ','Phillips','2004-09-17','M','Y','U11','U11 Blue Gungahlin Glory'),(78372240,'Callum','Youngson','2009-08-10','M','Y','U6','U6 Skylanders'),(78372281,'Alessandro','Trimboli','2008-10-27','M','Y','U7','U7 Spiders'),(78373495,'John','Di Iulio','2009-09-11','M','Y','U6','U6 Lion Cubs'),(78375730,'Darcy','Morris','2009-02-16','M','Y','U7','U7 Strikers'),(78375979,'Lucas','Fountain','2009-01-22','M','Y','U7','U7 Spiders'),(78377769,'Adam','Speers','1986-10-01','M','Y','MDIV9','Mens Div 9'),(78379617,'Tara','Holmes','2009-03-10','F','Y','U7','U7 Pink Strikers'),(78381241,'Bailey','Vidler','2007-08-22','M','Y','U8','U8 Bears'),(78381613,'Lily','Martinez','2004-01-06','F','Y','U12','U12 Div 2 Girls'),(78383981,'Emmanuel','Navarro- Bustos','2005-09-22','M','Y','U11','U11 Red Gungahlin Guards'),(78387453,'Pierce','Baesjou','2007-12-21','M','Y','U8','U8 Stingrays'),(78388451,'Georgia','Patterson','2008-12-26','F','Y','U7','U7 Alladins'),(78389954,'Justin','Oliver','2004-11-13','M','Y','U11','U11 Blue Gungahlin Fury'),(78390192,'Santiago','Guy','2007-10-17','M','Y','U8','U8 Monkeys'),(78392693,'Jackson','Brown','2007-07-26','M','Y','U8','U8 Spiders'),(78392966,'Camille','Jiang','2008-05-06','F','Y','U7','U7 Purple Ponies'),(78393949,'Chloe','Barker','2006-07-12','F','Y','U9','U9 Swifts'),(78394558,'Harry','Triggs','2009-07-15','M','Y','U6','U6 Transformers'),(78397791,'Ryland','Bonnar','2008-05-30','M','Y','U8','U8 Bears'),(78398898,'Noah','Stocks','2008-10-16','M','Y','U7','U7 Spiders'),(78399524,'Cathy','McGowan','1977-08-06','F','Y','SEN','Seniors'),(78401056,'Daniel','Turcic','2009-12-21','M','Y','U6','U6 Happy Feet'),(78407608,'Jackson','Ramage','2006-08-06','M','Y','U9','U9 Sea Lions'),(78407616,'Logan','Ramage','2009-03-18','M','Y','U6','U6 Scarecrows'),(78410289,'Samuel','Craig','2010-03-29','M','Y','U5','U5 Tigers'),(78410875,'Conor','McGee','2000-11-03','M','Y','U15','U15 Div 2 Boys'),(78411246,'William','Craig','2007-11-21','M','Y','U8','U8 Guards'),(78416005,'Connor','Huang','2009-05-05','M','Y','U6','U6 Transformers'),(78416732,'Antonio','Franco','2006-03-17','M','Y','U10','U10 White Gungahlin Storm'),(78418753,'Hanad','Mohamed','1999-11-07','M','Y','U16','U16 Div 2 Boys'),(78421385,'Arul','Sharma','2003-06-13','M','Y','U12','U12 Div 3 Storm'),(78430873,'Benji','England','2009-12-26','M','Y','U6','U6 Buzz Lightyear'),(78439825,'Aaryan','Chand','2008-09-01','M','Y','U7','U7 Invaders'),(78444080,'Grace','Prior','2008-08-18','F','Y','U7','U7 Purple Ponies'),(78445046,'lucas','olive','2009-01-28','M','Y','U6','U6 Bullseye'),(78450657,'Sithma','Gunawardena','2002-05-06','M','Y','U13','U13 Div 3 Boys'),(78461126,'Rana','Shaeel','2009-01-05','M','Y','U7','U7 Incredibles'),(78461514,'Aymen','Altayib','1999-01-25','M','Y','U16','U16 Div 2 Boys'),(78463551,'William','Maciver','2008-11-27','M','Y','U7','U7 Ninjas'),(78464039,'Tanveer','Lohat','2003-10-02','M','Y','U12','U12 Div 3 Typhoons'),(78468527,'Zariel','Findlay-Steele','1993-04-11','M','Y','SEN','Seniors'),(78491172,'Asher','Jones','2008-02-04','M','Y','U8','U8 Stingrays'),(78498987,'Flynn','Bleasdale','2008-12-18','M','Y','U7','U7 Bunnies'),(78528601,'James','Boulcott','1992-10-25','M','Y','TBA','TBA'),(78544038,'Jessica','Holmes','2000-05-09','F','Y','U16','U16 Div 2 Girls'),(78551835,'Kenya','Kurniadi','2004-09-19','M','Y','U11','U11 Blue Gungahlin Glory'),(78560737,'NATHAN','NGUYEN','2004-04-15','M','Y','U11','U11 Blue Gungahlin Glory'),(78581055,'Matheus','Simonin Leite Nunes','2007-02-14','M','Y','U9','U9 Lightning'),(78616588,'Tomislav','Matic','2009-07-13','M','Y','U6','U6 Happy Feet'),(78624053,'Lara','Morgan-Fraser','1998-09-15','F','Y','U18','U18 Div 2 Girls'),(78630415,'Lucy','Tanner','2008-06-14','F','Y','U7','U7 Raptors'),(78645074,'Alex','Watt','2005-10-11','M','Y','U10','U10 Green Gungahlin Roar'),(78645157,'Lauren','Watt','2007-04-29','F','Y','U9','U9 Dolphins'),(78657723,'Adi','Dewanjee','2010-02-07','M','Y','U6','U6 Hulks'),(78661824,'Riley','Hankin','2009-10-12','M','Y','U6','U6 Buzz Lightyear'),(78665361,'Kai','Podlesak','2009-08-26','M','Y','U6','U6 Lion Cubs'),(78679966,'Zac','Tuddenham','2007-09-04','M','Y','U8','U8 Monkeys'),(78689932,'Miguel','Corling','2008-01-19','M','Y','U8','U8 Sharks'),(78690351,'Abdualrahman','Hizam','2008-07-07','M','Y','U7','U7 Tigers'),(78691524,'Justin','Chen','1998-01-25','M','Y','U18','U18 Div 1 Boys'),(78694536,'Hollie','Darragh','2010-01-22','F','Y','U5','U5 Soccer Stars'),(78702479,'Shivek','Mudaliar','2010-03-25','M','Y','U5','U5 Tigers'),(78709581,'Joshua','Jenkins','2009-06-13','M','Y','U6','U6 Scarecrows'),(78718020,'Brandon','Bailie','2009-02-27','M','Y','U7','U7 Mater'),(78727658,'Tom','Manns','2004-07-01','M','Y','U11','U11 Green Gungahlin Strikers'),(78728763,'Oliver','Russell','2000-04-13','M','Y','U15','U15 Div 3 Boys Gold'),(78742012,'Tiarna','Ruberto','2008-02-12','F','Y','U8','U8 Butterflys'),(78747078,'Logan','Broomfield','2010-05-31','M','Y','U6','U6 Pluto'),(78747961,'Allaster','Oreo','2009-03-24','M','Y','U6','U6 Mater'),(78749736,'Keaton','Li Chiang','2009-10-20','M','Y','U6','U6 Mater'),(78751229,'Blake','Sixsmith','2009-09-18','M','Y','U6','U6 Mater'),(78753803,'Brody','Stefanac','2006-04-26','M','Y','U10','U10 White Gungahlin Storm'),(78766227,'Lincoln','West','2009-01-31','M','Y','U7','U7 Lightning McQueen'),(78779782,'Sebastian','Barresi','2008-09-03','M','Y','U7','U7 Chicken Little'),(78782026,'Kai','McEwan','2008-05-26','M','Y','U7','U7 Chicken Little'),(78784634,'Ethan','Perkins','2007-09-11','M','Y','U8','U8 Penguins'),(78786050,'Aryaan','Khan','2006-06-29','M','Y','U9','U9 Thunder'),(78795093,'Austin','Xu','2008-12-01','M','Y','U7','U7 Spiders'),(78801941,'Bailey','Gablonski','2006-06-09','M','Y','U9','U9 Lightning'),(78802121,'ruan','hennig','2005-01-12','M','Y','U10','U10 Green Gungahlin Roar'),(78822129,'Xavier','Phan-Bowman','2009-09-09','M','Y','U6','U6 Lion Cubs'),(78826906,'SMJahid','Mahedi','1980-01-01','M','Y','SEN','Seniors'),(78840741,'Ethan','Gregory','2009-02-11','M','Y','U7','U7 Bugs Life'),(78850526,'Nikolas','Aves','2005-05-09','M','Y','U11','U11 Blue Gungahlin Glory'),(78865730,'Eric','Tran','2008-03-30','M','Y','U7','U7 Lion King'),(78867850,'Timothy','Hall','1987-07-01','M','Y','MDIV9','Mens Div 9'),(78868262,'lucas','korab','2009-02-17','M','Y','U8','U8 Guards'),(78868643,'jacob','korab','2007-10-13','M','Y','U8','U8 Guards'),(78881141,'Maia','Pratt','2009-09-03','F','Y','U6','U6 Transformers'),(78882222,'zayan','chowdhury','2005-12-17','M','Y','U10','U10 Blue Gungahlin Whitetails'),(78896636,'Boston','Ljevak','2008-06-23','M','Y','U7','U7 Sharks'),(78913472,'Luka','Radic','2008-11-15','M','Y','U7','U7 Sharks'),(78974706,'Mackenzie','Dugdale','2009-02-03','F','Y','U6','U6 Transformers'),(78978657,'Molly','Macleod','2007-06-19','F','Y','U9','U9 Swifts'),(78978665,'Brooklyn','Macleod','2009-09-24','F','Y','U7','U7 Sharks'),(78983525,'Eva','Ellenberg','2008-04-01','F','Y','U7','U7 Bumble Bees'),(78984820,'Prudence','Harlock','2008-01-24','F','Y','U7','U7 Bumble Bees'),(78987146,'Vincika','Hapuarachchige','1999-02-10','M','Y','U16','U16 Div 2 Boys'),(78994894,'Lachlan','Newman','2009-10-09','M','Y','U7','U7 Monsters Inc'),(79013371,'Alsamandal','Awad','2001-11-16','M','Y','U14','U14 Div 1 Boys'),(79030573,'Donkor','Addai','2003-09-07','M','Y','U12','U12 Div 3 Typhoons'),(79031035,'Matthew','Philpott','2008-12-17','M','Y','U7','U7 Tarzan'),(79049102,'Saurav','Acharjee','1978-04-25','M','Y','SEN','Seniors'),(79057253,'Prajeet','Vardarajan','2008-03-03','M','Y','U7','U7 Lion King'),(79063574,'Nathaniel','Saemo','2006-12-21','M','Y','U9','U9 Whales'),(79075909,'jon','sarris','2009-04-14','M','Y','U6','U6 Goofy'),(79085486,'Lily','Brown','2007-07-29','F','Y','U8','U8 Pink All Stars'),(79091187,'Jacob','Sajler','2008-07-25','M','Y','U7','U7 Incredibles'),(79092458,'Isaac','Di Iulio','2009-07-14','M','Y','U7','U7 Galaxy'),(79099768,'Ayman','Haidar','2008-07-15','M','Y','U7','U7 Invaders'),(79110466,'Max','Farmer-Beasley','2002-11-24','M','Y','U13','U13 Div 2 Boys'),(79182762,'Ryan','Rahman','2006-10-29','M','Y','U9','U9 Lightning'),(79182770,'Rohan','Rahman','2008-01-06','M','Y','U7','U7 Monsters Inc'),(79183885,'Cooper','Sheehan','2009-02-06','M','Y','U7','U7 Galaxy'),(79210209,'Fuad','Abdi','1987-07-16','M','Y','SEN','Seniors'),(79228243,'Aidan','Sloan','2006-08-15','M','Y','U9','U9 Force'),(79239976,'Kye','Peelgrane','2008-02-21','M','Y','U7','U7 Spiders'),(79251112,'Orlando','Franco','2009-01-27','M','Y','U7','U7 Chicken Little'),(79253050,'Sophie','Gobbitt','2007-07-27','F','Y','U8','U8 Butterflys'),(79253118,'Nadia','Zakman','2006-09-06','F','Y','U9','U9 Butterflys'),(79254801,'Ahmad','Jadeer','1972-12-20','M','Y','SEN','Seniors'),(79254819,'Kieran','Howroyd','1989-08-25','M','Y','SEN','Seniors'),(79261319,'Sonny','Lauvao','2009-01-17','M','Y','U6','U6 Strikers'),(79263877,'Teagan','Exposito','1987-09-23','F','Y','SEN','Seniors'),(79265617,'Dylan','Wallace','1993-09-14','M','Y','SEN','Seniors'),(79287090,'Fateh','Brar','2003-09-17','M','Y','U12','U12 Div 1 Lightning'),(79288437,'Thomas','Nokham','2006-08-05','M','Y','U9','U9 Lightning'),(79291035,'Sebastian ','Paragalli','2009-05-30','M','Y','U6','U6 Goofy'),(79292181,'Colin','Copeland','1971-06-20','M','Y','SEN','Seniors'),(79299921,'Rishi','Jhunjhunwala','2007-02-09','M','Y','U9','U9 Crabs'),(79309076,'Rhys','Peelgrane','2010-01-18','M','Y','U6','U6 Happy Feet'),(79341624,'Connor','Sibraa','2011-02-05','M','Y','U5','U5 Dinosaurs'),(79371753,'Dylan ','Silcocks','2006-01-13','M','Y','U10','U10 Black Gungahlin Falcons'),(79386611,'Joshua','Avila','1992-01-09','M','Y','SEN','Seniors'),(79415659,'Fahad','Alsubaie','2007-07-11','M','Y','U8','U8 Penguins'),(79416434,'Ethan','Wombwell','2002-09-21','M','Y','U13','U13 Div 1 Boys'),(79419016,'MANINDRA','DE MEL','2004-03-03','M','Y','U11','U11 Green Gungahlin Strikers'),(79419388,'Weylin','Turnbull','2008-02-18','M','Y','U7','U7 Invaders'),(79419453,'Simeon','Omosigho','2010-01-17','M','Y','U6','U6 Pluto'),(79422309,'Prashant','Ghimire','2001-08-25','M','Y','U15','U15 Div 3 Boys Blue'),(79423794,'Nikola','Susic','2004-04-09','M','Y','U11','U11 Black Gungahlin Power'),(79425294,'Coco','Barkle','2010-06-11','F','Y','U5','U5 Tinkerbell'),(79425690,'Shawn','Michael','1997-02-24','M','Y','U18','U18 Div 1 Boys'),(79431219,'Kirollos','Guirguis','2006-07-24','M','Y','U9','U9 Tornadoes'),(79431235,'Oscar','Harrison','2002-11-30','M','Y','U13','U13 Div 3 Boys'),(79433439,'Charlize','Mangin','2008-01-25','F','Y','U7','U7 Pink Strikers'),(79434064,'Angadbir','Singh','2006-11-17','M','Y','U9','U9 Turtles'),(79434320,'Alex','Catanzariti','2009-11-21','M','Y','U6','U6 Skylanders'),(79435152,'Izaah','Lee','2007-10-23','M','Y','U8','U8 Bandicoots'),(79444089,'David','Hwang','2002-09-02','M','Y','U14','U14 Div 3 Boys'),(79444923,'Joseph','Fahim','2001-10-30','M','Y','U14','U14 Div 1 Boys'),(79444931,'Daniel','Fahim','2006-11-14','M','Y','U9','U9 Crabs'),(79448403,'Jared','Mathie','2004-04-12','M','Y','U11','U11 Black Gungahlin Power'),(79448643,'Caden','Mathie','2010-03-20','M','Y','U5','U5 Little Diggers'),(79450425,'Gianni','Spinelli','2010-06-13','M','Y','U5','U5 Frogs'),(79452207,'Angus ','Kinloch','2000-09-08','M','Y','U15','U15 Div 2 Boys'),(79453403,'Layla','Anderson','2005-08-26','F','Y','U10','U10 White Gungahlin Gazelles'),(79458493,'Montana','Borjeson','2002-10-28','F','Y','U14','U14 Div 3 Girls'),(79459970,'Chris','Lemezina','1988-09-19','M','Y','SEN','Seniors'),(79460911,'Massimo','La Vista','2010-11-15','M','Y','U5','U5 Emus'),(79460937,'Sebastian','Anderson','2010-06-07','M','Y','U5','U5 Emus'),(79461059,'Evie','McConaghy','2010-10-02','F','Y','U5','U5 Tinkerbell'),(79463121,'Benjamin','Stelzer','2009-07-14','M','Y','U6','U6 Happy Feet'),(79465001,'Jesse ','Linde','2009-04-14','M','Y','U6','U6 Buzz Lightyear'),(79466348,'Byron','Bogan','2006-09-01','M','Y','U9','U9 Crabs'),(79493094,'Madeline','Hawkins','2009-05-29','F','Y','U6','U6 Starfish'),(79497558,'Jordan','Corby','2010-06-25','M','Y','U5','U5 Strikers'),(79499752,'Alex','Rose','2008-10-02','M','Y','U7','U7 Tarzan'),(79511333,'Alexandra','Rogalewski','2003-11-04','F','Y','U12','U12 Div 2 Girls'),(79511507,'Grace','Rogalewski','2008-10-27','F','Y','U7','U7 Purple Ponies'),(79515870,'Lilliana ','Saunders','2010-02-01','F','Y','U5','U5 Snow White'),(79527438,'Aiden','Vermaak','2005-10-05','M','Y','U10','U10 Black Gungahlin Eagles'),(79528261,'Johan','Jacob','2002-08-10','M','Y','U13','U13 Div 3 Boys'),(79531042,'Aimee','Floro','2010-11-14','F','Y','U5','U5 Tinkerbell'),(79539169,'Itiel','Tham','2005-07-24','M','Y','U10','U10 Blue Gungahlin Warriors'),(79539334,'Jake','Horvath','2009-10-16','M','Y','U6','U6 Buzz Lightyear'),(79539540,'Ethan','Livingston','2008-10-27','M','Y','U7','U7 Chicken Little'),(79539599,'Sydney','Livingston','2006-08-17','F','Y','U9','U9 Dolphins'),(79546164,'Abi','Moinkhah','2002-12-25','M','Y','U13','U13 Div 3 Boys'),(79549283,'Ben','Steele','2005-11-21','M','Y','U10','U10 Blue Gungahlin Warriors'),(79559886,'Zoe','Stevens','2005-10-02','F','Y','U10','U10 White Gungahlin Gazelles'),(79560025,'Ivy ','Stevens','2008-01-09','F','Y','U7','U7 Minnie Mouse'),(79562096,'Luke','Larnach','2005-05-24','M','Y','U11','U11 Black Gungahlin Force'),(79565594,'Amelia','Czoban','2005-03-09','F','Y','U10','U10 White Gungahlin Gazelles'),(79568861,'Caitlin','Linden','2008-09-27','F','Y','U7','U7 Purple Ponies'),(79570677,'Matthew','Dooley','2001-06-02','M','Y','U14','U14 Div 3 Boys'),(79570693,'Finlay','McKenzie','2007-11-11','M','Y','U8','U8 Sharks'),(79570719,'Bennet','McKenzie','2009-05-12','M','Y','U6','U6 Toy Story'),(79578084,'Callum','Maciver','2008-08-24','M','Y','U7','U7 Mater'),(79579108,'Oscar','Semmens','2010-06-23','M','Y','U5','U5 Dinosaurs'),(79586723,'Hasnain','Zeb','2005-11-28','M','Y','U10','U10 White Gungahlin Cyclones'),(79586756,'Ashar','Zeb','2009-01-11','M','Y','U7','U7 Bunnies'),(79588026,'Gabrielle','Jordan','2004-07-16','F','Y','U11','U11 White Gungahlin Whirlwinds'),(79593331,'Daniel','Howell','2003-10-10','M','Y','U12','U12 Div 3 Hurricanes'),(79593877,'Nire','Jenkinson','2006-07-05','F','Y','U9','U9 Dolphins'),(79595088,'Tanay','Dixit','2001-01-17','M','Y','U15','U15 Div 3 Boys Blue'),(79600433,'Brian','Tran','2000-07-25','M','Y','U15','U15 Div 3 Boys Blue'),(79605564,'Caleb','Matthews','2007-10-12','M','Y','U8','U8 Sharks'),(79609319,'Tobias','Robson','2006-05-19','M','Y','U9','U9 Tornadoes'),(79610135,'cooper','Radcliffe','2006-02-07','M','Y','U9','U9 Crabs'),(79610309,'Mary ','Vella','2006-12-31','F','Y','U9','U9 Dolphins'),(79614376,'Matthew','Ossitt','2002-10-31','M','Y','U13','U13 Div 2 Boys'),(79615225,'Talon','Cass-Dunbar','2005-03-23','M','Y','U10','U10 Blue Gungahlin Whitetails'),(79618047,'Samuel','Aba','2005-09-15','M','Y','U10','U10 White Gungahlin Storm'),(79619656,'YUSUF','QAEL','2009-02-02','M','Y','U6','U6 Strikers'),(79620365,'Christian','Jara','2007-09-02','M','Y','U8','U8 Strikers'),(79621363,'Riley','Thorpe','2008-09-23','M','Y','U7','U7 Dinosaurs'),(79628137,'Liam','Ford','2010-01-05','M','Y','U5','U5 Strikers'),(79633855,'Matthew','Munro','2005-02-23','M','Y','U10','U10 Black Gungahlin Falcons'),(79644316,'Samuel','Hall','2004-06-06','M','Y','U11','U11 Green Gungahlin Strikers'),(79656484,'Oliver','Hawkins','2008-11-20','M','Y','U7','U7 Tigers'),(79657458,'Hussain','Dawar','2000-01-14','M','Y','U15','U15 Div 3 Boys Blue'),(79659140,'hanseo','Eun','2007-03-31','M','Y','U8','U8 Bandicoots'),(79662987,'George','Watkins','2006-04-20','M','Y','U9','U9 Lightning'),(79663027,'Alex','Kuzma','2004-01-21','M','Y','U11','U11 Green Gungahlin Strikers'),(79664512,'Stefan','Nikolic','2010-01-03','M','Y','U5','U5 Emus'),(79665865,'Dorian','Quinn','2005-12-21','M','Y','U10','U10 Blue Gungahlin Warriors'),(79672978,'Sam','Goedecke','2003-11-10','M','Y','U12','U12 Div 3 Storm'),(79689568,'Gavin','Finch','1999-12-29','M','Y','U16','U16 Div 2 Boys'),(79689733,'Zo','Norval','1999-02-15','F','Y','U16','U16 Div 2 Girls'),(79692976,'Maira','Meza','2010-10-02','F','Y','U5','U5 Snow White'),(79694261,'Kaab','Qureshi','2005-12-14','M','Y','U10','U10 Black Gungahlin Eagles'),(79697363,'Calvin','Habtemariam','2010-08-03','F','Y','U5','U5 Dinosaurs'),(79698932,'Brock','Cuthbertson','2009-01-05','M','Y','U6','U6 Strikers'),(79701256,'Shivansh','Khanna','2005-09-15','M','Y','U10','U10 Blue Gungahlin Warriors'),(79704813,'Joshua','McCloskey','2010-06-09','M','Y','U5','U5 Tigers'),(79707568,'Gru','Han','2008-02-14','M','Y','U7','U7 Lion King'),(79711990,'Rhys','Davids','2008-03-26','M','Y','U8','U8 Dinosaurs'),(79717013,'Ashton','Small','2010-08-27','M','Y','U5','U5 Wombats'),(79723334,'JESSICA','BUCKLAR','2001-05-21','F','Y','U14','U14 Div 3 Girls'),(79725545,'Isrissa','Denkeh','2005-04-22','M','Y','U10','U10 Green Gungahlin Griffins'),(79741757,'Eli','Palmer','2010-03-26','M','Y','U5','U5 Wombats'),(79744793,'Imanthi','Fonseka','2005-04-28','F','Y','U10','U10 White Gungahlin Gazelles'),(79746251,'Bodhi','Faulkner','2010-09-13','M','Y','U5','U5 Cheetahs'),(79749677,'Lucy','Szep-Laundess','2010-01-29','F','Y','U5','U5 Snow White'),(79750006,'Timothy','Bertram','2010-03-18','M','Y','U6','U6 Mater'),(79751483,'Jack','Phillips','2005-11-11','M','Y','U10','U10 Black Gungahlin Falcons'),(79756847,'Jordan','Canevski','2004-06-05','M','Y','U11','U11 Black Gungahlin Force'),(79759601,'Joseph','Ali','2010-03-20','M','Y','U6','U6 Toy Story'),(79759668,'Aiden','Rivers','2010-01-21','M','Y','U5','U5 Tigers'),(79763660,'Henry','Roddam','2008-08-14','M','Y','U7','U7 Lion King'),(79767984,'Henry','Williams','2009-11-13','M','Y','U6','U6 Bullseye'),(79770053,'Riley','Hancock','2009-01-14','M','Y','U7','U7 Ninjas'),(79770665,'Ben','Perry','2002-06-28','M','Y','U14','U14 Div 3 Boys'),(79774766,'Luke','Goodwin','1990-11-24','M','Y','SEN','Seniors'),(79774923,'Thomas','Foxton','2007-02-02','M','Y','U9','U9 Turtles'),(79778676,'Akhil','Karthikeyan','2008-10-28','M','Y','U7','U7 Raptors'),(79779492,'Tommy','Brotherson','2009-09-09','M','Y','U6','U6 Buzz Lightyear'),(79779682,'Fletcher','Tarry','2005-01-08','M','Y','U10','U10 Black Gungahlin Eagles'),(79782918,'Priyanshu','Kumar','2005-06-21','M','Y','U10','U10 Green Gungahlin Griffins'),(79783775,'Md Saad','Quazi','2009-07-21','M','Y','U6','U6 Tarzans'),(79786752,'Tyler','Stracey','2007-01-20','M','Y','U8','U8 Bandicoots'),(79787867,'Athena','Hathiramani','2004-09-17','F','Y','U11','U11 White Gungahlin Whirlwinds'),(79790861,'Gurvir','Chahal','2004-12-13','M','Y','U11','U11 Black Gungahlin Power'),(79791083,'Arshvir','Chahal','2007-12-02','M','Y','U8','U8 Thunder'),(79796231,'Xavier','Hose','2005-11-09','M','Y','U10','U10 White Gungahlin Storm'),(79796439,'Samuel','Hose','2007-05-03','M','Y','U8','U8 Stingrays'),(79796611,'Isaac','Hose','2008-05-11','M','Y','U7','U7 Incredibles'),(79796652,'Joshua','Barnett','2008-06-13','M','Y','U7','U7 Mater'),(79797718,'Zac','Jamieson','2002-11-11','M','Y','U13','U13 Div 2 Boys'),(79798062,'Jasmine','Timmiss','2008-12-04','F','Y','U7','U7 Minnie Mouse'),(79799490,'Sophia','Dawe','2009-03-11','F','Y','U6','U6 Starfish'),(79807137,'Mitchell','Kaufhold','2009-08-25','M','Y','U6','U6 Happy Feet'),(79808663,'E\'jaz','Rasheed','2011-01-24','M','Y','U5','U5 Cheetahs'),(79810610,'Ivana','Di Iulio','2006-07-18','F','Y','U9','U9 Butterflys'),(79811774,'Ethan','West','2009-08-05','M','Y','U6','U6 Mater'),(79813978,'Declan','McCann','2009-04-03','M','Y','U7','U7 Monsters Inc'),(79814075,'Hayden','McCann','2010-12-28','M','Y','U5','U5 Strikers'),(79815817,'Dylan','Nguyen','2003-04-10','M','Y','U12','U12 Div 1 Thunder'),(79820031,'Sarwid','James','2008-08-28','M','Y','U8','U8 Thunder'),(79825386,'Zachary','Wheatley','2005-10-13','M','Y','U10','U10 Black Gungahlin Falcons'),(79837308,'Hayden','Erwin','2009-07-22','M','Y','U6','U6 Goofy'),(79837571,'Sienna','Di Iulio','2007-10-30','F','Y','U8','U8 Pink All Stars'),(79839585,'Luke','Griffin','2010-06-04','M','Y','U5','U5 Giraffes'),(79840930,'Hayden','Perman','2010-10-25','M','Y','U5','U5 Giraffes'),(79841391,'Kishan','Sabesan','2009-03-09','M','Y','U6','U6 Tarzans'),(79843207,'Sophie','Preston','2010-05-06','F','Y','U5','U5 Pandas'),(79847893,'Patrick','Choi','2010-01-05','M','Y','U6','U6 Skylanders'),(79858585,'Viswesh','Suman','2005-06-16','M','Y','U10','U10 Blue Gungahlin Whitetails'),(79859120,'Gus','Hutchison','2011-05-04','M','Y','U5','U5 Little Diggers'),(79861266,'Cooper','Eltham','2008-10-22','M','Y','U7','U7 Lion King'),(79861431,'Raakin','Rahman','2006-05-14','M','Y','U9','U9 Thunder'),(79861563,'Lachlan','McLeod','2009-06-30','M','Y','U6','U6 Bullseye'),(79862496,'Adrian ','Vrkic','2010-05-21','M','Y','U5','U5 Frogs'),(79871778,'Bradley','George','2008-05-27','M','Y','U7','U7 Bunnies'),(79872057,'Olivia','Beresford','2010-03-23','F','Y','U5','U5 Tinkerbell'),(79872164,'Marcus','Bell','2009-06-17','M','Y','U6','U6 Mater'),(79876785,'Morgan','CHRZCZONOWICZ','2009-12-28','M','Y','U6','U6 Toy Story'),(79877684,'Marina','Vukoja','2008-12-02','F','Y','U7','U7 Minnie Mouse'),(79881124,'Oscar','McCarthy','2008-06-27','M','Y','U7','U7 Ninjas'),(79885935,'Zac','Boardman','2010-08-05','M','Y','U5','U5 Frogs'),(79895330,'Jakob','Leishman','2000-10-28','M','Y','U15','U15 Div 2 Boys'),(79895348,'Blake','Leishman','2003-12-03','M','Y','U12','U12 Div 2 Cyclones'),(79895843,'William','Wetherspoon','2004-04-16','M','Y','U11','U11 Black Gungahlin Power'),(79896924,'Isabela','Koljanin','2009-03-11','F','Y','U7','U7 Bumble Bees'),(79897013,'Lily','Koljanin','2009-03-11','F','Y','U7','U7 Bumble Bees'),(79897021,'Lawson','Sharples','2008-09-02','M','Y','U7','U7 Ninjas'),(79897112,'Blake','Moon','2009-06-29','M','Y','U6','U6 Pluto'),(79897179,'Aswath','Suman','2008-04-10','M','Y','U7','U7 Monsters Inc'),(79899035,'AYAAN','RAHIM','2009-02-14','M','Y','U6','U6 Tarzans'),(79901302,'Kaynen','Saunders','2006-07-01','M','Y','U9','U9 Thunder'),(79901997,'Nikolas ','Mamatas','2008-03-07','M','Y','U8','U8 Kangaroos'),(79905154,'josh','Robinson','1999-01-21','M','Y','U16','U16 Div 2 Boys'),(79907028,'Lachlan','Atkins','2008-05-02','M','Y','U7','U7 Lightning McQueen'),(79910188,'Leland','Neville','1988-04-01','M','Y','SEN','Seniors'),(79912788,'sean','Park','2004-10-20','M','Y','U11','U11 Black Gungahlin Force'),(79913182,'STJEPAN','MILINKOVIC','2005-01-15','M','Y','U11','U11 Green Gungahlin Strikers'),(79915633,'Leontina','Gluhovic','2009-05-28','F','Y','U6','U6 Starfish'),(79917076,'Maverick','Larkin','2008-07-09','M','Y','U7','U7 Ninjas'),(79917621,'William','Seidl','2006-09-02','M','Y','U8','U8 Bears'),(79919544,'Bettina','Giorgi','2005-07-08','F','Y','U10','U10 White Gungahlin Gazelles'),(79927356,'Luka','Galovic','2005-11-07','M','Y','U10','U10 Green Gungahlin Griffins'),(79928073,'Grace','Charlton','2008-05-04','F','Y','U8','U8 Butterflys'),(79931143,'Tomasz','Bodo','2010-04-07','M','Y','U5','U5 Frogs'),(79931549,'Jackson','Kellett','2009-03-12','M','Y','U6','U6 Strikers'),(79946943,'ANBAZHAGAN','ARULMUGAVARATHAN','2008-06-02','M','Y','U7','U7 Invaders'),(79952685,'Zeal','Taiatini','2006-10-14','M','Y','U9','U9 Lightning'),(79952818,'Mose\'','Taiatini','2008-07-09','M','Y','U7','U7 Monsters Inc'),(79952933,'Ashton','Church','2010-09-26','M','Y','U5','U5 Cheetahs'),(79952958,'Ezra','Taiatini','2009-12-16','M','Y','U6','U6 Pluto'),(79958732,'Xavier','Poidomani','2008-04-05','M','Y','U7','U7 Monsters Inc'),(79960266,'isabelle','holmes','2007-05-14','F','Y','U8','U8 Pink All Stars'),(79960548,'Sofia','Kuminek','2010-02-23','F','Y','U5','U5 Soccer Stars'),(79960845,'Mitchell','Heinemann','2009-04-15','M','Y','U6','U6 Toy Story'),(79960886,'Zara','Muoz','2010-05-08','F','Y','U5','U5 Snow White'),(79961181,'Hannah','Kochevatkin','2009-02-02','F','Y','U7','U7 Bumble Bees'),(79961264,'Ryan','Kochevatkin','2010-05-21','M','Y','U5','U5 Little Diggers'),(79963948,'Gomez','Cook','2005-04-01','M','Y','U11','U11 Black Gungahlin Power'),(79965299,'Aryan','Atmakur','2009-12-24','M','Y','U6','U6 Goofy'),(79966479,'Jorge','Montalvo','2007-04-30','M','Y','U9','U9 Tornadoes'),(79966537,'Kalin','Nikolov','2011-03-27','M','Y','U5','U5 Emus'),(79966545,'Filip','Jovcic','2010-03-24','M','Y','U5','U5 Emus'),(79972253,'Jaime','Brennan','2005-02-23','F','Y','U10','U10 White Gungahlin Gazelles'),(79972527,'Josephine','Cooper','2009-02-15','F','Y','U7','U7 Alladins'),(79976072,'Samuel','Taylor','2001-06-20','M','Y','U14','U14 Div 3 Boys'),(79978375,'Alex','French','2006-03-08','M','Y','U9','U9 Thunder'),(79981312,'Cooper','Ceely','2007-12-04','M','Y','U8','U8 Strikers'),(79981726,'Guillermo','Risco','1975-10-06','M','Y','SEN','Seniors'),(79984191,'Briony','Rukavina','2005-03-17','F','Y','U10','U10 White Gungahlin Gazelles'),(79986022,'Isaac','Seckerson','2004-06-02','M','Y','U11','U11 Black Gungahlin Force'),(79988283,'Riley','Roberts','2009-06-18','M','Y','U6','U6 Scarecrows'),(79989265,'Haider','Azam','1977-08-04','M','Y','SEN','Seniors'),(79990321,'Ruby','Dawe','2007-05-30','F','Y','U8','U8 Pink All Stars'),(79996666,'Lachlan','Goldsmith','2010-05-30','M','Y','U5','U5 Frogs'),(79999223,'Oliver','Juric','2010-02-26','M','Y','U5','U5 Soccer Stars'),(80000110,'Marley','Hately','2010-03-07','M','Y','U5','U5 Tinkerbell'),(80003742,'Isaac','Baldwin','2006-08-18','M','Y','U9','U9 Tornadoes'),(80004302,'Marlie ','Owers','2010-05-17','F','Y','U5','U5 Pandas'),(80004542,'Charlotte','McNamara','2010-05-07','F','Y','U5','U5 Pandas'),(80004591,'Riley','Safi','2010-07-27','M','Y','U5','U5 Little Diggers'),(80004773,'Lauren','Kennard','2010-05-22','F','Y','U5','U5 Pandas'),(80004930,'Benjamin','Mudge','2010-07-21','M','Y','U5','U5 Soccer Stars'),(80007016,'Sithu','Naing','2006-07-11','M','Y','U9','U9 Tornadoes'),(80007768,'Zachary','Warren','2010-07-12','M','Y','U5','U5 Pandas'),(80010440,'April','Fuller','2007-07-05','F','Y','U8','U8 Guards'),(80010804,'Alexander','Donaldson','2010-08-01','M','Y','U5','U5 Pandas'),(80011596,'John','Van\'t Hof','1969-10-28','M','Y','SEN','Seniors'),(80012156,'Libby','Newth','2009-09-28','F','Y','U5','U5 Soccer Stars'),(80014731,'Luke','Jenkins','2011-02-21','M','Y','U5','U5 Dinosaurs'),(80014954,'Andrew','Tylecki','2010-07-20','M','Y','U5','U5 Soccer Stars'),(80021587,'Logan','Salvage','2007-03-05','M','Y','U9','U9 Hurricanes'),(80021801,'Shanil','Jessy','2005-07-28','M','Y','U11','U11 Blue Gungahlin Fury'),(80021934,'Jonah','Kentish','2010-12-18','M','Y','U5','U5 Little Diggers'),(80022072,'Daniel','Kim','2009-03-04','M','Y','U6','U6 Toy Story'),(80022155,'Christie','Kim','2007-01-16','F','Y','U8','U8 Pink All Stars'),(80022171,'Shanaya','Jessy','2006-08-18','F','Y','U9','U9 Dolphins'),(80024466,'Lavinia','Vardanega','2008-03-16','F','Y','U8','U8 Butterflys'),(80024607,'Mark','Watkins','1967-07-12','M','Y','SEN','Seniors'),(80028525,'Elijah','Boyle','2008-09-24','M','Y','U7','U7 Ninjas'),(80028541,'Joshua','Philpott','2010-01-26','M','Y','U5','U5 Wombats'),(80029200,'Thomas','Bell','2006-08-24','M','Y','U9','U9 Crabs'),(80032832,'Keturah','Crowther','2010-07-10','F','Y','U5','U5 Pandas'),(80033376,'Brady ','Clark','2009-08-05','M','Y','U6','U6 Strikers'),(80033947,'Joseph','Hwang','2005-11-04','M','Y','U10','U10 Green Gungahlin Griffins'),(80038128,'Cooper','Lewis','2010-10-18','M','Y','U5','U5 Giraffes'),(80039688,'Grace','Matchett','2009-08-29','F','Y','U6','U6 Starfish'),(80039852,'Amelia','Matchett','2010-12-17','F','Y','U5','U5 Snow White'),(80039936,'Joseph','Mikhael','2006-11-16','M','Y','U9','U9 Tornadoes'),(80040025,'Hoang','Luu','1995-03-22','M','Y','SEN','Seniors'),(80040249,'Brendon','Avramoski','2006-04-28','M','Y','U10','U10 Black Gungahlin Eagles'),(80040314,'darshan','rajinikanth','2004-12-03','M','Y','U11','U11 Black Gungahlin Force'),(80040397,'Billy','Radcliffe','2010-05-19','M','Y','U5','U5 Wombats'),(80042195,'George','Wasef','2007-07-16','M','Y','U8','U8 Guards'),(80046709,'Ben','Wallis','2010-10-11','M','Y','U5','U5 Pandas'),(80047715,'Joshua','Drinkwater','2005-07-03','M','Y','U10','U10 Green Gungahlin Phoenix'),(80048275,'Kobe','Lello','2008-01-03','M','Y','U8','U8 Emus'),(80051915,'Adam','Przydacz','2010-08-09','M','Y','U5','U5 Cheetahs'),(80053218,'Alastair','Cheung','2008-05-06','M','Y','U7','U7 Lightning McQueen'),(80053622,'Loughlan','Jackson','2008-03-20','M','Y','U7','U7 Bugs Life'),(80054547,'Samuel','Saunders','2009-01-16','M','Y','U7','U7 Invaders'),(80055353,'Luke','Marinov','2000-08-28','M','Y','U15','U15 Div 3 Boys Blue'),(80056179,'Shivane','Dwtwani','2008-10-16','M','Y','U7','U7 Invaders'),(80057474,'Larissa','Thornton','2006-03-13','F','Y','U9','U9 Dolphins'),(80059090,'Wesley','Milczarek','2010-11-24','M','Y','U6','U6 Happy Feet'),(80060916,'Thomas','Mason','2009-06-04','M','Y','U6','U6 Strikers'),(80061328,'Charles','Mason','2011-01-11','M','Y','U5','U5 Wombats'),(80061690,'Ollie','Tawake','2011-01-27','M','Y','U5','U5 Strikers'),(80061732,'Ava','Tawake','2008-10-26','F','Y','U7','U7 Minnie Mouse'),(80061807,'Ruby','Bouma','2010-07-20','F','Y','U5','U5 Tinkerbell'),(80062565,'Macy','Vigo Di Gallidoro','2003-02-12','F','Y','U12','U12 Div 2 Girls'),(80062953,'Elias','Atyeo','2010-04-21','M','Y','U6','U6 Cobras'),(80063316,'Jessica','Peralta','2006-11-29','F','Y','U9','U9 Swifts'),(80063340,'Leticia','Peralta','2004-12-10','F','Y','U11','U11 White Gungahlin Whirlwinds'),(80063423,'Tamara','Peralta','2002-09-03','F','Y','U14','U14 Div 3 Girls'),(80064801,'Dante','Bruton','2006-10-19','M','Y','U9','U9 Crabs'),(80064926,'Griffin','Apps','2003-04-23','M','Y','U12','U12 Div 3 Storm'),(80064983,'William','Apps','2008-02-24','M','Y','U7','U7 Lion King'),(80065147,'Brooklyn','Bruton','2003-12-08','M','Y','U12','U12 Div 3 Hurricanes'),(80065964,'Sarah','Przydacz','2008-08-18','F','Y','U7','U7 Minnie Mouse'),(80065972,'Jeremy','Abdul-Karim','1995-11-20','M','Y','SEN','Seniors'),(80067622,'Evan','Raghupati','2009-05-02','M','Y','U7','U7 Strikers'),(80072085,'Mikayla','Nutt','2008-08-12','F','Y','U7','U7 Pink Strikers'),(80073281,'Benjamin','Webb','2001-11-22','M','Y','U14','U14 Div 3 Boys'),(80074370,'Talia','Wilding','2009-08-06','F','Y','U6','U6 Starfish'),(80076342,'Abhinav','Pothineni','2009-10-26','M','Y','U6','U6 Tarzans'),(80076789,'Madeline','McPhee','2010-03-02','F','Y','U5','U5 Tinkerbell'),(80078231,'Eva','Huetter','2010-01-20','F','Y','U6','U6 Starfish'),(80079205,'Gaurang','Bista','2004-11-13','M','Y','U11','U11 Black Gungahlin Force'),(80082233,'Colt','White','2010-09-02','M','Y','U5','U5 Little Diggers'),(80084726,'Jessica','Pearson','2008-12-06','M','Y','U7','U7 Tarzan'),(80085236,'isaac','scrimgeour','2004-06-22','M','Y','U11','U11 Black Gungahlin Force'),(80085293,'joshua','scrimgeour','2006-08-06','M','Y','U9','U9 Turtles'),(80086812,'Mohammed','Al Barrak','2002-02-13','M','Y','U13','U13 Div 3 Boys'),(80086903,'Yousef','Al Barrak','2003-07-26','M','Y','U12','U12 Div 3 Storm'),(80087083,'Kavindra','Widodo','2004-08-31','M','Y','U11','U11 Black Gungahlin Force'),(80089790,'Aman','Daga','2000-12-12','M','Y','U15','U15 Div 3 Boys Blue'),(80091796,'Chris','Xenikakis','2001-05-03','M','Y','U15','U15 Div 3 Boys Blue'),(80094675,'Eliza','Helliwell','2010-07-09','F','Y','U5','U5 Snow White'),(80095219,'Dario','Turcic','2008-03-28','M','Y','U8','U8 Vipers'),(80099492,'Robbie','Bowen','2011-03-14','M','Y','U5','U5 Cheetahs'),(80101157,'Osman','Bah','2010-03-04','M','Y','U5','U5 Strikers'),(80101470,'Marco','Taliano','2010-02-12','M','Y','U5','U5 Strikers'),(80102510,'Raza','Mohammed','2008-07-07','M','Y','U7','U7 Incredibles'),(80103096,'Kate','Downs','2009-05-13','F','Y','U6','U6 Mater'),(80109325,'William','Sharman','2009-08-22','M','Y','U6','U6 Skylanders'),(80113871,'Ashraf','Abdulai','2003-11-11','M','Y','U12','U12 Div 3 Hurricanes'),(80113939,'Bilal','Abdulai','2010-04-17','M','Y','U5','U5 Cheetahs'),(80116692,'Zachary','Parkes','2007-11-08','M','Y','U8','U8 Guards'),(80119191,'Brayden','Tyers-O\'Hehir','2002-09-29','M','Y','U13','U13 Div 1 Boys'),(80124985,'Tyler','Wurth','2006-10-02','M','Y','U9','U9 Whales'),(80125966,'Cooper','Galvin','2009-01-15','M','Y','U7','U7 Tarzan'),(80129216,'Dihela','Gamaethige','2004-05-30','M','Y','U11','U11 Black Gungahlin Power'),(80135601,'Thomas','Wilson','2008-12-22','M','Y','U7','U7 Spirits'),(80136203,'Zac','Todkill','2005-07-19','M','Y','U10','U10 Black Gungahlin Eagles'),(80138035,'Rosa','Billingham','2008-08-21','F','Y','U7','U7 Bumble Bees'),(80138092,'Simon','Bartlett','2010-07-05','M','Y','U5','U5 Tigers'),(80138886,'Savannah','Hawes','2010-02-12','F','Y','U5','U5 Soccer Stars'),(80139314,'Hugo','Carruthers','2005-08-16','M','Y','U10','U10 Green Gungahlin Griffins'),(80143969,'Archie','Lynch','2010-02-26','M','Y','U5','U5 Blues Clues'),(80146616,'Lily','Wilson','2008-02-09','F','Y','U7','U7 Purple Ponies'),(80149164,'Mace','Tshibindi','2010-04-13','M','Y','U5','U5 Frogs'),(80156177,'Chloe','Battaglia','2010-08-25','F','Y','U5','U5 Tinkerbell'),(80156763,'Aayush ','Kumar','2006-02-09','M','Y','U9','U9 Thunder'),(80158504,'Thomas','Foote','2009-09-02','M','Y','U6','U6 Bullseye'),(80159072,'Cressida','Carruthers','2004-05-10','F','Y','U11','U11 White Gungahlin Whirlwinds'),(80159221,'Thomas','Carton','2009-06-02','M','Y','U6','U6 Bullseye'),(80159874,'Riley','Elliott','2009-06-15','M','Y','U6','U6 Pluto'),(80161102,'Mikayla','Keller','2008-07-05','F','Y','U7','U7 Purple Ponies'),(80162555,'Riley','Kinnell','2009-05-22','F','Y','U6','U6 Starfish'),(80164874,'Kane ','Thomson','2006-05-30','M','Y','U9','U9 Whales'),(80164981,'Isaiah ','Hind','2005-12-31','M','Y','U10','U10 Black Gungahlin Falcons'),(80165004,'Samuel','Hind','2008-03-12','M','Y','U7','U7 Incredibles'),(80165582,'Puatonga','Olivetti','2008-02-12','M','Y','U7','U7 Spirits'),(80165640,'Mark','Olivetti','2010-07-04','M','Y','U5','U5 Giraffes'),(80165723,'Vaihola','Olivetti','2010-09-20','M','Y','U5','U5 Cheetahs'),(80170707,'Sophie','Hoogewerff','2000-03-06','F','Y','U16','U16 Div 2 Girls'),(80175318,'Archie','Radcliffe','2008-08-24','M','Y','U7','U7 Incredibles'),(80176191,'Aayan','Hoque','2009-11-27','M','Y','U6','U6 Tarzans'),(80180979,'Henry','Graham','2010-06-03','M','Y','U5','U5 Giraffes'),(80185242,'Justin','Ryan','2005-11-27','M','Y','U10','U10 Black Gungahlin Falcons'),(80185366,'Izak ','Harben','2007-11-23','M','Y','U8','U8 Sharks'),(80185903,'Boyd','Houlahan','2005-05-18','M','Y','U10','U10 Green Gungahlin Phoenix'),(80187149,'Harrison','Wade','2006-06-07','M','Y','U9','U9 Sea Lions'),(80213234,'DYLAN','SHAHBAZ','2003-01-20','M','Y','U12','U12 Div 3 Typhoons'),(80226525,'Kathleen','Garvie','1984-08-03','F','Y','SEN','Seniors'),(80238181,'Zakk','Roberts','2010-12-16','M','Y','U5','U5 Tigers'),(80244510,'Benjamin','Kelleher','2000-09-04','M','Y','U15','U15 Div 3 Boys Gold'),(80250509,'Aaden','Campos','2011-02-17','M','Y','U5','U5 Giraffes'),(80255649,'James','Kennedy','2010-09-11','M','Y','U5','U5 Strikers'),(80262371,'Oluwalani','Otesile','2008-01-12','M','Y','U8','U8 Strikers'),(80267263,'Robert','Page','1975-01-15','M','Y','SEN','Seniors'),(80271497,'RILEY','GIBB','2009-11-17','M','Y','U6','U6 Scarecrows'),(80276538,'Rhys','Holdom','2007-08-31','M','Y','U8','U8 Strikers'),(80280340,'Khloe','Safi','2006-04-15','F','Y','U9','U9 Butterflys'),(80283609,'Hemish','Kura','2004-09-03','M','Y','U11','U11 Black Gungahlin Force'),(80285976,'Amelie','Tomlinson','2004-01-09','F','Y','U12','U12 Div 2 Girls'),(80286719,'Mitchell','Kotzur','2000-12-28','M','Y','U15','U15 Div 3 Boys Gold'),(80294143,'Eliza','Meade','2009-06-26','F','Y','U6','U6 Lion Cubs'),(80295124,'Isla','Jaques','2010-07-07','F','Y','U5','U5 Snow White'),(80296726,'Michelle','Rowley','1994-05-04','F','Y','SEN','Seniors'),(80299027,'Ashley','Johnson','2002-11-18','M','Y','U13','U13 Div 3 Boys'),(80302839,'Benjamin','An','2008-01-16','M','Y','U7','U7 Mater'),(80303464,'Jennifer','Marlton','1986-06-23','F','Y','SEN','Seniors'),(80316698,'Harry','Craft','2009-07-18','M','Y','U6','U6 Pluto'),(80317894,'Brianna','Burkett','2006-08-04','F','Y','U9','U9 Butterflys'),(80321599,'Nauman','Qureshi','2008-04-20','M','Y','U7','U7 Monsters Inc'),(80327174,'Jane','De Salis','1973-08-31','F','Y','SEN','Seniors'),(80328594,'Riley','Stevens','2007-06-13','M','Y','U8','U8 Cheetahs'),(80329931,'Ojasv','Sirohi','2007-12-23','M','Y','U8','U8 Kangaroos'),(80334725,'Tarquin','Sadler','2008-05-03','M','Y','U7','U7 Bugs Life'),(80337546,'Emma','McKinnon','2003-01-06','F','Y','U12','U12 Div 2 Girls'),(80341407,'Tyson','Cattanach','2011-12-06','M','Y','U5','U5 Emus'),(80345705,'ANAS','ALSUBAIE','2007-06-23','M','Y','U8','U8 Penguins'),(80346570,'Felicity','Rawlins','2007-11-21','F','Y','U8','U8 Butterflys'),(80349392,'Abdullah','Almohaimeed','2007-05-16','M','Y','U8','U8 Penguins'),(80356520,'Xavier','Labutte','2010-10-22','M','Y','U5','U5 Emus'),(80357015,'Frank','Sajler','2005-12-07','M','Y','U10','U10 Green Gungahlin Phoenix'),(80367964,'Luke','Wooster','2005-11-05','M','Y','U10','U10 Black Gungahlin Eagles'),(80368020,'Timothy','Canterford','2006-07-04','M','Y','U10','U10 Black Gungahlin Eagles'),(80369556,'Riley','Hambridge','2009-09-30','M','Y','U6','U6 Cobras'),(80371651,'Chistian','Scola','2005-03-28','M','Y','U10','U10 Black Gungahlin Falcons'),(80374283,'Isaac','Aitchison','2011-02-14','M','Y','U5','U5 Dinosaurs'),(80378664,'Antea','Usljebrka','2006-03-03','F','Y','U10','U10 Green Gungahlin Phoenix'),(80379050,'ISAAC ','PARTON','2005-08-22','M','Y','U10','U10 Green Gungahlin Griffins'),(80382344,'Oliver','Milin','2010-12-16','M','Y','U5','U5 Dinosaurs'),(80382435,'Bianca','Milin','2008-12-19','F','Y','U7','U7 Minnie Mouse'),(80384357,'George','Le','2005-12-26','M','Y','U10','U10 Green Gungahlin Phoenix'),(80402712,'Tyla','Hope','2008-07-29','M','Y','U7','U7 Bugs Life'),(80403272,'Ellen','Woszatka','1991-01-30','F','Y','SEN','Seniors'),(80419260,'Jack','Penders','2008-04-10','M','Y','U8','U8 Vipers'),(80432735,'Dylan ','Penders','2009-11-08','M','Y','U6','U6 Tarzans'),(80447212,'Liana','Haridemos','2008-08-13','F','Y','U8','U8 Butterflys'),(80448574,'Tana','Bvirakare','2006-05-13','M','Y','U9','U9 Octopus'),(80451685,'Cooper','Kilby','2009-01-02','M','Y','U6','U6 Woody'),(80458821,'Mohamed','Elsayed','2010-02-20','M','Y','U5','U5 Wombats'),(80459274,'Moyses','Gaete','2007-04-20','M','Y','U8','U8 Vipers'),(80461718,'zachary','kelley','1996-09-09','M','Y','U20','U20 Boys Premier League'),(80461924,'ELIJAH','HEZKIAL','2009-07-20','M','Y','U6','U6 Woody'),(80469943,'Kara','Nugent','2007-03-22','F','Y','U8','U8 Butterflys'),(80470883,'Tyler','Wheatley','2008-08-26','M','Y','U7','U7 Sharks'),(80471923,'Hayden','Tagg','2006-05-24','M','Y','U9','U9 Octopus'),(80476237,'Declan','Howard','2006-10-07','M','Y','U9','U9 Octopus'),(80476245,'Cohen','Howard','2008-11-11','M','Y','U8','U8 Penguins'),(80478043,'Evie','Wallis','2008-10-15','F','Y','U8','U8 Butterflys'),(80481203,'mia ','cuthbertson','2006-11-23','F','Y','U9','U9 Butterflys'),(80483829,'Ellie','Raymond','1991-01-29','F','Y','WPL','WPL First Grade'),(80484074,'Ava','McReynolds','2009-10-18','F','Y','U7','U7 Bumble Bees'),(80488703,'masud','shah','1975-03-06','M','Y','SEN','Seniors'),(80498173,'Matthew','Jenkinson','2008-05-05','M','Y','U8','U8 Vipers'),(80503956,'Collin','Payne','2010-08-05','M','Y','U5','U5 Frogs');
/*!40000 ALTER TABLE `player` ENABLE KEYS */;
UNLOCK TABLES;

--
-- Table structure for table `referee`
--

DROP TABLE IF EXISTS `referee`;
/*!40101 SET @saved_cs_client     = @@character_set_client */;
/*!40101 SET character_set_client = utf8 */;
CREATE TABLE `referee` (
  `idreferee` varchar(45) NOT NULL,
  `name` varchar(100) NOT NULL,
  `available` varchar(1) NOT NULL,
  PRIMARY KEY (`idreferee`)
) ENGINE=InnoDB DEFAULT CHARSET=latin1;
/*!40101 SET character_set_client = @saved_cs_client */;

--
-- Dumping data for table `referee`
--

LOCK TABLES `referee` WRITE;
/*!40000 ALTER TABLE `referee` DISABLE KEYS */;
INSERT INTO `referee` VALUES ('A. PRESTON','A. PRESTON','Y'),('B. ADAM','B. ADAM','Y'),('B. KEOMANIVONG','B. KEOMANIVONG\r\n','Y'),('B. PERRY','B. PERRY','Y'),('B. ROLFE','B. ROLFE','Y'),('C. PRESTON','C. PRESTON','Y'),('C. SHELTON','C. SHELTON','Y'),('D. VAN PUTTEN','D. VAN PUTTEN','Y'),('E. WHITE','E. WHITE','Y'),('F. WHITE','F. WHITE','Y'),('J. BARTLETT','J. BARTLETT','Y'),('J. FINCH','J. FINCH','Y'),('J. GUNAWARDENA','J. GUNAWARDENA','Y'),('J. LEE','J. LEE','Y'),('J. McCARTHY','J. McCARTHY','Y'),('J. RATHOUSKI','J. RATHOUSKI','Y'),('K. WALKER','K. WALKER','Y'),('L. STUCKLESS','L. STUCKLESS','Y'),('M. ALBERTO','M. ALBERTO','Y'),('M. TOMECKO','M. TOMECKO','Y'),('M. VAREY','M. VAREY','Y'),('O. SZEP','O. SZEP','Y'),('R. ALBERTO','R. ALBERTO','Y'),('S. BARDSLEY','S. BARDSLEY','Y'),('Y. JEELALL','Y. JEELALL','Y');
/*!40000 ALTER TABLE `referee` ENABLE KEYS */;
UNLOCK TABLES;

--
-- Table structure for table `refereeavailability`
--

DROP TABLE IF EXISTS `refereeavailability`;
/*!40101 SET @saved_cs_client     = @@character_set_client */;
/*!40101 SET character_set_client = utf8 */;
CREATE TABLE `refereeavailability` (
  `UID` int(11) NOT NULL,
  `fkrefereeuid` varchar(45) NOT NULL,
  `fkgametimeuid` varchar(45) NOT NULL,
  `default` varchar(1) NOT NULL COMMENT 'indicates the default set',
  `date` date DEFAULT NULL COMMENT 'overrides the default when exists',
  KEY `FK1_refereeuid` (`fkrefereeuid`),
  KEY `FK2_gametimeuid` (`fkgametimeuid`),
  CONSTRAINT `FK1_refereeuid` FOREIGN KEY (`fkrefereeuid`) REFERENCES `referee` (`idreferee`),
  CONSTRAINT `FK2_gametimeuid` FOREIGN KEY (`fkgametimeuid`) REFERENCES `gametime` (`UID`)
) ENGINE=InnoDB DEFAULT CHARSET=latin1 COMMENT='stores the referee availability';
/*!40101 SET character_set_client = @saved_cs_client */;

--
-- Dumping data for table `refereeavailability`
--

LOCK TABLES `refereeavailability` WRITE;
/*!40000 ALTER TABLE `refereeavailability` DISABLE KEYS */;
/*!40000 ALTER TABLE `refereeavailability` ENABLE KEYS */;
UNLOCK TABLES;

--
-- Table structure for table `round`
--

DROP TABLE IF EXISTS `round`;
/*!40101 SET @saved_cs_client     = @@character_set_client */;
/*!40101 SET character_set_client = utf8 */;
CREATE TABLE `round` (
  `idround` int(11) NOT NULL,
  `description` varchar(45) DEFAULT NULL,
  `date` date DEFAULT NULL,
  PRIMARY KEY (`idround`)
) ENGINE=InnoDB DEFAULT CHARSET=latin1 COMMENT='season round';
/*!40101 SET character_set_client = @saved_cs_client */;

--
-- Dumping data for table `round`
--

LOCK TABLES `round` WRITE;
/*!40000 ALTER TABLE `round` DISABLE KEYS */;
INSERT INTO `round` VALUES (1,'ROUND01','2015-05-02'),(2,'ROUND02','2015-05-09'),(3,'ROUND03','2015-05-16'),(4,'ROUND04','2015-05-23'),(5,'ROUND05','2015-05-30'),(6,'ROUND06','2015-06-13'),(7,'ROUND07','2015-06-20'),(8,'ROUND08','2015-06-27'),(9,'ROUND09','2015-07-18'),(10,'ROUND10','2015-07-25'),(11,'ROUND11','2015-08-01'),(12,'ROUND12','2015-08-08'),(13,'ROUND13','2015-08-15'),(14,'ROUND14','2015-08-22'),(15,'ROUND15','2015-08-29'),(16,'ROUND16','2015-09-05');
/*!40000 ALTER TABLE `round` ENABLE KEYS */;
UNLOCK TABLES;

--
-- Table structure for table `team`
--

DROP TABLE IF EXISTS `team`;
/*!40101 SET @saved_cs_client     = @@character_set_client */;
/*!40101 SET character_set_client = utf8 */;
CREATE TABLE `team` (
  `fkagegroupid` varchar(45) NOT NULL,
  `idteam` varchar(45) NOT NULL,
  `name` varchar(200) DEFAULT NULL,
  `showindropdown` varchar(1) DEFAULT NULL,
  `IsGungahlinTeam` varchar(1) DEFAULT NULL,
  `division` varchar(45) DEFAULT NULL,
  PRIMARY KEY (`idteam`,`fkagegroupid`),
  KEY `fknagegroup_idx` (`fkagegroupid`),
  CONSTRAINT `fknagegroupteam` FOREIGN KEY (`fkagegroupid`) REFERENCES `agegroup` (`idagegroup`) ON DELETE NO ACTION ON UPDATE NO ACTION
) ENGINE=InnoDB DEFAULT CHARSET=latin1 COMMENT='stores teams	';
/*!40101 SET character_set_client = @saved_cs_client */;

--
-- Dumping data for table `team`
--

LOCK TABLES `team` WRITE;
/*!40000 ALTER TABLE `team` DISABLE KEYS */;
INSERT INTO `team` VALUES ('Mens Division 7','ANU FC','ANU FC',NULL,'N',NULL),('Mens Division 8','ANU FC','ANU FC',NULL,'N',NULL),('U12','Barca Majura','Barca Majura',NULL,'N',NULL),('Open U14 Division 1','Belconnen United FC','Belconnen United FC','N','N',''),('MiniRoos Open U10 Green','Belnorth Devils','Belnorth Devils','N','N',''),('Open U11 Red','Belnorth Devils','Belnorth Devils','N','N','Open U11 Red'),('Open U12 Division 3 Gold','Belnorth Devils','Belnorth Devils',NULL,'N',NULL),('U10','Belnorth Devils','Belnorth Devils',NULL,'N',NULL),('U11','Belnorth Devils',NULL,NULL,'N',NULL),('Girls U14 Division 2','Belnorth FC','Belnorth FC',NULL,'N','Girls U14 Division 2'),('Open U10 Red','Belnorth FC','Belnorth FC','N','N','Open U10 Red'),('Open U10 Green','Belnorth Knights','Belnorth Knights','N','N','Open U10 Green'),('Open U13 Division 3','Belnorth Knights','Belnorth Knights','N','N','Open U13 Division 3'),('U11','Belnorth Knights',NULL,NULL,'N',NULL),('MiniRoos Open U10 Blue','Belnorth Strikers','Belnorth Strikers','N','N',''),('Open U10 Blue','Belnorth Strikers','Belnorth Strikers','N','N',NULL),('Open U10 White','Belnorth Strikers','Belnorth Strikers','N','N',NULL),('Open U11 Red','Belnorth Strikers','Belnorth Strikers',NULL,'N','Open U11 Red'),('Open U11 White','Belnorth Strikers','Belnorth Strikers',NULL,'N','Open U11 White'),('Open U12 Division 1','Belnorth Strikers','Belnorth Strikers',NULL,NULL,'Open U12 Division 1'),('Open U12 Division 3 Blue','Belnorth Strikers','Belnorth Strikers',NULL,'N','Open U12 Division 3 Blue'),('Open U14 Division 3','Belnorth Strikers','Belnorth Strikers','N','N','Open U14 Division 3'),('Girls U12 Division 2','Belnorth Strikers - Div 3','Belnorth Strikers - Div 3','N','N','Girls U12 Division 2'),('Open U16 Division 2 Gold','Belnorth Strikers - Div 3','Belnorth Strikers - Div 3','N','N','Open U16 Division 2 Gold'),('U8D','Belsouth Avengers','Belsouth Avengers','N','N','U8D'),('Girls U18 Division 1','Belsouth Bilbies','Belsouth Bilbies','N','N','Girls U18 Division 1'),('Open U11 Black','Belsouth Cougars','Belsouth Cougars','N','N',''),('U9A','Belsouth Crows','Belsouth Crows','Y','N',NULL),('U9B','Belsouth Currawongs','Belsouth Currawongs','Y','N',NULL),('U8D','Belsouth Daredevils','Belsouth Daredevils','N','N','U8D'),('U9C','Belsouth Emus','Belsouth Emus','Y','N',NULL),('U9D','Belsouth Emus','Belsouth Emus','Y','N',NULL),('U9C','Belsouth Falcons','Belsouth Falcons','Y','N',NULL),('U9D','Belsouth Falcons','Belsouth Falcons','Y','N',NULL),('U15','Belsouth FC','Belsouth FC',NULL,'N',NULL),('Open U16 Division 2 Gold','Belsouth FC - Div 3','Belsouth FC - Div 3',NULL,NULL,'Open U16 Division 2 Gold'),('U8D','Belsouth Ironmen','Belsouth Ironmen','N','N','U8D'),('U9C','Belsouth Kingfishers','Belsouth Kingfishers','Y','N',NULL),('U9D','Belsouth Kingfishers','Belsouth Kingfishers','Y','N',NULL),('U9C','Belsouth Kookaburras','Belsouth Kookaburras','Y','N',NULL),('U9D','Belsouth Kookaburras','Belsouth Kookaburras','Y','N',NULL),('Open U11 White','Belsouth Lions','Belsouth Lions','N','N','Open U11 White'),('Girls U14 Division 1','Belsouth Magpies','Belsouth Magpies','N','N',''),('Open U11 Red','Belsouth Panthers','Belsouth Panthers','N','N','Open U11 Red'),('U8D','Belsouth Phantoms','Belsouth Phantoms','N','N','U8D'),('U9C','Belsouth Ravens','Belsouth Ravens','Y','N',NULL),('U9D','Belsouth Ravens','Belsouth Ravens','Y','Y',NULL),('Girls U11 White','Belsouth Rubies','Belsouth Rubies','N','N','Girls U11 White'),('U9C','Belsouth Seagulls','Belsouth Seagulls','Y','N',NULL),('U9D','Belsouth Seagulls','Belsouth Seagulls','Y','N',NULL),('U8A','Belsouth Supermen','Belsouth Supermen','N','N','U8A'),('Girls U10 White','Belsouth Swifts','Belsouth Swifts','N','N','Girls U10 White'),('Open U10 Green','Belsouth Thunder','Belsouth Thunder','N','N','Open U10 Green'),('Open U11 Green','Belsouth Tigers','Belsouth Tigers','N','N',''),('U8C','Belsouth Titans','Belsouth Titans','N','N','U8C'),('Open U10 Yellow','Belsouth Tornadoes','Belsouth Tornadoes','N','N','Open U10 Yellow'),('U8B','Belsouth Transformers','Belsouth Transformers','N','N','U8B'),('U9C','Belsouth Vultures','Belsouth Vultures','Y','N',NULL),('U9D','Belsouth Vultures','Belsouth Vultures','Y','N',NULL),('U8C','Belsouth X-Men','Belsouth X-Men','N','N','U8C'),('U8C','Belwest Bilbies','Belwest Bilbies','N','N','U8C'),('U8D','Belwest Blue tongues','Belwest Blue tongues','N','N','U8D'),('U9C','Belwest Cheetahs','Belwest Cheetahs','Y','N',NULL),('U9D','Belwest Cheetahs','Belwest Cheetahs','Y','N',NULL),('U9C','Belwest Cougars','Belwest Cougars','Y','N',NULL),('U9D','Belwest Cougars','Belwest Cougars','Y','N',NULL),('Open U10 Green','Belwest Dolphins','Belwest Dolphins','N','N','Open U10 Green'),('U10','Belwest Dolphins','Belwest Dolphins',NULL,'N',NULL),('U8D','Belwest Emus','Belwest Emus','N','N','U8D'),('Girls U14 Division 1','Belwest Foxes SC','Belwest Foxes SC','N','N','Girls U14 Division 1'),('U8A','Belwest Goannas','Belwest Goannas','N','N','U8A'),('Open U10 Blue','Belwest Hammerheads','Belwest Hammerheads','N','N','Open U10 Blue'),('U8B','Belwest Joeys','Belwest Joeys','N','N','U8B'),('U8D','Belwest Kangaroos','Belwest Kangaroos','N','N','U8D'),('U9A','Belwest Leopards','Belwest Leopards','Y','N',NULL),('U9B','Belwest Lions','Belwest Lions','Y','N',NULL),('Girls U10 White','Belwest Marlins','Belwest Marlins','N','N','Girls U10 White'),('U9C','Belwest Panthers','Belwest Panthers','Y','N',NULL),('U9D','Belwest Panthers','Belwest Panthers','Y','N',NULL),('U9C','Belwest Pumas','Belwest Pumas','Y','N',NULL),('U9D','Belwest Pumas','Belwest Pumas','Y','N',NULL),('Open U12 Division 3 Blue','Belwest Scorpions','Belwest Scorpions','N','N','Open U12 Division 3 Blue'),('Open U10 White','Belwest Sharks','Belwest Sharks',NULL,'N',NULL),('U8B','Belwest Tassie Devils','Belwest Tassie Devils','N','N','U8B'),('U9C','Belwest Tigers','Belwest Tigers','Y','N',NULL),('U9D','Belwest Tigers','Belwest Tigers','Y','N',NULL),('U8C','Belwest Wallabies','Belwest Wallabies','N','N','U8C'),('Mens Division 4','Brindabella - Div 4','Brindabella - Div 4',NULL,'N',NULL),('Girls U14 Division 2','Brindabella Blues Falcons','Brindabella Blues Falcons','N','N','Girls U14 Division 2'),('Girls U16 Division 2','Brindabella Blues FC','Brindabella Blues FC','N','N','Girls U16 Division 2'),('Girls U18 Division 1','Brindabella Blues FC','Brindabella Blues FC',NULL,NULL,'Girls U18 Division 1'),('Open U10 Blue','Brindabella Blues FC','Brindabella Blues FC',NULL,NULL,NULL),('Open U12 Division 3 Blue','Brindabella Blues FC','Brindabella Blues FC','N','N','Open U12 Division 3 Blue'),('Open U13 Division 2 Gold','Brindabella Blues FC','Brindabella Blues FC',NULL,'N',NULL),('Open U13 Division 3','Brindabella Blues FC','Brindabella Blues FC','N','N','Open U13 Division 3'),('Open U15 Division 3','Brindabella Blues FC','Brindabella Blues FC','N','N','Open U15 Division 3'),('U10','Brindabella Blues FC','Brindabella Blues FC',NULL,'N',NULL),('U11','Brindabella Blues FC',NULL,NULL,'N',NULL),('Girls MiniRoos','Bumble Bees','Bumble Bees','Y',NULL,NULL),('Open U10 Blue','Burgmann Anglican School','Burgmann Anglican School','N','N','Open U10 Blue'),('Open U15 Division 3','Burgmann Anglican School Blue','Burgmann Anglican School Blue',NULL,NULL,'Open U15 Division 3'),('Open U15 Division 3','Burgmann Anglican School Green','Burgmann Anglican School Green','N','N','Open U15 Division 3'),('U8A','Burgmann Bulls','Burgmann Bulls','N','N','U8A'),('U9A','BurgmannThunderbolts','BurgmannThunderbolts','Y','N',NULL),('Girls MiniRoos','Butterflies','Butterflies','Y',NULL,NULL),('U5','Bye','BYE','N',NULL,NULL),('U6','Bye','BYE','N',NULL,NULL),('U8D','BYE','BYE','N','N','U8D'),('U9','Bye','Bye','N',NULL,NULL),('MiniRoos Open U11 Red','Canberra FC','Canberra FC','N','N',''),('MiniRoos Open U11 White','Canberra FC','Canberra FC','N','N',''),('Open U10 Green','Canberra FC','Canberra FC',NULL,'N','Open U10 Green'),('Open U10 Red','Canberra FC','Canberra FC','N','N','Open U10 Red'),('Open U16 Division 1','Canberra FC','Canberra FC','N','N','Open U16 Division 1'),('Girls U11 White','Canberra Girls Grammar School','Canberra Girls Grammar School',NULL,'N',NULL),('Girls U16 Division 2','Canberra Girls Grammar School','Canberra Girls Grammar School',NULL,NULL,'Girls U16 Division 2'),('Girls U18 Division 1','Canberra Girls Grammar School','Canberra Girls Grammar School - Div 1','N','N','Girls U18 Division 1'),('Open U15 Division 2','Canberra Grammar Navy','Canberra Grammar Navy','N','N','Open U15 Division 2'),('Open U10 Blue','Canberra Grammar School','Canberra Grammar School','N','N',NULL),('Open U10 Red','Canberra Grammar School','Canberra Grammar School',NULL,NULL,'Open U10 Red'),('Open U11 Black','Canberra Grammar School','Canberra Grammar School','N','N',NULL),('Open U11 Red','Canberra Grammar School','Canberra Grammar School','N','N','Open U11 Red'),('Open U12 Division 2 Gold','Canberra Grammar School','Canberra Grammar School','N','N',''),('U13','Canberra Grammar School','Canberra Grammar School','N','N',NULL),('U18','Canberra Grammar School 1st XI','Canberra Grammar School 1st XI',NULL,'N',NULL),('Open U14 Division 3','Canberra Grammar School Sky','Canberra Grammar School Sky','N','N','Open U14 Division 3'),('Girls U10 White','Capital Country JFC','Girls U10 White','N','N','Girls U10 White'),('Girls U13 Division 1','Capital Football U12','Capital Football U12','N','N','Girls U13 Division 1'),('Open U13 Division 3','Cooma Tigers','Cooma Tigers','N','N','Open U13 Division 3'),('U12','Cooma Tigers','Cooma Tigers',NULL,'N',NULL),('Girls MiniRoos','Dolphins','Dolphins','Y',NULL,NULL),('Girls MiniRoos','Dragonflies','Dragonflies','Y','Y',NULL),('Open U13 Division 1','Goulburn Strikers','Goulburn Strikers',NULL,'N','Open U13 Division 1'),('Open U15 Division 1','Goulburn Strikers','Goulburn Strikers','N','N',''),('U8','Gungahlin All Stars ','Gungahlin All Stars ','Y',NULL,NULL),('U8B','Gungahlin All Stars','Gungahlin All Stars','N','N','U8B'),('U9','Gungahlin All Stars ','Gungahlin All Stars ','Y',NULL,NULL),('U9A','Gungahlin All Stars','Gungahlin All Stars','Y','Y',NULL),('U8','Gungahlin Bandicoots','Gungahlin Bandicoots','Y',NULL,NULL),('U8A','Gungahlin Bandicoots','Gungahlin Bandicoots','N','N','U8A'),('U8','Gungahlin Bears ','Gungahlin Bears ','Y',NULL,NULL),('U8A','Gungahlin Bears','Gungahlin Bears','N','N','U8A'),('MiniRoos Open U10 Red','Gungahlin Blizzard','Gungahlin Blizzard','N','N',''),('Open U10 Red','Gungahlin Blizzard','Gungahlin Blizzard',NULL,'Y','Open U10 Red'),('U8','Gungahlin Cheetahs','Gungahlin Cheetahs','Y',NULL,NULL),('U8A','Gungahlin Cheetahs','Gungahlin Cheetahs','N','N','U8A'),('Open U10 White','Gungahlin Cyclones','Gungahlin Cyclones','N','N',NULL),('Open U12 Division 2 Gold','Gungahlin Cyclones','Gungahlin Cyclones',NULL,'Y',NULL),('U8','Gungahlin Dinasours','Gungahlin Dinasours','N',NULL,NULL),('U8A','Gungahlin Dinasours','Gungahlin Dinasours','N','N','U8A'),('U8','Gungahlin Dinosaurs','Gungahlin Dinosaurs','Y',NULL,NULL),('U8A','Gungahlin Dinosaurs','Gungahlin Dinosaurs','N','N','U8A'),('MiniRoos Open U10 Yellow','Gungahlin Eagles','Gungahlin Eagles','N','N',''),('Open U10 Yellow','Gungahlin Eagles','Gungahlin Eagles','Y','Y','Open U10 Yellow'),('U8','Gungahlin Emus','Gungahlin Emus','Y',NULL,NULL),('U8D','Gungahlin Emus','Gungahlin Emus','N','N','U8D'),('Open U11 Black','Gungahlin Force','Gungahlin Force','N','N',''),('U9','Gungahlin Force','Gungahlin Force','Y',NULL,NULL),('U9B','Gungahlin Force','Gungahlin Force','Y','Y',NULL),('Open U11 Blue','Gungahlin Fury','Gungahlin Fury',NULL,'Y','Open U11 Blue'),('MiniRoos Open U11 White','Gungahlin Galaxy','Gungahlin Galaxy','N','N',''),('Open U11 White','Gungahlin Galaxy','Gungahlin Galaxy','N','N','Open U11 White'),('Girls U10 White','Gungahlin Gazelles','Gungahlin Gazelles','N','N','Girls U10 White'),('Open U11 Red','Gungahlin Gladiators','Gungahlin Gladiators',NULL,'Y','Open U11 Red'),('MiniRoos Open U11 Yellow','Gungahlin Glory','Gungahlin Glory','N','N',''),('Open U11 Yellow','Gungahlin Glory','Gungahlin Glory',NULL,'Y',NULL),('Girls U11 White','Gungahlin Great Whites','Gungahlin Great Whites',NULL,'Y',NULL),('MiniRoos Girl U11 White','Gungahlin Great Whites','Gungahlin Great Whites','N','N',''),('MiniRoos Open U11 Red','Gungahlin Guards','Gungahlin Guards','N','N',''),('Open U11 Red','Gungahlin Guards','Gungahlin Guards','N','N','Open U11 Red'),('U8','Gungahlin Guards','Gungahlin Guards','Y',NULL,NULL),('U8D','Gungahlin Guards','Gungahlin Guards','N','N','U8D'),('Open U11 White','Gungahlin Gunners','Gungahlin Gunners','N','N','Open U11 White'),('Open U12 Division 3 Blue','Gungahlin Hurricanes','Gungahlin Hurricanes','N','N','Open U12 Division 3 Blue'),('U9','Gungahlin Hurricanes','Gungahlin Hurricanes','Y',NULL,NULL),('U9B','Gungahlin Hurricanes','Gungahlin Hurricanes','Y','Y',NULL),('U8','Gungahlin Kangaroos','Gungahlin Kangaroos','Y',NULL,NULL),('U8D','Gungahlin Kangaroos','Gungahlin Kangaroos','N','N','U8D'),('U9','Gungahlin Lightening','Gungahlin Lightening','N',NULL,NULL),('Open U12 Division 1','Gungahlin Lightning','Gungahlin Lightning','N','N','Open U12 Division 1'),('U9','Gungahlin Lightning','Gungahlin Lightning','Y',NULL,NULL),('U9A','Gungahlin Lightning','Gungahlin Lightning','Y','Y',NULL),('U8','Gungahlin Monkeys','Gungahlin Monkeys ','Y',NULL,NULL),('U8B','Gungahlin Monkeys','Gungahlin Monkeys','N','N','U8B'),('U9','Gungahlin Octopus','Gungahlin Octopus','Y',NULL,NULL),('U9C','Gungahlin Octopus','Gungahlin Octopus','Y','Y',NULL),('U9D','Gungahlin Octopus','Gungahlin Octopus','Y','Y',NULL),('U8','Gungahlin Penguins','Gungahlin Penguins','Y',NULL,NULL),('U8B','Gungahlin Penguins','Gungahlin Penguins','N','N','U8B'),('Miniroos Open U11 Black','Gungahlin Power','Gungahlin Power','N','N',''),('Open U11 Black','Gungahlin Power','Gungahlin Power','N','N',NULL),('U9','Gungahlin Redbacks','Gungahlin Redbacks','Y',NULL,NULL),('U9A','Gungahlin Redbacks','Gungahlin Redbacks','Y','Y',NULL),('MiniRoos Open U10 Green','Gungahlin Roar','Gungahlin Roar','N','N',''),('Open U10 Green','Gungahlin Roar','Gungahlin Roar',NULL,'Y','Open U10 Green'),('U9','Gungahlin Sea Lions','Gungahlin Sea Lions','Y',NULL,NULL),('U9B','Gungahlin Sea Lions','Gungahlin Sea Lions','Y','Y',NULL),('Open U10 White','Gungahlin Sharks','Gungahlin Sharks',NULL,'Y',NULL),('U8','Gungahlin Sharks','Gungahlin Sharks','Y',NULL,NULL),('U8C','Gungahlin Sharks','Gungahlin Sharks','N','N','U8C'),('U8','Gungahlin Spiders','Gungahlin Spiders','Y',NULL,NULL),('U8C','Gungahlin Spiders','Gungahlin Spiders','N','N','U8C'),('U8','Gungahlin Stingrays','Gungahlin Stingrays','Y',NULL,NULL),('U8C','Gungahlin Stingrays','Gungahlin Stingrays','N','N','U8C'),('MiniRoos Open U10 White','Gungahlin Storm','Gungahlin Storm','N','N',''),('Open U10 White','Gungahlin Storm','Gungahlin Storm',NULL,'Y',NULL),('Open U12 Division 3 Gold','Gungahlin Storm','Gungahlin Storm',NULL,'Y',NULL),('Open U11 Green','Gungahlin Strikers','Gungahlin Strikers','N','N',NULL),('U8','Gungahlin Strikers','Gungahlin Strikers','Y',NULL,NULL),('U8C','Gungahlin Strikers','Gungahlin Strikers','N','N','U8C'),('U9','Gungahlin Strikers','Gungahlin Strikers','Y',NULL,NULL),('U9B','Gungahlin Strikers','Gungahlin Strikers','Y','Y',NULL),('Open U12 Division 1','Gungahlin Thunder','Gungahlin Thunder','N','N','Open U12 Division 1'),('U8','Gungahlin Thunder','Gungahlin Thunder','Y',NULL,NULL),('U8B','Gungahlin Thunder','Gungahlin Thunder','N','N','U8B'),('U9','Gungahlin Thunder','Gungahlin Thunder','Y',NULL,NULL),('U9C','Gungahlin Thunder','Gungahlin Thunder','Y','Y',NULL),('U9D','Gungahlin Thunder','Gungahlin Thunder','Y','Y',NULL),('Open U10 Red','Gungahlin Tornadoes','Gungahlin Tornadoes','N','N','Open U10 Red'),('U9','Gungahlin Tornadoes','Gungahlin Tornadoes','Y',NULL,NULL),('U9C','Gungahlin Tornadoes','Gungahlin Tornadoes','Y','Y',NULL),('U9D','Gungahlin Tornadoes','Gungahlin Tornadoes','Y','Y',NULL),('U9','Gungahlin Turtles','Gungahlin Turtles','Y',NULL,NULL),('U9C','Gungahlin Turtles','Gungahlin Turtles','Y','Y',NULL),('Open U12 Division 3 Blue','Gungahlin Typhoons','Gungahlin Typhoons','N','N','Open U12 Division 3 Blue'),('Mens Division 4','Gungahlin United - Div 4','Gungahlin United - Div 4',NULL,'Y',NULL),('Open U10 Black','Gungahlin United Falcons','Gungahlin United Falcons','','Y','Open U10 Black'),('Girls U13 Division 1','Gungahlin United FC','Gungahlin United FC','N','Y','Girls U13 Division 1'),('Girls U14 Division 1','Gungahlin United FC','Gungahlin United FC','N','Y',NULL),('Girls U16 Division 2','Gungahlin United FC','Gungahlin United FC','N','N','Girls U16 Division 2'),('Girls U18 Division 1','Gungahlin United FC','Gungahlin United FC','N','N','Girls U18 Division 1'),('Mens Division 7','Gungahlin United FC','Gungahlin United FC',NULL,'Y',NULL),('Mens Division 8','Gungahlin United FC','Gungahlin United FC',NULL,'Y',NULL),('Open U13 Division 1','Gungahlin United FC','Gungahlin United FC','N','N','Open U13 Division 1'),('Open U13 Division 2 Gold','Gungahlin United FC','Gungahlin United FC',NULL,'Y',NULL),('Open U13 Division 3','Gungahlin United FC','Gungahlin United FC','N','N','Open U13 Division 3'),('Open U14 Division 1','Gungahlin United FC','Gungahlin United FC','N','N',NULL),('Open U14 Division 2 Blue','Gungahlin United FC','Gungahlin United FC','N','N','Open U14 Division 2 Blue'),('Open U14 Division 3','Gungahlin United FC','Gungahlin United FC','N','N','Open U14 Division 3'),('Open U15 Division 1','Gungahlin United FC','Gungahlin United FC','N','N',''),('Open U15 Division 2','Gungahlin United FC','Gungahlin United FC','N','N','Open U15 Division 2'),('Open U16 Division 1','Gungahlin United FC','Gungahlin United FC','N','N',NULL),('Open U16 Division 2','Gungahlin United FC','Gungahlin United FC','N','N',NULL),('Open U16 Division 2 Gold','Gungahlin United FC','Gungahlin United FC','N','N','Open U16 Division 2 Gold'),('Open U18 Division 1','Gungahlin United FC','Gungahlin United FC',NULL,'Y',NULL),('Girls U14 Division 2','Gungahlin United FC - Div 3','Gungahlin United FC - Div 3',NULL,'Y','Girls U14 Division 2'),('Open U15 Division 3','Gungahlin United FC Blue','Gungahlin United FC Blue',NULL,'Y','Open U15 Division 3'),('Open U15 Division 3','Gungahlin United FC Gold','Gungahlin United FC Gold','N','N','Open U15 Division 3'),('Open U10 Blue','Gungahlin United Griffins','Gungahlin United Griffins','N','N',NULL),('Open U10 Green','Gungahlin United Phoenix','Gungahlin United Phoenix','N','N','Open U10 Green'),('U8','Gungahlin Vipers','Gungahlin Vipers','Y',NULL,NULL),('U8B','Gungahlin Vipers','Gungahlin Vipers','N','N','U8B'),('MiniRoos Open U10 Blue','Gungahlin Warriors','Gungahlin Warriors','N','N',''),('Open U10 Blue','Gungahlin Warriors','Gungahlin Warriors',NULL,'Y',NULL),('U9','Gungahlin Warriors','Gungahlin Warriors','Y',NULL,NULL),('U9A','Gungahlin Warriors','Gungahlin Warriors','Y','Y',NULL),('U9','Gungahlin Whales','Gungahlin Whales','Y',NULL,NULL),('U9C','Gungahlin Whales','Gungahlin Whales','Y','Y',NULL),('U9D','Gungahlin Whales','Gungahlin Whales','Y','Y',NULL),('Girls U11 White','Gungahlin Whirlwinds','Gungahlin Whirlwinds',NULL,'Y',NULL),('Open U10 Blue','Gungahlin Whitetails','Gungahlin Whitetails',NULL,'Y',NULL),('Open U11 Black','Majura Blades','Majura Blades',NULL,'N',NULL),('Girls U14 Division 2','Majura FC','Majura FC','N','N','Girls U14 Division 2'),('Open U15 Division 2','Majura FC','Majura FC','N','N','Open U15 Division 2'),('Open U13 Division 1','Majura Fury','Majura Fury','N','N','Open U13 Division 1'),('Open U10 Red','Majura Glory','Majura Glory','N','N','Open U10 Red'),('Open U11 Green','Majura Gunners','Majura Gunners','N','N',NULL),('Girls U13 Division 1','Majura Magic','Majura Magic','N','N','Girls U13 Division 1'),('U12','Majura Martas','Majura Martas',NULL,'N',NULL),('Girls U12 Division 2','Majura Matildas','Majura Matildas','N','N',''),('Girls U18 Division 1','Majura Olympic - Div 1','Majura Olympic - Div 1','N','N','Girls U18 Division 1'),('MiniRoos Open U10 White','Majura Roar','Majura Roar','N','N',''),('Open U11 Yellow','Majura Spurs','Majura Spurs','N','N','Open U11 Yellow'),('MiniRoos Open U10 Red','Majura Victory','Majura Victory','N','N',''),('Open U12 Division 1','Marist FC','Marist FC','N','N','Open U12 Division 1'),('Open U12 Division 3 Blue','Marist FC','Marist FC','N','N','Open U12 Division 3 Blue'),('Open U13 Division 1','Marist FC','Marist FC','N','N','Open U13 Division 1'),('U15','Marist FC','Marist FC',NULL,'N',NULL),('Open U18 Division 1','Marist FC 1st XI','Marist FC 1st XI','N','N','Open U18 Division 1'),('Open U11 Blue','Marist FC Royal','Marist FC Royal','N','N','Open U11 Blue'),('MiniRoos Open U10 Yellow','Marist FC Sky','Marist FC Sky','N','N',''),('Miniroos Open U11 Black','Marist FC Sky','Marist FC Sky','N','N',''),('MDIV9','Mens Div 9','Mens Div 9',NULL,NULL,NULL),('Open U10 Green','Monaro Panthers Black','Monaro Panthers Black','N','N','Open U10 Green'),('Girls U13 Division 1','Monaro Panthers FC','Monaro Panthers FC','N','N','Girls U13 Division 1'),('Open U11 Blue','Monaro Panthers FC','Monaro Panthers FC','N','N','Open U11 Blue'),('Open U14 Division 1','Monaro Panthers FC','Monaro Panthers FC','N','N',NULL),('Open U16 Division 2','Monaro Panthers FC','Monaro Panthers FC','N','N',NULL),('U11','Monaro Panthers FC','Monaro Panthers FC','N','N',NULL),('Open U10 Yellow','Monaro Panthers Grey','Monaro Panthers Grey',NULL,NULL,'Open U10 Yellow'),('Open U10 Blue','Monaro Panthers White','Monaro Panthers White','N','N','Open U10 Blue'),('U10','Monaro Panthers White','Monaro Panthers White',NULL,'N',NULL),('NPL','NPL First Grade','NPL First Grade',NULL,NULL,NULL),('Open U16 Division 1','NTC','NTC',NULL,'N',NULL),('Open U10 Blue','Palerang United FC','Palerang United FC','N','N',NULL),('Girls MiniRoos','Pink All Stars','Pink All Stars','Y',NULL,NULL),('Girls MiniRoos','Pink Strikers','Pink Strikers','Y',NULL,NULL),('Girls MiniRoos','Purple Ponies','Purple Ponies','Y',NULL,NULL),('Open U14 Division 2 Blue','Queanbeyan City FC','Queanbeyan City FC',NULL,NULL,'Open U14 Division 2 Blue'),('Open U12 Division 2 Gold','Radford College','Radford College','N','N','Open U12 Division 2 Gold'),('Open U13 Division 1','Radford College','Radford College','N','N','Open U13 Division 1'),('Open U15 Division 3','Radford College','Radford College','N','N','Open U15 Division 3'),('Open U16 Division 2','Radford College','Radford College','N','N','Open U16 Division 2'),('U16','Radford College','Radford College',NULL,'N',NULL),('U11','Radford Lions',NULL,NULL,'N',NULL),('Open U10 Green','Radford Raptors','Radford Raptors','N','N','Open U10 Green'),('U9C','Radford Warriors','Radford Warriors','Y','N',NULL),('U9D','Radford Warriors','Radford Warriors','Y','N',NULL),('U9B','Radford Wolves','Radford Wolves','Y','N',NULL),('Open U12 Division 1','Real Majura','Real Majura','N','N','Open U12 Division 1'),('SEN','Seniors','Seniors',NULL,NULL,NULL),('Open U10 White','St Edmunds Blues','St Edmunds Blues','N','N',''),('Open U16 Division 2 Gold','St Edmunds Blues','St Edmunds Blues','N','N','Open U16 Division 2 Gold'),('U11','St Edmunds Blues',NULL,NULL,'N',NULL),('U15','St Edmunds Blues','St Edmunds Blues',NULL,'N',NULL),('Open U10 Yellow','St Edmunds Whites','St Edmunds Whites','N','N','Open U10 Yellow'),('Girls MiniRoos','Swifts','Swifts','Y',NULL,NULL),('TBA','TBA','TBA',NULL,NULL,NULL),('U12','Tuggeranong UDA','Tuggeranong UDA',NULL,'N',NULL),('Open U12 Division 1','Tuggeranong United Development Academy','Tuggeranong United Development Academy','N','N','Open U12 Division 1'),('Open U14 Division 1','Tuggeranong United Development Academy','Tuggeranong United Development Academy','N','N','Open U14 Division 1'),('Open U10 Green','Tuggeranong United FC','Tuggeranong United FC','N','N','Open U10 Green'),('Open U12 Division 1','Tuggeranong United FC','Tuggeranong United FC','N','N','Open U12 Division 1'),('Open U12 Division 3 Blue','Tuggeranong United FC','Tuggeranong United FC','N','N','Open U12 Division 3 Blue'),('Open U13 Division 2 Gold','Tuggeranong United FC','Tuggeranong United FC','N','N',''),('Open U14 Division 3','Tuggeranong United FC','Tuggeranong United FC','N','N','Open U14 Division 3'),('Open U15 Division 2','Tuggeranong United FC','Tuggeranong United FC',NULL,NULL,'Open U15 Division 2'),('U10','Tuggeranong United FC','Tuggeranong United FC',NULL,'N',''),('U11','Tuggeranong United FC',NULL,NULL,'N',NULL),('Girls U11 White','Tuggeranong United Matildas','Tuggeranong United Matildas\r\n',NULL,'N',NULL),('U10','U10 Black Gungahlin Eagles','U10 Black Gungahlin Eagles',NULL,'Y','Open U10 Black'),('U10','U10 Black Gungahlin Falcons','U10 Black Gungahlin Falcons',NULL,'Y','Open U10 Black'),('U10','U10 Blue Gungahlin Griffins','U10 Blue Gungahlin Griffins',NULL,'Y','Open U10 Blue'),('U10','U10 Blue Gungahlin Warriors','U10 Blue Gungahlin Warriors',NULL,'Y','Open U10 Blue'),('U10','U10 Blue Gungahlin Whitetails','U10 Blue Gungahlin Whitetails',NULL,'Y','Open U10 Blue'),('U10','U10 Green Gungahlin Griffins','U10 Green Gungahlin Griffins',NULL,'Y','Open U10 Green'),('U10','U10 Green Gungahlin Phoenix','U10 Green Gungahlin Phoenix',NULL,'Y','Open U10 Green'),('U10','U10 Green Gungahlin Roar','U10 Green Gungahlin Roar',NULL,'Y','Open U10 Green'),('U10','U10 Red Gungahlin Blizzard','U10 Red Gungahlin Blizzard',NULL,'Y','Open U10 Red'),('U10','U10 Red Gungahlin Tornadoes','U10 Red Gungahlin Tornadoes',NULL,'Y','Open U10 Red'),('U10','U10 White Gungahlin Cyclones','U10 White Gungahlin Cyclones',NULL,'Y','Open U10 White'),('U10','U10 White Gungahlin Gazelles','U10 White Gungahlin Gazelles',NULL,'Y','Open U10 White'),('U10','U10 White Gungahlin Storm','U10 White Gungahlin Storm',NULL,'Y','Open U10 White'),('U11','U11 Black Gungahlin Force','U11 Black Gungahlin Force',NULL,NULL,NULL),('U11','U11 Black Gungahlin Power','U11 Black Gungahlin Power',NULL,NULL,NULL),('U11','U11 Blue Gungahlin Fury','U11 Blue Gungahlin Fury',NULL,NULL,'Open U11 Blue'),('U11','U11 Blue Gungahlin Glory','U11 Blue Gungahlin Glory',NULL,NULL,NULL),('U11','U11 Green Gungahlin Strikers','U11 Green Gungahlin Strikers',NULL,NULL,NULL),('U11','U11 Red Gungahlin Gladiators','U11 Red Gungahlin Gladiators',NULL,NULL,NULL),('U11','U11 Red Gungahlin Guards','U11 Red Gungahlin Guards',NULL,NULL,NULL),('U11','U11 White Great Whites','U11 White Great Whites',NULL,NULL,NULL),('U11','U11 White Gungahlin Galaxy','U11 White Gungahlin Galaxy',NULL,NULL,NULL),('U11','U11 White Gungahlin Gunners','U11 White Gungahlin Gunners',NULL,NULL,NULL),('U11','U11 White Gungahlin Whirlwinds','U11 White Gungahlin Whirlwinds',NULL,NULL,NULL),('U12','U12 Div 1 Lightning','U12 Div 1 Lightning',NULL,NULL,NULL),('U12','U12 Div 1 Thunder','U12 Div 1 Thunder',NULL,NULL,NULL),('U12','U12 Div 2 Cyclones','U12 Div 2 Cyclones',NULL,NULL,NULL),('U12','U12 Div 2 Girls','U12 Div 2 Girls',NULL,NULL,NULL),('U12','U12 Div 3 Hurricanes','U12 Div 3 Hurricanes',NULL,NULL,NULL),('U12','U12 Div 3 Storm','U12 Div 3 Storm',NULL,NULL,NULL),('U12','U12 Div 3 Typhoons','U12 Div 3 Typhoons',NULL,NULL,NULL),('U12','U12 NPL','U12 NPL',NULL,NULL,NULL),('U13','U13 Div 1 Boys','U13 Div 1 Boys',NULL,'Y',NULL),('U13','U13 Div 1 Girls','U13 Div 1 Girls',NULL,'Y',NULL),('U13','U13 Div 2 Boys','Gungahlin United FC',NULL,'Y','Open U13 Division 2 Gold'),('U13','U13 Div 3 Boys','Gungahlin United FC',NULL,'Y','Open U13 Division 3'),('U14','U14 Div 1 Boys','U14 Div 1 Boys',NULL,NULL,NULL),('U14','U14 Div 1 Girls','U14 Div 1 Girls',NULL,NULL,NULL),('U14','U14 Div 2 Boys','U14 Div 2 Boys',NULL,NULL,NULL),('U14','U14 Div 3 Boys','U14 Div 3 Boys',NULL,NULL,NULL),('U14','U14 Div 3 Girls','U14 Div 3 Girls',NULL,NULL,NULL),('U14','U14 Premier League','U14 Premier League',NULL,NULL,NULL),('U15','U15 Div 1 Boys','U15 Div 1 Boys',NULL,NULL,NULL),('U15','U15 Div 2 Boys','U15 Div 2 Boys',NULL,NULL,NULL),('U15','U15 Div 3 Boys Blue','U15 Div 3 Boys Blue',NULL,NULL,NULL),('U15','U15 Div 3 Boys Gold','U15 Div 3 Boys Gold',NULL,NULL,NULL),('U16','U16 Boys Premier League','U16 Boys Premier League',NULL,NULL,NULL),('U16','U16 Div 1 Boys','U16 Div 1 Boys',NULL,NULL,NULL),('U16','U16 Div 2 Boys','U16 Div 2 Boys',NULL,NULL,NULL),('U16','U16 Div 2 Girls','U16 Div 2 Girls',NULL,NULL,NULL),('U17','U17 WPL','U17 WPL',NULL,NULL,NULL),('U18','U18 Boys Premier League','U18 Boys Premier League',NULL,NULL,NULL),('U18','U18 Div 1 Boys','U18 Div 1 Boys',NULL,NULL,NULL),('U18','U18 Div 2 Girls','U18 Div 2 Girls',NULL,NULL,NULL),('U19','U19 WPL','U19 WPL',NULL,NULL,NULL),('U20','U20 Boys Premier League','U20 Boys Premier League',NULL,NULL,NULL),('U5','U5 Blues Clues','U5 Blues Clues','Y',NULL,NULL),('U5','U5 Cheetahs','U5 Cheetahs','Y',NULL,NULL),('U5','U5 Dinosaurs','U5 Dinosaurs','Y',NULL,NULL),('U5','U5 Emus','U5 Emus','Y',NULL,NULL),('U5','U5 Frogs','U5 Frogs','Y',NULL,NULL),('U5','U5 Giraffes','U5 Giraffes','Y',NULL,NULL),('U5','U5 Little Diggers','U5 Little Diggers','Y',NULL,NULL),('U5','U5 Pandas','U5 Pandas','Y',NULL,NULL),('U5','U5 Snow White','U5 Snow White','Y',NULL,NULL),('U5','U5 Soccer Stars','U5 Soccer Stars','Y',NULL,NULL),('U5','U5 Strikers','U5 Strikers','Y',NULL,NULL),('U5','U5 Tigers','U5 Tigers','Y',NULL,NULL),('U5','U5 Tinkerbell','U5 Tinkerbell','Y',NULL,NULL),('U5','U5 Wombats','U5 Wombats','Y',NULL,NULL),('U6','U6 Bullseye','U6 Bullseye','Y',NULL,NULL),('U6','U6 Buzz Lightyear','U6 Buzz Lightyear','Y',NULL,NULL),('U6','U6 Cobras','U6 Cobras','Y',NULL,NULL),('U6','U6 Goofy','U6 Goofy','Y',NULL,NULL),('U6','U6 Happy Feet','U6 Happy Feet','Y',NULL,NULL),('U6','U6 Hulks','U6 Hulks','Y',NULL,NULL),('U6','U6 Lion Cubs','U6 Lion Cubs','Y',NULL,NULL),('U6','U6 Mater','U6 Mater','Y',NULL,NULL),('U6','U6 Pluto','U6 Pluto','Y',NULL,NULL),('U6','U6 Scarecrows','U6 Scarecrows','Y',NULL,NULL),('U6','U6 Skylanders','U6 Skylanders','Y',NULL,NULL),('U6','U6 Starfish','U6 Starfish','Y',NULL,NULL),('U6','U6 Strikers','U6 Strikers','Y',NULL,NULL),('U6','U6 Tarzans','U6 Tarzans','Y',NULL,NULL),('U6','U6 Toy Story','U6 Toy Story','Y',NULL,NULL),('U6','U6 Transformers','U6 Transformers','Y',NULL,NULL),('U6','U6 Woody','U6 Woody','Y',NULL,NULL),('U7','U7 Alladins','U7 Alladins','Y',NULL,NULL),('U7','U7 Bugs Life','U7 Bugs Life','Y',NULL,NULL),('U7','U7 Bumble Bees','U7 Bumble Bees','N',NULL,NULL),('U7','U7 Bunnies','U7 Bunnies','Y',NULL,NULL),('U7','U7 Chicken Little','U7 Chicken Little','Y',NULL,NULL),('U7','U7 Dinosaurs','U7 Dinosaurs','Y',NULL,NULL),('U7','U7 Galaxy','U7 Galaxy','Y',NULL,NULL),('U7','U7 Incredibles','U7 Incredibles','Y',NULL,NULL),('U7','U7 Invaders','U7 Invaders','Y',NULL,NULL),('U7','U7 Lightning Bolts','U7 Lightning Bolts','Y',NULL,NULL),('U7','U7 Lightning McQueen','U7 Lightning McQueen','Y',NULL,NULL),('U7','U7 Lion Cubs','U7 Lion Cubs','Y',NULL,NULL),('U7','U7 Lion King','U7 Lion King','Y',NULL,NULL),('U7','U7 Mater','U7 Mater','Y',NULL,NULL),('U7','U7 Minnie Mouse','U7 Minnie Mouse','N',NULL,NULL),('U7','U7 Monsters Inc','U7 Monsters Inc','Y',NULL,NULL),('U7','U7 Ninjas','U7 Ninjas','Y',NULL,NULL),('U7','U7 Pink Strikers','U7 Pink Strikers','N',NULL,NULL),('U7','U7 Purple Ponies','U7 Purple Ponies','N',NULL,NULL),('U7','U7 Raptors','U7 Raptors','Y',NULL,NULL),('U7','U7 Rockets','U7 Rockets','Y',NULL,NULL),('U7','U7 Sharks','U7 Sharks','Y',NULL,NULL),('U7','U7 Spiders','U7 Spiders','Y',NULL,NULL),('U7','U7 Spirits','U7 Spirits','Y',NULL,NULL),('U7','U7 Strikers','U7 Strikers','Y',NULL,NULL),('U7','U7 Tarzan','U7 Tarzan','Y',NULL,NULL),('U7','U7 Tigers','U7 Tigers','Y',NULL,NULL),('U8','U8 All Stars','U8 All Stars','N',NULL,NULL),('U8','U8 Bandicoots','U8 Bandicoots','N',NULL,NULL),('U8','U8 Bears','U8 Bears','N',NULL,NULL),('U8','U8 Butterflys','U8 Butterflys','N',NULL,NULL),('U8','U8 Cheetahs','U8 Cheetahs','N',NULL,NULL),('U8','U8 Dinosaurs','U8 Dinosaurs','N',NULL,NULL),('U8','U8 Emus','U8 Emus','N',NULL,NULL),('U8','U8 Guards','U8 Guards','N',NULL,NULL),('U8','U8 Kangaroos','U8 Kangaroos','N',NULL,NULL),('U8','U8 Monkeys','U8 Monkeys','N',NULL,NULL),('U8','U8 Penguins','U8 Penguins','N',NULL,NULL),('U8','U8 Pink All Stars','U8 Pink All Stars','N',NULL,NULL),('U8','U8 Sharks','U8 Sharks','N',NULL,NULL),('U8','U8 Spiders','U8 Spiders','N',NULL,NULL),('U8','U8 Stingrays','U8 Stingrays',NULL,NULL,NULL),('U8','U8 Strikers','U8 Strikers',NULL,NULL,NULL),('U8','U8 Thunder','U8 Thunder',NULL,NULL,NULL),('U8','U8 Vipers','U8 Vipers',NULL,NULL,NULL),('U9','U9 All Stars','U9 All Stars',NULL,NULL,NULL),('U9','U9 Butterflys','U9 Butterflys',NULL,NULL,NULL),('U9','U9 Crabs','U9 Crabs',NULL,NULL,NULL),('U9','U9 Dolphins','U9 Dolphins',NULL,NULL,NULL),('U9','U9 Force','U9 Force',NULL,NULL,NULL),('U9','U9 Hurricanes','U9 Hurricanes',NULL,NULL,NULL),('U9','U9 Lightning','U9 Lightning',NULL,NULL,NULL),('U9','U9 Octopus','U9 Octopus',NULL,NULL,NULL),('U9','U9 Redbacks','U9 Redbacks',NULL,NULL,NULL),('U9','U9 Sea Lions','U9 Sea Lions',NULL,NULL,NULL),('U9','U9 Strikers','U9 Strikers',NULL,NULL,NULL),('U9','U9 Swifts','U9 Swifts',NULL,NULL,NULL),('U9','U9 Thunder','U9 Thunder',NULL,NULL,NULL),('U9','U9 Tornadoes','U9 Tornadoes',NULL,NULL,NULL),('U9','U9 Turtles','U9 Turtles',NULL,NULL,NULL),('U9','U9 Whales','U9 Whales',NULL,NULL,NULL),('Girls MiniRoos','Unicorns','Unicorns','Y',NULL,NULL),('Open U10 White','Weston Molonglo All Stars','Weston Molonglo All Stars','N','N','Open U10 White'),('Open U10 Red','Weston Molonglo Barbarians','Weston Molonglo Barbarians','N','N','Open U10 Red'),('Girls U10 White','Weston Molonglo Black','Weston Molonglo Black','N','N','Girls U10 White'),('Open U11 White','Weston Molonglo Falcons','Weston Molonglo Falcons','N','N','Open U11 White'),('Girls U14 Division 2','Weston Molonglo FC','Weston Molonglo FC','N','N','Girls U14 Division 2'),('Girls U16 Division 2','Weston Molonglo FC','Weston Molonglo FC',NULL,'N','Girls U16 Division 2'),('Open U10 Red','Weston Molonglo FC','Weston Molonglo FC','N','N','Open U10 Red'),('Open U14 Division 2 Blue','Weston Molonglo FC','Weston Molonglo FC','N','N','Open U14 Division 2 Blue'),('Open U16 Division 1','Weston Molonglo FC','Weston Molonglo FC','N','N',''),('U10','Weston Molonglo FC','Weston Molonglo FC',NULL,'N','Open U10 Blue'),('Open U11 Blue','Weston Molonglo Jaguars','Weston Molonglo Jaguars',NULL,'N','Open U11 Blue'),('Girls U11 White','Weston Molonglo Leopards','Weston Molonglo Leopards','N','N',''),('MiniRoos Girl U11 White','Weston Molonglo Leopards','Weston Molonglo Leopards','N','N',''),('MiniRoos Open U11 Yellow','Weston Molonglo Leopards','Weston Molonglo Leopards','N','N',''),('Open U12 Division 2 Gold','Weston Molonglo Tigers','Weston Molonglo Tigers',NULL,'N',NULL),('Open U18 Division 1','Woden Valley Eagles','Woden Valley Eagles',NULL,'N',NULL),('Open U15 Division 3','Woden Valley Hammers','Woden Valley Hammers','N','N','Open U15 Division 3'),('Open U12 Division 3 Gold','Woden Valley Hurricanes','Woden Valley Hurricanes','N','N',''),('Open U10 Black','Woden Valley Lightning','Woden Valley Lightning','N','N','Open U10 Black'),('Open U12 Division 3 Blue','Woden Valley Lightning','Woden Valley Lightning',NULL,NULL,'Open U12 Division 3 Blue'),('Open U16 Division 1','Woden Valley Rivals','Woden Valley Rivals','N','N',NULL),('Open U10 Black','Woden Valley Roar','Woden Valley Roar','N','N','Open U10 Black'),('Open U11 Black','Woden Valley Ronans','Woden Valley Ronans','N','N','Open U11 Black'),('Girls U11 White','Woden Valley Spurs','Woden Valley Spurs','N','N','Girls U11 White'),('Girls U16 Division 2','Woden Valley Spurs','Woden Valley Spurs','N','N','Girls U16 Division 2'),('Open U14 Division 2 Blue','Woden Valley Spurs','Woden Valley Spurs','N','N','Open U14 Division 2 Blue'),('Girls U14 Division 1','Woden Valley United','Woden Valley United','N','N',NULL),('Open U11 Red','Woden Valley United','Woden Valley United','N','N','Open U11 Red'),('Open U12 Division 1','Woden Valley United','Woden Valley United',NULL,'N','Open U12 Division 1'),('Open U10 Black','Woden Valley Wanderers','Woden Valley Wanderers','N','N','Open U10 Black'),('Open U11 Yellow','Woden Valley Wanderers','Woden Valley Wanderers',NULL,'N',NULL),('Open U11 White','Woden Valley Warriors','Woden Valley Warriors','N','N','Open U11 White'),('Open U11 White','Woden Valley Wizards','Woden Valley Wizards','N','N','Open U11 White'),('Open U10 Yellow','Woden Valley Wolves','Woden Valley Wolves','N','N','Open U10 Yellow'),('WPL','WPL First Grade','WPL First Grade',NULL,NULL,NULL),('Open U13 Division 2 Gold','Yass Redbacks','Yass Redbacks','N','N','Open U13 Division 2 Gold'),('U12','Yass Redbacks','Yass Redbacks',NULL,'N',NULL),('U8A','Yass Redbacks','Yass Redbacks','N','N','U8A'),('U9A','Yass Redbacks','Yass Redbacks','Y','N',NULL),('U9B','Yass Spiders','Yass Spiders','Y','N',NULL);
/*!40000 ALTER TABLE `team` ENABLE KEYS */;
UNLOCK TABLES;
/*!40103 SET TIME_ZONE=@OLD_TIME_ZONE */;

/*!40101 SET SQL_MODE=@OLD_SQL_MODE */;
/*!40014 SET FOREIGN_KEY_CHECKS=@OLD_FOREIGN_KEY_CHECKS */;
/*!40014 SET UNIQUE_CHECKS=@OLD_UNIQUE_CHECKS */;
/*!40101 SET CHARACTER_SET_CLIENT=@OLD_CHARACTER_SET_CLIENT */;
/*!40101 SET CHARACTER_SET_RESULTS=@OLD_CHARACTER_SET_RESULTS */;
/*!40101 SET COLLATION_CONNECTION=@OLD_COLLATION_CONNECTION */;
/*!40111 SET SQL_NOTES=@OLD_SQL_NOTES */;

-- Dump completed on 2017-05-05 12:03:28
